dssp_index,Protein_id,chain,aa,eight_hot_ss,three_hot_ss,rsa,phi,psi,test_interaction_score
1,1FZC_1_2,A,I,-,C,0.6923076923076923,360.0,-45.4,0.8724811578577224
2,1FZC_1_2,A,E,I,H,0.6649484536082474,-47.0,-56.7,0.8388213718324865
3,1FZC_1_2,A,V,I,H,0.6338028169014085,-65.8,15.6,0.7921654875354571
4,1FZC_1_2,A,L,I,H,0.3109756097560975,-142.7,-121.7,0.13121666233996385
5,1FZC_1_2,A,K,I,H,0.2780487804878049,-34.9,-24.3,0.09801192051706355
6,1FZC_1_2,A,R,I,H,0.4233870967741935,-81.8,-43.6,0.31731706856630065
7,1FZC_1_2,A,K,H,H,0.3219512195121951,-64.3,-32.1,0.144242910521836
8,1FZC_1_2,A,V,H,H,0.0845070422535211,-61.8,-58.5,0.015444617693244688
9,1FZC_1_2,A,I,H,H,0.5680473372781065,-51.4,-41.0,0.6638443411141003
10,1FZC_1_2,A,E,H,H,0.3298969072164948,-57.3,-37.5,0.15433066794186945
11,1FZC_1_2,A,K,H,H,0.0926829268292682,-82.1,-39.2,0.016738383477629074
12,1FZC_1_2,A,V,H,H,0.3732394366197183,-53.2,-34.2,0.21966740360480913
13,1FZC_1_2,A,Q,H,H,0.4747474747474747,-72.2,-32.9,0.43720204630561754
14,1FZC_1_2,A,H,H,H,0.2989130434782608,-73.1,-31.4,0.11806640275328015
15,1FZC_1_2,A,I,H,H,0.0650887573964497,-70.0,-40.7,0.012753519958854547
16,1FZC_1_2,A,Q,H,H,0.4343434343434343,-63.7,-33.9,0.34151151059747936
17,1FZC_1_2,A,L,H,H,0.5365853658536586,-68.0,-55.3,0.5904566975056744
18,1FZC_1_2,A,L,H,H,0.0121951219512195,-49.6,-51.6,0.007554349352109933
19,1FZC_1_2,A,Q,H,H,0.005050505050505,-47.3,-58.9,0.007037115364564376
20,1FZC_1_2,A,K,H,H,0.424390243902439,-56.3,-42.5,0.3194941269337905
21,1FZC_1_2,A,N,H,H,0.2929936305732484,-61.1,-47.9,0.11204070161168855
22,1FZC_1_2,A,V,H,H,0.0,-71.8,-23.6,0.0066928509242848554
23,1FZC_1_2,A,R,H,H,0.3870967741935484,-62.1,-46.2,0.244339738465597
24,1FZC_1_2,A,A,H,H,0.4811320754716981,-70.1,-30.5,0.4529696288424515
25,1FZC_1_2,A,Q,H,H,0.005050505050505,-77.7,-28.6,0.007037115364564376
26,1FZC_1_2,A,L,H,H,0.0060975609756097,-62.9,-40.8,0.007110658312633755
27,1FZC_1_2,A,V,H,H,0.1056338028169014,-64.4,-49.5,0.01900879044166859
28,1FZC_1_2,A,D,H,H,0.3251533742331288,-53.5,-42.1,0.1482407522071227
29,1FZC_1_2,A,M,H,H,0.0,-71.3,-39.0,0.0066928509242848554
30,1FZC_1_2,A,K,H,H,0.024390243902439,-63.6,-42.4,0.008525787363087997
31,1FZC_1_2,A,R,H,H,0.1975806451612903,-64.6,-32.1,0.04634477950571312
32,1FZC_1_2,A,L,H,H,0.024390243902439,-76.1,-38.9,0.008525787363087997
33,1FZC_1_2,A,E,H,H,0.1185567010309278,-60.8,-42.4,0.021574491462927645
34,1FZC_1_2,A,V,H,H,0.0845070422535211,-71.9,-47.9,0.015444617693244688
35,1FZC_1_2,A,D,H,H,0.0674846625766871,-56.1,-42.9,0.013058733663543333
36,1FZC_1_2,A,I,H,H,0.0059171597633136,-68.2,-37.3,0.007097933130732629
37,1FZC_1_2,A,D,H,H,0.1165644171779141,-61.4,-45.1,0.021157923942403793
38,1FZC_1_2,A,I,H,H,0.1005917159763313,-65.3,-42.7,0.01809102164972365
39,1FZC_1_2,A,K,H,H,0.0585365853658536,-69.8,-35.2,0.011954344400391396
40,1FZC_1_2,A,I,H,H,0.0177514792899408,-65.8,-44.4,0.007982530848068568
41,1FZC_1_2,A,R,H,H,0.1975806451612903,-59.9,-41.7,0.04634477950571312
42,1FZC_1_2,A,S,T,C,0.0538461538461538,-66.5,-1.5,0.01141283225804877
43,1FZC_1_2,A,C,T,C,0.0074074074074074,-93.3,-11.9,0.007203734315945203
44,1FZC_1_2,A,R,T,C,0.5967741935483871,-55.1,-32.9,0.7246691889182088
45,1FZC_1_2,A,G,T,C,0.0476190476190476,-84.2,-6.6,0.010731212465450798
46,1FZC_1_2,A,S,T,C,0.1,-117.4,-35.8,0.01798620996209156
47,1FZC_1_2,A,C,B,E,0.0296296296296296,-94.1,157.5,0.008980277039013973
48,1FZC_1_2,A,S,S,C,0.4307692307692308,-50.7,-40.8,0.333519912372473
49,1FZC_1_2,A,R,-,C,0.5040322580645161,-159.8,163.0,0.5100792795310862
50,1FZC_1_2,A,A,-,C,0.1792452830188679,-119.0,141.9,0.03888269515817809
51,1FZC_1_2,A,L,-,C,0.2012195121951219,-57.2,125.2,0.04797985874185797
52,1FZC_1_2,A,A,-,C,0.6792452830188679,-79.0,126.2,0.8572277374627524
53,1FZC_1_2,A,R,-,C,0.1653225806451612,-142.6,169.1,0.03400095630045458
54,1FZC_1_2,A,E,-,C,0.8505154639175257,-140.5,123.2,0.9708340790157264
55,1FZC_1_2,A,V,-,C,0.2957746478873239,-107.3,149.0,0.11483746312626553
56,1FZC_1_2,A,D,-,C,0.6748466257668712,-157.7,116.6,0.8517592477928773
57,1FZC_1_2,A,L,T,C,0.1829268292682926,-79.3,16.7,0.04028211848883116
58,1FZC_1_2,A,K,H,H,0.4390243902439024,-76.1,-45.2,0.3521148373703969
59,1FZC_1_2,A,D,H,H,0.3680981595092024,-59.3,-32.6,0.21098165167892846
60,1FZC_1_2,A,Y,H,H,0.018018018018018,-74.4,-36.5,0.008003665247153274
61,1FZC_1_2,A,E,H,H,0.3402061855670103,-74.9,-34.7,0.16826998494143985
62,1FZC_1_2,A,D,H,H,0.5153374233128835,-64.0,-51.1,0.5382685696237247
63,1FZC_1_2,A,Q,H,H,0.0404040404040404,-60.5,-35.2,0.009991689936208048
64,1FZC_1_2,A,Q,H,H,0.1464646464646464,-71.7,-38.0,0.028322882044303183
65,1FZC_1_2,A,K,H,H,0.7463414634146341,-72.0,-42.9,0.9215369191619964
66,1FZC_1_2,A,Q,H,H,0.398989898989899,-47.7,-51.4,0.2669600833870328
67,1FZC_1_2,A,L,H,H,0.0,-65.7,-38.2,0.0066928509242848554
68,1FZC_1_2,A,E,H,H,0.3144329896907216,-64.4,-32.3,0.13520853541333833
69,1FZC_1_2,A,Q,H,H,0.5404040404040404,-65.4,-49.2,0.5996580223598892
70,1FZC_1_2,A,V,H,H,0.1619718309859155,-61.1,-48.8,0.03291742633104359
71,1FZC_1_2,A,I,H,H,0.1420118343195266,-61.0,-40.9,0.02712283977155138
72,1FZC_1_2,A,A,H,H,0.7075471698113207,-71.6,-53.1,0.8884961998450243
73,1FZC_1_2,A,K,T,C,0.751219512195122,-75.6,35.2,0.9249923335619891
74,1FZC_1_2,A,D,-,C,0.6196319018404908,-105.0,360.0,0.7678693101846205
687,1FZC_1_2,D,I,-,C,0.7218934911242604,360.0,-24.9,0.901937032519872
688,1FZC_1_2,D,E,I,H,0.6649484536082474,-53.5,-65.9,0.8388213718324865
689,1FZC_1_2,D,V,I,H,0.6197183098591549,-54.0,-9.1,0.7680232933991679
690,1FZC_1_2,D,L,I,H,0.3170731707317073,-116.3,-105.2,0.1383254634089161
691,1FZC_1_2,D,K,I,H,0.2439024390243902,-46.4,-41.2,0.07169258560530065
692,1FZC_1_2,D,R,I,H,0.4153225806451613,-63.3,-46.9,0.30010998155237656
693,1FZC_1_2,D,K,H,H,0.2926829268292683,-63.9,-33.7,0.11173196237106037
694,1FZC_1_2,D,V,H,H,0.0492957746478873,-62.6,-48.9,0.010910682821252805
695,1FZC_1_2,D,I,H,H,0.591715976331361,-67.1,-19.4,0.7144630346087735
696,1FZC_1_2,D,E,H,H,0.3041237113402061,-88.0,-5.4,0.12360099398645684
697,1FZC_1_2,D,K,H,H,0.0878048780487804,-104.8,-44.6,0.015954185928725082
698,1FZC_1_2,D,V,H,H,0.3450704225352112,-45.0,-40.9,0.1751880034570593
699,1FZC_1_2,D,Q,H,H,0.4646464646464646,-59.9,-50.5,0.4125253704018182
700,1FZC_1_2,D,H,H,H,0.3315217391304347,-62.2,-20.8,0.15646321075929703
701,1FZC_1_2,D,I,H,H,0.0236686390532544,-81.1,-32.0,0.008465005223470613
702,1FZC_1_2,D,Q,H,H,0.5050505050505051,-77.8,-17.8,0.5126235794300752
703,1FZC_1_2,D,L,H,H,0.5121951219512195,-69.2,-54.1,0.5304500761807918
704,1FZC_1_2,D,L,H,H,0.0060975609756097,-62.0,-35.7,0.007110658312633755
705,1FZC_1_2,D,Q,H,H,0.0151515151515151,-59.7,-45.2,0.0077792564202182855
706,1FZC_1_2,D,K,H,H,0.4097560975609756,-70.7,-39.8,0.2885495351121168
707,1FZC_1_2,D,N,H,H,0.2802547770700637,-58.0,-49.5,0.09997951318895063
708,1FZC_1_2,D,V,H,H,0.0211267605633802,-67.8,-27.1,0.008254300430304179
709,1FZC_1_2,D,R,H,H,0.4274193548387097,-61.4,-48.8,0.3261156464798357
710,1FZC_1_2,D,A,H,H,0.4528301886792453,-62.9,-39.3,0.3842144018176986
711,1FZC_1_2,D,Q,H,H,0.005050505050505,-78.7,-17.8,0.007037115364564376
712,1FZC_1_2,D,L,H,H,0.0121951219512195,-79.5,-33.3,0.007554349352109933
713,1FZC_1_2,D,V,H,H,0.1549295774647887,-75.5,-42.6,0.030747864790870078
714,1FZC_1_2,D,D,H,H,0.3190184049079754,-54.3,-49.8,0.14066037120109526
715,1FZC_1_2,D,M,H,H,0.0,-63.9,-36.0,0.0066928509242848554
716,1FZC_1_2,D,K,H,H,0.024390243902439,-71.0,-33.8,0.008525787363087997
717,1FZC_1_2,D,R,H,H,0.2379032258064516,-72.1,-36.2,0.06780110271743803
718,1FZC_1_2,D,L,H,H,0.024390243902439,-74.4,-31.7,0.008525787363087997
719,1FZC_1_2,D,E,H,H,0.1185567010309278,-65.2,-47.0,0.021574491462927645
720,1FZC_1_2,D,V,H,H,0.0704225352112676,-61.8,-46.4,0.013442839944572649
721,1FZC_1_2,D,D,H,H,0.1595092024539877,-59.0,-42.7,0.03214242994987861
722,1FZC_1_2,D,I,H,H,0.0059171597633136,-67.5,-39.0,0.007097933130732629
723,1FZC_1_2,D,D,H,H,0.0981595092024539,-57.5,-42.5,0.01766399706093518
724,1FZC_1_2,D,I,H,H,0.1183431952662721,-74.6,-38.1,0.02152946846764077
725,1FZC_1_2,D,K,H,H,0.0634146341463414,-72.6,-36.0,0.012544443656305252
726,1FZC_1_2,D,I,H,H,0.0118343195266272,-66.5,-41.1,0.00752734698581835
727,1FZC_1_2,D,R,H,H,0.1612903225806451,-65.2,-37.9,0.032701165076896674
728,1FZC_1_2,D,S,T,C,0.0692307692307692,-73.1,5.3,0.01328569944929433
729,1FZC_1_2,D,C,T,C,0.0074074074074074,-90.9,-5.9,0.007203734315945203
730,1FZC_1_2,D,R,T,C,0.5725806451612904,-70.8,-25.7,0.6738843535201645
731,1FZC_1_2,D,G,T,C,0.0476190476190476,-88.5,-0.5,0.010731212465450798
732,1FZC_1_2,D,S,T,C,0.1153846153846153,-124.8,-42.9,0.020914959270220683
733,1FZC_1_2,D,C,B,E,0.0296296296296296,-98.1,162.3,0.008980277039013973
734,1FZC_1_2,D,S,S,C,0.4461538461538462,-51.7,-25.9,0.3685455401468715
735,1FZC_1_2,D,R,-,C,0.4758064516129032,-172.5,157.2,0.43980943642659553
736,1FZC_1_2,D,A,-,C,0.2169811320754717,-108.5,143.3,0.05571447061191384
737,1FZC_1_2,D,L,-,C,0.2073170731707317,-63.8,127.4,0.05084312067896255
738,1FZC_1_2,D,A,-,C,0.7547169811320755,-74.5,125.4,0.9273831498093086
739,1FZC_1_2,D,R,-,C,0.1411290322580645,-143.9,169.4,0.026890863012123085
740,1FZC_1_2,D,E,-,C,0.8814432989690721,-131.3,142.7,0.9784255085370724
741,1FZC_1_2,D,V,-,C,0.3028169014084507,-128.8,124.4,0.12219235684148949
742,1FZC_1_2,D,D,-,C,0.6257668711656442,-129.8,122.7,0.7786245284324038
743,1FZC_1_2,D,L,S,C,0.1707317073170731,-78.7,0.1,0.035823062712641025
744,1FZC_1_2,D,K,H,H,0.4536585365853658,-56.6,-61.8,0.38617609099236805
745,1FZC_1_2,D,D,H,H,0.4049079754601227,-49.6,-28.7,0.278699790856889
746,1FZC_1_2,D,Y,H,H,0.0135135135135135,-79.3,-41.2,0.007653837345312235
747,1FZC_1_2,D,E,H,H,0.3762886597938144,-73.6,-36.1,0.22493883952491417
748,1FZC_1_2,D,D,H,H,0.5153374233128835,-63.3,-48.8,0.5382685696237247
749,1FZC_1_2,D,Q,H,H,0.0858585858585858,-58.5,-17.1,0.015651486142818367
750,1FZC_1_2,D,Q,H,H,0.1313131313131313,-83.9,-58.9,0.024438136618332742
751,1FZC_1_2,D,K,H,H,0.7365853658536585,-54.7,-50.1,0.9141861388593169
752,1FZC_1_2,D,Q,H,H,0.4898989898989899,-45.5,-60.9,0.47476892390791126
753,1FZC_1_2,D,L,H,H,0.0,-52.2,-44.9,0.0066928509242848554
754,1FZC_1_2,D,E,H,H,0.3247422680412371,-60.6,-48.7,0.14772241749557688
755,1FZC_1_2,D,Q,H,H,0.5505050505050505,-46.9,-73.0,0.623645482503293
756,1FZC_1_2,D,V,H,H,0.1971830985915492,-38.5,-48.6,0.046169392622775376
757,1FZC_1_2,D,I,H,H,0.1242603550295858,-62.0,-42.1,0.02281190852267063
758,1FZC_1_2,D,A,H,H,0.6886792452830188,-64.9,-67.2,0.8683893753154632
759,1FZC_1_2,D,K,-,C,0.7707317073170732,-61.9,40.7,0.9374570295046838
760,1FZC_1_2,D,D,-,C,0.656441717791411,-105.6,360.0,0.8269862758255355
762,1FZC_1_2,E,L,-,C,0.951219512195122,360.0,-87.8,0.989144785165026
763,1FZC_1_2,E,Y,G,H,0.7117117117117117,-85.9,-17.7,0.8925557738621033
764,1FZC_1_2,E,I,G,H,0.4852071005917159,-44.9,-20.7,0.4630850443989767
765,1FZC_1_2,E,D,G,H,0.1104294478527607,-62.1,13.6,0.019923991466583777
766,1FZC_1_2,E,E,G,H,0.5154639175257731,-71.7,-59.8,0.538582937409488
767,1FZC_1_2,E,T,G,H,0.1690140845070422,-37.6,-9.9,0.03523450664410364
768,1FZC_1_2,E,V,G,H,0.0211267605633802,-81.0,-33.3,0.008254300430304179
769,1FZC_1_2,E,N,T,C,0.6178343949044586,-121.6,7.6,0.764649910757206
770,1FZC_1_2,E,S,T,C,0.4461538461538462,-107.3,-90.0,0.3685455401468715
771,1FZC_1_2,E,N,H,H,0.4522292993630573,-57.8,-68.7,0.38279372827888786
772,1FZC_1_2,E,I,H,H,0.0355029585798816,-25.6,-60.3,0.009518344450024387
773,1FZC_1_2,E,P,H,H,0.125,-64.2,-16.2,0.022977369910025615
774,1FZC_1_2,E,T,H,H,0.4577464788732394,-89.3,-46.9,0.39591025578549155
775,1FZC_1_2,E,N,H,H,0.0764331210191082,-40.5,-55.9,0.014263731444848224
776,1FZC_1_2,E,L,H,H,0.048780487804878,-61.2,-15.5,0.010855214834974031
777,1FZC_1_2,E,R,H,H,0.7258064516129032,-84.6,-37.2,0.9053438972710574
778,1FZC_1_2,E,V,H,H,0.2253521126760563,-75.1,-61.1,0.06028581849445303
779,1FZC_1_2,E,L,H,H,0.0,-41.4,-61.7,0.0066928509242848554
780,1FZC_1_2,E,R,H,H,0.2862903225806452,-54.4,-31.5,0.10554315135149023
781,1FZC_1_2,E,S,H,H,0.5384615384615384,-66.6,-63.9,0.5949857935227715
782,1FZC_1_2,E,I,H,H,0.0177514792899408,-46.3,-49.9,0.007982530848068568
783,1FZC_1_2,E,L,H,H,0.0060975609756097,-53.3,-42.2,0.007110658312633755
784,1FZC_1_2,E,E,H,H,0.4587628865979381,-83.9,-11.0,0.3983437042060093
785,1FZC_1_2,E,N,H,H,0.2356687898089172,-82.7,-36.1,0.06640241289188141
786,1FZC_1_2,E,L,H,H,0.0182926829268292,-65.9,-35.1,0.008025502055605578
787,1FZC_1_2,E,R,H,H,0.4233870967741935,-59.0,-35.8,0.31731706856630065
788,1FZC_1_2,E,S,H,H,0.4307692307692308,-84.3,-29.2,0.333519912372473
789,1FZC_1_2,E,K,H,H,0.224390243902439,-67.7,-41.6,0.05974320514913651
790,1FZC_1_2,E,I,H,H,0.0,-54.7,-56.3,0.0066928509242848554
791,1FZC_1_2,E,Q,H,H,0.5151515151515151,-71.5,-22.8,0.537806489073151
792,1FZC_1_2,E,K,H,H,0.5024390243902439,-70.2,-30.8,0.5060972587151367
793,1FZC_1_2,E,L,H,H,0.0182926829268292,-74.4,-38.7,0.008025502055605578
794,1FZC_1_2,E,E,H,H,0.2835051546391752,-63.6,-27.1,0.10294258579242051
795,1FZC_1_2,E,S,H,H,0.4230769230769231,-84.9,-26.1,0.316645529812217
796,1FZC_1_2,E,D,H,H,0.1042944785276073,-71.5,-42.5,0.018760642814080325
797,1FZC_1_2,E,V,H,H,0.0,-68.6,-37.5,0.0066928509242848554
798,1FZC_1_2,E,S,H,H,0.4230769230769231,-71.9,-34.8,0.316645529812217
799,1FZC_1_2,E,A,H,H,0.2641509433962264,-67.4,-35.1,0.08639325895315715
800,1FZC_1_2,E,Q,H,H,0.0,-72.2,-32.0,0.0066928509242848554
801,1FZC_1_2,E,M,H,H,0.202127659574468,-61.2,-38.4,0.04839638740314548
802,1FZC_1_2,E,E,H,H,0.5360824742268041,-67.3,-43.0,0.5892400662335489
803,1FZC_1_2,E,Y,H,H,0.2702702702702703,-60.8,-35.9,0.09134704517536796
804,1FZC_1_2,E,C,T,C,0.0888888888888888,-72.2,12.2,0.016125267845478502
805,1FZC_1_2,E,R,T,C,0.7943548387096774,-80.3,-17.1,0.9499576799190202
806,1FZC_1_2,E,T,S,C,0.5845070422535211,-125.3,151.6,0.699532029769646
807,1FZC_1_2,E,P,B,E,0.5,-93.9,169.3,0.5
808,1FZC_1_2,E,C,-,C,0.1629629629629629,-84.4,150.8,0.033234406826099266
809,1FZC_1_2,E,T,E,E,0.676056338028169,-127.9,153.0,0.8532802055593655
810,1FZC_1_2,E,V,E,E,0.0985915492957746,-131.7,159.1,0.017739121005481896
811,1FZC_1_2,E,S,-,C,0.3615384615384615,-131.3,90.1,0.20026877155592107
812,1FZC_1_2,E,C,-,C,0.0074074074074074,-96.6,87.2,0.007203734315945203
813,1FZC_1_2,E,N,P,P,0.1210191082802547,-58.8,145.6,0.022100451461914118
814,1FZC_1_2,E,I,E,E,0.0414201183431952,-96.3,120.7,0.01009270095481055
815,1FZC_1_2,E,P,E,E,0.088235294117647,-55.3,139.0,0.01602190071775948
816,1FZC_1_2,E,V,S,C,0.0492957746478873,-55.3,-43.8,0.010910682821252805
817,1FZC_1_2,E,V,-,C,0.0633802816901408,-73.1,139.8,0.012540189102350632
818,1FZC_1_2,E,S,-,C,0.2384615384615384,-150.7,170.0,0.06815483191708718
819,1FZC_1_2,E,G,B,E,0.0,-175.3,-163.9,0.0066928509242848554
820,1FZC_1_2,E,K,S,C,0.3804878048780488,-74.4,-34.6,0.23234413070795348
821,1FZC_1_2,E,E,S,C,0.0824742268041237,-165.1,175.9,0.015138531643378184
822,1FZC_1_2,E,C,H,H,0.0,-62.6,-24.1,0.0066928509242848554
823,1FZC_1_2,E,E,H,H,0.1804123711340206,-69.3,-39.5,0.03932120059067185
824,1FZC_1_2,E,E,H,H,0.190721649484536,-69.1,-31.9,0.043405911702022244
825,1FZC_1_2,E,I,H,H,0.0,-69.1,-45.8,0.0066928509242848554
826,1FZC_1_2,E,I,H,H,0.272189349112426,-65.5,-31.6,0.09295247473443428
827,1FZC_1_2,E,R,H,H,0.4677419354838709,-69.5,-25.3,0.4200469539178619
828,1FZC_1_2,E,K,T,C,0.2390243902439024,-89.8,15.0,0.06851316772373948
829,1FZC_1_2,E,G,T,C,0.1904761904761904,101.8,0.3,0.0433041067580565
830,1FZC_1_2,E,G,-,C,0.0833333333333333,-91.0,100.3,0.015267153880374444
831,1FZC_1_2,E,E,-,C,0.6391752577319587,-104.5,-1.2,0.8008718847467097
832,1FZC_1_2,E,T,S,C,0.5563380281690141,-106.3,149.5,0.6372343109050465
833,1FZC_1_2,E,S,-,C,0.1923076923076923,-82.4,120.1,0.04406925572663452
834,1FZC_1_2,E,E,E,E,0.056701030927835,-173.4,-177.8,0.011739469977030554
835,1FZC_1_2,E,M,E,E,0.101063829787234,-68.9,139.7,0.01817507778841466
836,1FZC_1_2,E,Y,E,E,0.027027027027027,-135.4,167.2,0.00875159035598327
837,1FZC_1_2,E,L,E,E,0.048780487804878,-104.0,129.6,0.010855214834974031
838,1FZC_1_2,E,I,E,E,0.0,-121.0,146.5,0.0066928509242848554
839,1FZC_1_2,E,Q,-,C,0.0505050505050505,-125.0,86.1,0.011041958337494755
840,1FZC_1_2,E,P,S,C,0.0514705882352941,-56.0,-43.0,0.011147894691433251
841,1FZC_1_2,E,D,-,C,0.3865030674846625,-136.5,140.4,0.24324519586855675
842,1FZC_1_2,E,S,T,C,0.8,-57.7,-15.3,0.9525741268224334
843,1FZC_1_2,E,S,T,C,0.7846153846153846,-86.7,-26.6,0.9451195293468337
844,1FZC_1_2,E,V,S,C,0.4225352112676056,-92.8,147.0,0.31547453359199956
845,1FZC_1_2,E,K,P,P,0.7804878048780488,-74.0,143.4,0.942938856149444
846,1FZC_1_2,E,P,P,P,0.1176470588235294,-49.3,150.8,0.021383308131741104
847,1FZC_1_2,E,Y,E,E,0.045045045045045,-148.0,168.2,0.010461368234442287
848,1FZC_1_2,E,R,E,E,0.2903225806451613,-84.7,140.3,0.10941074808409781
849,1FZC_1_2,E,V,E,E,0.0,-146.0,155.7,0.0066928509242848554
850,1FZC_1_2,E,Y,E,E,0.0855855855855855,-90.4,126.4,0.0156094818761947
851,1FZC_1_2,E,C,E,E,0.0,-109.3,118.4,0.0066928509242848554
852,1FZC_1_2,E,D,E,E,0.1595092024539877,-94.2,107.0,0.03214242994987861
853,1FZC_1_2,E,M,-,C,0.0478723404255319,-98.6,5.3,0.010758135516286835
854,1FZC_1_2,E,N,S,C,0.7770700636942676,-113.9,-37.2,0.9410718528010266
855,1FZC_1_2,E,T,G,H,0.2323943661971831,-72.6,150.4,0.06440108838643747
856,1FZC_1_2,E,E,G,H,0.3814432989690721,35.2,56.0,0.23405270975828238
857,1FZC_1_2,E,N,G,H,0.9426751592356688,72.2,2.7,0.9881879368889848
858,1FZC_1_2,E,G,S,C,0.0,69.2,-175.0,0.0066928509242848554
859,1FZC_1_2,E,G,-,C,0.0,83.0,19.1,0.0066928509242848554
860,1FZC_1_2,E,W,E,E,0.0,-91.7,124.5,0.0066928509242848554
861,1FZC_1_2,E,T,E,E,0.0070422535211267,-90.6,111.2,0.007177666030243104
862,1FZC_1_2,E,V,E,E,0.028169014084507,-71.4,135.6,0.008851215547422775
863,1FZC_1_2,E,I,E,E,0.0059171597633136,-121.2,-23.4,0.007097933130732629
864,1FZC_1_2,E,Q,E,E,0.0,-157.5,141.9,0.0066928509242848554
865,1FZC_1_2,E,N,E,E,0.1019108280254777,-148.6,132.9,0.018326840903911384
866,1FZC_1_2,E,R,E,E,0.0241935483870967,-135.6,138.7,0.00850917656094539
867,1FZC_1_2,E,Q,S,C,0.2222222222222222,-163.8,-24.7,0.0585369028743679
868,1FZC_1_2,E,D,S,C,0.1901840490797546,-147.3,-163.7,0.04318323725450924
869,1FZC_1_2,E,G,S,C,0.0833333333333333,-120.4,55.5,0.015267153880374444
870,1FZC_1_2,E,S,-,C,0.0384615384615384,-81.1,-3.5,0.009801358083433373
871,1FZC_1_2,E,V,S,C,0.0633802816901408,-129.7,142.3,0.012540189102350632
872,1FZC_1_2,E,D,-,C,0.1411042944785276,-82.7,130.8,0.026884390450739443
873,1FZC_1_2,E,F,-,C,0.0253807106598984,-112.4,-2.6,0.00860992135896914
874,1FZC_1_2,E,G,-,C,0.3095238095238095,-84.7,59.7,0.12957046939970587
875,1FZC_1_2,E,R,-,C,0.0766129032258064,-108.7,173.0,0.014289031408662731
876,1FZC_1_2,E,K,-,C,0.4926829268292683,-75.2,174.4,0.48171547422415595
877,1FZC_1_2,E,W,H,H,0.026431718061674,-50.0,-46.0,0.008700098041660996
878,1FZC_1_2,E,D,H,H,0.5705521472392638,-67.6,-49.5,0.6694108147985686
879,1FZC_1_2,E,P,H,H,0.3235294117647059,-57.5,-38.3,0.14620194038096712
880,1FZC_1_2,E,Y,H,H,0.0,-68.0,-29.1,0.0066928509242848554
881,1FZC_1_2,E,K,H,H,0.1658536585365853,-68.0,-43.5,0.0341758206027677
882,1FZC_1_2,E,Q,H,H,0.51010101010101,-88.9,-27.5,0.5252310760920885
883,1FZC_1_2,E,G,E,E,0.2857142857142857,107.1,155.4,0.10500058502026478
884,1FZC_1_2,E,F,E,E,0.1065989847715736,-165.5,163.3,0.019189610367140352
885,1FZC_1_2,E,G,E,E,0.1904761904761904,93.1,-169.7,0.0433041067580565
886,1FZC_1_2,E,N,-,C,0.0891719745222929,-108.0,127.4,0.01617024164493506
887,1FZC_1_2,E,V,S,C,0.1901408450704225,-73.9,-37.3,0.04316538955231333
888,1FZC_1_2,E,A,E,E,0.0283018867924528,-160.2,154.5,0.008862879909868471
889,1FZC_1_2,E,T,E,E,0.3380281690140845,-128.1,156.2,0.16524372236742121
890,1FZC_1_2,E,N,-,C,0.3312101910828025,-63.2,128.0,0.1560524618863938
891,1FZC_1_2,E,T,-,C,0.176056338028169,-65.9,142.7,0.03770832823314994
892,1FZC_1_2,E,D,T,C,0.8957055214723927,-43.1,109.5,0.9812393571859197
893,1FZC_1_2,E,G,T,C,1.0,67.5,31.0,0.9933071490757153
894,1FZC_1_2,E,K,-,C,0.5414634146341464,-123.7,153.1,0.6021985379253624
895,1FZC_1_2,E,N,S,C,0.3121019108280254,-84.2,10.7,0.13250597427816005
896,1FZC_1_2,E,Y,S,C,0.2972972972972973,-135.1,157.7,0.11639433397588744
897,1FZC_1_2,E,C,-,C,0.0148148148148148,-98.1,95.2,0.007753310423074383
898,1FZC_1_2,E,G,-,C,0.119047619047619,-101.6,-7.7,0.021678363260693712
899,1FZC_1_2,E,L,E,E,0.5121951219512195,-101.5,134.1,0.5304500761807918
900,1FZC_1_2,E,P,E,E,0.213235294117647,-74.7,146.5,0.053776254303502434
901,1FZC_1_2,E,G,-,C,0.0595238095238095,-107.7,-172.1,0.012071513350870458
902,1FZC_1_2,E,E,-,C,0.0,-88.2,128.2,0.0066928509242848554
903,1FZC_1_2,E,Y,E,E,0.0135135135135135,-160.9,170.0,0.007653837345312235
904,1FZC_1_2,E,W,E,E,0.0088105726872246,-127.5,118.1,0.00730478353082779
905,1FZC_1_2,E,L,E,E,0.0365853658536585,-70.2,144.9,0.009620934704788107
906,1FZC_1_2,E,G,-,C,0.0119047619047619,-60.2,172.4,0.007532611340759874
907,1FZC_1_2,E,N,H,H,0.0,-65.0,-36.9,0.0066928509242848554
908,1FZC_1_2,E,D,H,H,0.3619631901840491,-68.2,-32.8,0.20094988807957279
909,1FZC_1_2,E,K,H,H,0.3414634146341463,-70.3,-40.3,0.1700368881445061
910,1FZC_1_2,E,I,H,H,0.0059171597633136,-63.3,-45.8,0.007097933130732629
911,1FZC_1_2,E,S,H,H,0.0,-60.1,-44.4,0.0066928509242848554
912,1FZC_1_2,E,Q,H,H,0.2222222222222222,-63.0,-44.0,0.0585369028743679
913,1FZC_1_2,E,L,H,H,0.0548780487804878,-57.0,-50.5,0.011529845532810034
914,1FZC_1_2,E,T,H,H,0.0140845070422535,-65.3,-27.2,0.007697327911577559
915,1FZC_1_2,E,R,T,C,0.4758064516129032,-93.2,9.9,0.43980943642659553
916,1FZC_1_2,E,M,T,C,0.4202127659574468,-85.2,-19.4,0.3104808297516204
917,1FZC_1_2,E,G,S,C,0.3809523809523809,171.7,178.1,0.23317378030154548
918,1FZC_1_2,E,P,-,C,0.7058823529411765,-56.1,125.7,0.8868361556633125
919,1FZC_1_2,E,T,-,C,0.0845070422535211,-131.4,132.6,0.015444617693244688
920,1FZC_1_2,E,E,E,E,0.0979381443298969,-98.0,145.4,0.01762562685632566
921,1FZC_1_2,E,L,E,E,0.0060975609756097,-115.5,133.3,0.007110658312633755
922,1FZC_1_2,E,L,E,E,0.0,-124.1,122.6,0.0066928509242848554
923,1FZC_1_2,E,I,E,E,0.0,-118.7,117.1,0.0066928509242848554
924,1FZC_1_2,E,E,E,E,0.0721649484536082,-115.8,141.5,0.013675890925809609
925,1FZC_1_2,E,M,E,E,0.0212765957446808,-142.7,167.9,0.00826657523027743
926,1FZC_1_2,E,E,E,E,0.1546391752577319,-154.9,139.1,0.03066143570519364
927,1FZC_1_2,E,D,-,C,0.0,-92.5,-177.1,0.0066928509242848554
928,1FZC_1_2,E,W,T,C,0.224669603524229,-79.1,10.5,0.059900325636476924
929,1FZC_1_2,E,K,T,C,0.775609756097561,-116.7,-14.3,0.9402567948508634
930,1FZC_1_2,E,G,S,C,0.3571428571428571,113.6,-4.8,0.19332136980230868
931,1FZC_1_2,E,D,-,C,0.5153374233128835,-69.0,142.7,0.5382685696237247
932,1FZC_1_2,E,K,E,E,0.6195121951219512,-125.1,132.9,0.7676558692920465
933,1FZC_1_2,E,V,E,E,0.1478873239436619,-137.0,170.9,0.028717051195746423
934,1FZC_1_2,E,K,E,E,0.2439024390243902,-135.4,157.3,0.07169258560530065
935,1FZC_1_2,E,A,E,E,0.0,-139.8,115.0,0.0066928509242848554
936,1FZC_1_2,E,H,E,E,0.1684782608695652,-118.5,131.2,0.035052816822237945
937,1FZC_1_2,E,Y,E,E,0.0,-124.4,110.0,0.0066928509242848554
938,1FZC_1_2,E,G,E,E,0.119047619047619,-65.6,-16.9,0.021678363260693712
939,1FZC_1_2,E,G,E,E,0.1666666666666666,-131.8,127.5,0.034445195666211154
940,1FZC_1_2,E,F,E,E,0.0101522842639593,-149.8,122.1,0.007402722683973941
941,1FZC_1_2,E,T,E,E,0.323943661971831,-140.0,151.2,0.14671979444063452
942,1FZC_1_2,E,V,E,E,0.0,-136.6,119.6,0.0066928509242848554
943,1FZC_1_2,E,Q,-,C,0.3484848484848485,-71.7,179.2,0.18017659335766986
944,1FZC_1_2,E,N,-,C,0.3949044585987261,-80.6,-177.7,0.25904167731191224
945,1FZC_1_2,E,E,G,H,0.3402061855670103,-66.1,-36.2,0.16826998494143985
946,1FZC_1_2,E,A,G,H,0.8773584905660378,-66.4,-16.7,0.9775461828000156
947,1FZC_1_2,E,N,G,H,0.4777070063694267,-106.5,22.9,0.4444971895167335
948,1FZC_1_2,E,K,T,C,0.3804878048780488,51.1,32.8,0.23234413070795348
949,1FZC_1_2,E,Y,T,C,0.0,59.2,33.4,0.0066928509242848554
950,1FZC_1_2,E,Q,-,C,0.3232323232323232,-51.1,126.4,0.145831483534915
951,1FZC_1_2,E,I,E,E,0.0236686390532544,-88.8,148.9,0.008465005223470613
952,1FZC_1_2,E,S,E,E,0.4230769230769231,-141.5,126.0,0.316645529812217
953,1FZC_1_2,E,V,E,E,0.028169014084507,-129.6,155.8,0.008851215547422775
954,1FZC_1_2,E,N,E,E,0.4585987261146497,-149.7,-172.0,0.3979503330800972
955,1FZC_1_2,E,K,E,E,0.5756097560975609,51.7,59.3,0.6805058730662095
956,1FZC_1_2,E,Y,E,E,0.2837837837837837,-66.7,142.1,0.10320017182322849
957,1FZC_1_2,E,R,E,E,0.8104838709677419,-148.4,155.1,0.9570918964221231
958,1FZC_1_2,E,G,E,E,0.5357142857142857,127.2,177.5,0.5883486248147177
959,1FZC_1_2,E,T,S,C,0.6901408450704225,-94.0,-25.4,0.8700508514219374
960,1FZC_1_2,E,A,S,C,0.0094339622641509,-70.1,-33.6,0.007350127272561938
961,1FZC_1_2,E,G,-,C,0.2142857142857142,119.0,133.1,0.05431326613264058
962,1FZC_1_2,E,N,-,C,0.1146496815286624,-77.1,59.4,0.020764991719812755
963,1FZC_1_2,E,A,H,H,0.0,-51.6,-47.5,0.0066928509242848554
964,1FZC_1_2,E,L,H,H,0.024390243902439,-64.1,-44.8,0.008525787363087997
965,1FZC_1_2,E,M,H,H,0.1914893617021276,-89.0,-28.8,0.043725799670707964
966,1FZC_1_2,E,D,H,H,0.5337423312883436,-111.0,-25.8,0.5835644793654081
967,1FZC_1_2,E,G,-,C,0.0,101.5,172.6,0.0066928509242848554
968,1FZC_1_2,E,A,-,C,0.0,-69.4,104.9,0.0066928509242848554
969,1FZC_1_2,E,S,T,C,0.4692307692307692,-51.9,-12.3,0.4236781200925474
970,1FZC_1_2,E,Q,T,C,0.5050505050505051,-89.2,1.7,0.5126235794300752
971,1FZC_1_2,E,L,S,C,0.1768292682926829,-116.4,157.4,0.037989801235440615
972,1FZC_1_2,E,M,-,C,0.6914893617021277,-121.3,163.0,0.8715679227748319
973,1FZC_1_2,E,G,T,C,0.6071428571428571,54.7,-134.4,0.7448684956686833
974,1FZC_1_2,E,E,H,H,0.7577319587628866,-57.9,-33.8,0.9293875658401014
975,1FZC_1_2,E,N,H,H,0.3566878980891719,-64.6,-29.6,0.19261285904683673
976,1FZC_1_2,E,R,H,H,0.3104838709677419,-80.9,-45.8,0.1306571016402006
977,1FZC_1_2,E,T,H,H,0.6056338028169014,-69.3,-23.6,0.7419901160211344
978,1FZC_1_2,E,M,T,C,0.0797872340425532,-77.4,2.1,0.014743093943494786
979,1FZC_1_2,E,T,T,C,0.0,-112.9,16.4,0.0066928509242848554
980,1FZC_1_2,E,I,-,C,0.2426035502958579,-85.8,134.4,0.07083293385527963
981,1FZC_1_2,E,H,-,C,0.0054347826086956,-98.2,-29.7,0.007064018051477433
982,1FZC_1_2,E,N,T,C,0.3694267515923566,-52.5,136.3,0.21320183013658997
983,1FZC_1_2,E,G,T,C,0.4166666666666667,74.6,-4.5,0.30294071603459277
984,1FZC_1_2,E,M,P,P,0.1170212765957446,-77.8,160.5,0.021252748019532284
985,1FZC_1_2,E,F,P,P,0.3045685279187817,-90.9,163.3,0.12408364345226434
986,1FZC_1_2,E,F,P,P,0.0,-87.3,135.0,0.0066928509242848554
987,1FZC_1_2,E,S,B,E,0.0,-125.8,152.1,0.0066928509242848554
988,1FZC_1_2,E,T,B,E,0.0,-136.1,174.2,0.0066928509242848554
989,1FZC_1_2,E,Y,T,C,0.4234234234234234,-70.5,-19.0,0.31739576709908873
990,1FZC_1_2,E,D,T,C,0.4355828220858895,-103.4,6.3,0.34430411281321727
991,1FZC_1_2,E,R,B,E,0.4314516129032258,-149.7,101.5,0.3350384604954012
992,1FZC_1_2,E,D,-,C,0.4110429447852761,-88.5,101.9,0.29119845834475855
993,1FZC_1_2,E,N,-,C,0.2101910828025477,-117.3,24.5,0.05224810300182602
994,1FZC_1_2,E,D,S,C,0.1104294478527607,-76.8,-177.7,0.019923991466583777
995,1FZC_1_2,E,G,S,C,0.3571428571428571,-104.4,33.8,0.19332136980230868
996,1FZC_1_2,E,W,-,C,0.1013215859030837,-121.9,108.5,0.018221130877661272
997,1FZC_1_2,E,L,-,C,1.0,-90.2,100.4,0.9933071490757153
998,1FZC_1_2,E,T,-,C,0.3873239436619718,-128.0,164.3,0.2447594228086944
999,1FZC_1_2,E,S,S,C,0.9307692307692308,-112.6,-28.5,0.9867143005507057
1000,1FZC_1_2,E,D,S,C,0.2699386503067484,-75.4,124.9,0.09107216420826353
1001,1FZC_1_2,E,P,T,C,0.6102941176470589,-61.0,-25.2,0.7508107877445399
1002,1FZC_1_2,E,R,T,C,0.7379032258064516,-74.3,-18.6,0.9152143705406474
1003,1FZC_1_2,E,K,-,C,0.4292682926829268,-84.0,69.7,0.33019193973913497
1004,1FZC_1_2,E,Q,-,C,0.1616161616161616,-127.8,135.1,0.03280439090994282
1005,1FZC_1_2,E,C,T,C,0.0,-63.6,-38.8,0.0066928509242848554
1006,1FZC_1_2,E,S,T,C,0.0461538461538461,-65.1,-32.4,0.010576775777877415
1007,1FZC_1_2,E,K,T,C,0.3658536585365853,-71.6,-46.3,0.20726950356709223
1008,1FZC_1_2,E,E,T,C,0.1082474226804123,-84.3,164.4,0.01950234052642707
1009,1FZC_1_2,E,D,T,C,0.0,83.0,-33.6,0.0066928509242848554
1010,1FZC_1_2,E,G,-,C,0.2142857142857142,70.3,23.3,0.05431326613264058
1011,1FZC_1_2,E,G,S,C,0.0238095238095238,-148.9,-169.4,0.008476838365093591
1012,1FZC_1_2,E,G,-,C,0.0,-105.2,129.5,0.0066928509242848554
1013,1FZC_1_2,E,W,B,E,0.013215859030837,-168.6,174.7,0.00763126282441403
1014,1FZC_1_2,E,W,-,C,0.0044052863436123,-88.4,66.9,0.006992173201462033
1015,1FZC_1_2,E,Y,-,C,0.0,-68.4,140.9,0.0066928509242848554
1016,1FZC_1_2,E,N,S,C,0.1783439490445859,-129.0,81.3,0.03854725558752163
1017,1FZC_1_2,E,R,S,C,0.2661290322580645,42.6,50.2,0.08796738125307102
1018,1FZC_1_2,E,C,B,E,0.0,-113.9,-57.4,0.0066928509242848554
1019,1FZC_1_2,E,H,-,C,0.0,-155.1,171.1,0.0066928509242848554
1020,1FZC_1_2,E,A,S,C,0.0,-119.6,-26.6,0.0066928509242848554
1021,1FZC_1_2,E,A,E,E,0.0,-121.6,138.6,0.0066928509242848554
1022,1FZC_1_2,E,N,E,E,0.0,-137.5,61.7,0.0066928509242848554
1023,1FZC_1_2,E,P,T,C,0.0,-64.1,159.2,0.0066928509242848554
1024,1FZC_1_2,E,N,T,C,0.0,77.4,-2.3,0.0066928509242848554
1025,1FZC_1_2,E,G,S,C,0.0119047619047619,-78.5,-173.9,0.007532611340759874
1026,1FZC_1_2,E,R,-,C,0.0927419354838709,-82.4,136.3,0.016748098015895378
1027,1FZC_1_2,E,Y,-,C,0.045045045045045,-89.9,103.1,0.010461368234442287
1028,1FZC_1_2,E,Y,-,C,0.045045045045045,-90.2,122.4,0.010461368234442287
1029,1FZC_1_2,E,W,T,C,0.6343612334801763,-69.3,133.8,0.7930833609414831
1030,1FZC_1_2,E,G,T,C,0.4880952380952381,93.1,-14.6,0.47027319513604826
1031,1FZC_1_2,E,G,S,C,0.0,107.1,-70.9,0.0066928509242848554
1032,1FZC_1_2,E,Q,B,E,0.6919191919191919,-76.8,134.8,0.8720482950755475
1033,1FZC_1_2,E,Y,-,C,0.0045045045045045,-148.9,172.9,0.00699906556973704
1034,1FZC_1_2,E,T,-,C,0.4225352112676056,-139.8,173.5,0.31547453359199956
1035,1FZC_1_2,E,W,T,C,0.6475770925110133,-52.9,-37.2,0.8139329539577576
1036,1FZC_1_2,E,D,T,C,0.1104294478527607,-86.9,4.9,0.019923991466583777
1037,1FZC_1_2,E,M,T,C,0.0851063829787234,-98.8,-24.0,0.015536019100923055
1038,1FZC_1_2,E,A,S,C,0.0,-83.6,138.4,0.0066928509242848554
1039,1FZC_1_2,E,K,T,C,0.4146341463414634,-47.2,-53.2,0.29866595957595715
1040,1FZC_1_2,E,H,T,C,0.5380434782608695,-110.0,18.1,0.5939779629311918
1041,1FZC_1_2,E,G,S,C,0.2738095238095238,81.1,6.6,0.094327519661927
1042,1FZC_1_2,E,T,S,C,0.1478873239436619,-114.8,170.5,0.028717051195746423
1043,1FZC_1_2,E,D,-,C,0.0552147239263803,-80.7,77.7,0.011568279260277013
1044,1FZC_1_2,E,D,-,C,0.0122699386503067,-87.2,-156.7,0.007559960637506617
1045,1FZC_1_2,E,G,S,C,0.0,95.4,149.0,0.0066928509242848554
1046,1FZC_1_2,E,V,S,C,0.0070422535211267,-76.8,80.6,0.007177666030243104
1047,1FZC_1_2,E,V,E,E,0.0,-96.4,151.0,0.0066928509242848554
1048,1FZC_1_2,E,W,E,E,0.0,-145.2,84.3,0.0066928509242848554
1049,1FZC_1_2,E,M,H,H,0.0319148936170212,-45.6,-48.3,0.009185956110083743
1050,1FZC_1_2,E,N,H,H,0.197452229299363,-64.1,-6.5,0.046288056675632724
1051,1FZC_1_2,E,W,H,H,0.2819383259911894,-113.4,-53.7,0.10150466647003684
1052,1FZC_1_2,E,K,H,H,0.2975609756097561,-127.3,15.4,0.11666579281964902
1053,1FZC_1_2,E,G,B,E,0.1666666666666666,77.7,-164.1,0.034445195666211154
1054,1FZC_1_2,E,S,T,C,0.123076923076923,-84.7,-29.7,0.02254958792634754
1055,1FZC_1_2,E,W,T,C,0.4052863436123348,-104.1,25.4,0.27946104655492177
1056,1FZC_1_2,E,Y,B,E,0.09009009009009,-127.7,126.0,0.01631695317150176
1057,1FZC_1_2,E,S,-,C,0.0,-102.8,123.6,0.0066928509242848554
1058,1FZC_1_2,E,M,-,C,0.0,-56.0,159.3,0.0066928509242848554
1059,1FZC_1_2,E,R,S,C,0.2741935483870967,-86.4,-42.8,0.09465610272894258
1060,1FZC_1_2,E,K,E,E,0.4682926829268293,-133.8,147.2,0.4213892037049858
1061,1FZC_1_2,E,M,E,E,0.0,-153.9,136.4,0.0066928509242848554
1062,1FZC_1_2,E,S,E,E,0.0846153846153846,-151.7,156.2,0.015461100972823447
1063,1FZC_1_2,E,M,E,E,0.0106382978723404,-128.7,139.7,0.0074385202187267855
1064,1FZC_1_2,E,K,E,E,0.048780487804878,-155.0,154.3,0.010855214834974031
1065,1FZC_1_2,E,I,E,E,0.0355029585798816,-129.4,165.2,0.009518344450024387
1066,1FZC_1_2,E,R,E,E,0.1532258064516129,-163.6,144.5,0.030244139029484633
1067,1FZC_1_2,E,P,-,C,0.1397058823529411,-49.8,-26.6,0.02652095364351512
1068,1FZC_1_2,E,F,-,C,0.4974619289340101,91.1,-83.7,0.49365516293304734
1069,1FZC_1_2,E,F,-,C,0.8781725888324873,56.3,360.0,0.9777241814778722
76,1FZC_1_2,B,L,-,C,0.8902439024390244,360.0,-120.1,0.9802070696576779
77,1FZC_1_2,B,Y,T,C,0.7117117117117117,-77.5,1.9,0.8925557738621033
78,1FZC_1_2,B,I,T,C,0.514792899408284,-66.6,-11.5,0.5369149556010229
79,1FZC_1_2,B,D,T,C,0.1226993865030674,-80.1,34.4,0.022466524522020262
80,1FZC_1_2,B,E,T,C,0.5463917525773195,-93.1,-47.5,0.6139431096839484
81,1FZC_1_2,B,T,T,C,0.1690140845070422,-52.1,-6.4,0.03523450664410364
82,1FZC_1_2,B,V,T,C,0.0211267605633802,-79.1,-31.6,0.008254300430304179
83,1FZC_1_2,B,N,T,C,0.7643312101910829,-115.9,1.9,0.9335975871081186
84,1FZC_1_2,B,S,T,C,0.4615384615384615,-112.0,-81.4,0.40501420647722836
85,1FZC_1_2,B,N,H,H,0.4968152866242038,-61.9,-56.1,0.4920388894221543
86,1FZC_1_2,B,I,H,H,0.0414201183431952,-50.0,-47.2,0.01009270095481055
87,1FZC_1_2,B,P,H,H,0.1691176470588235,-57.2,-36.2,0.03526972764933757
88,1FZC_1_2,B,T,H,H,0.4647887323943662,-73.9,-44.6,0.4128701965674697
89,1FZC_1_2,B,N,H,H,0.0636942675159235,-52.7,-44.8,0.012579129324180401
90,1FZC_1_2,B,L,H,H,0.0670731707317073,-66.5,-24.9,0.013005805885983912
91,1FZC_1_2,B,R,H,H,0.7096774193548387,-72.6,-51.7,0.8905892519159023
92,1FZC_1_2,B,V,H,H,0.1971830985915492,-61.6,-52.7,0.046169392622775376
93,1FZC_1_2,B,L,H,H,0.0,-56.0,-44.1,0.0066928509242848554
94,1FZC_1_2,B,R,H,H,0.3266129032258064,-59.5,-47.3,0.15009310996320274
95,1FZC_1_2,B,S,H,H,0.4615384615384615,-67.7,-42.6,0.40501420647722836
96,1FZC_1_2,B,I,H,H,0.0,-64.1,-39.7,0.0066928509242848554
97,1FZC_1_2,B,L,H,H,0.0,-69.9,-41.0,0.0066928509242848554
98,1FZC_1_2,B,E,H,H,0.4123711340206185,-66.1,-38.2,0.29394744968686864
99,1FZC_1_2,B,N,H,H,0.2738853503184713,-65.0,-43.4,0.09439231805556277
100,1FZC_1_2,B,L,H,H,0.0,-65.3,-30.3,0.0066928509242848554
101,1FZC_1_2,B,R,H,H,0.4314516129032258,-69.5,-38.6,0.3350384604954012
102,1FZC_1_2,B,S,H,H,0.5230769230769231,-71.1,-37.3,0.5574376329113074
103,1FZC_1_2,B,K,H,H,0.2585365853658536,-58.0,-44.4,0.08206355513717606
104,1FZC_1_2,B,I,H,H,0.0,-57.9,-45.9,0.0066928509242848554
105,1FZC_1_2,B,Q,H,H,0.5707070707070707,-64.1,-38.0,0.6697535703681886
106,1FZC_1_2,B,K,H,H,0.526829268292683,-65.9,-40.5,0.5666737131969691
107,1FZC_1_2,B,L,H,H,0.0182926829268292,-63.6,-32.9,0.008025502055605578
108,1FZC_1_2,B,E,H,H,0.2835051546391752,-71.1,-35.6,0.10294258579242051
109,1FZC_1_2,B,S,H,H,0.5,-62.5,-39.4,0.5
110,1FZC_1_2,B,D,H,H,0.0736196319018405,-67.3,-42.3,0.013873505689359118
111,1FZC_1_2,B,V,H,H,0.0070422535211267,-66.1,-40.1,0.007177666030243104
112,1FZC_1_2,B,S,H,H,0.4,-65.6,-40.3,0.2689414213699951
113,1FZC_1_2,B,A,H,H,0.2452830188679245,-60.8,-49.9,0.07261685019069151
114,1FZC_1_2,B,Q,H,H,0.0,-56.5,-35.1,0.0066928509242848554
115,1FZC_1_2,B,M,H,H,0.2074468085106383,-65.2,-32.2,0.0509057649811229
116,1FZC_1_2,B,E,H,H,0.4793814432989691,-63.2,-47.7,0.4486354490164315
117,1FZC_1_2,B,Y,H,H,0.2972972972972973,-58.8,-35.4,0.11639433397588744
118,1FZC_1_2,B,C,T,C,0.0814814814814814,-74.2,2.1,0.014991229941660942
119,1FZC_1_2,B,R,T,C,0.7782258064516129,-74.2,-15.0,0.9417095194174089
120,1FZC_1_2,B,T,S,C,0.5492957746478874,-118.4,148.5,0.6208029538848939
121,1FZC_1_2,B,P,B,E,0.5367647058823529,-92.2,159.0,0.5908903027757125
122,1FZC_1_2,B,C,-,C,0.1407407407407407,-79.3,155.2,0.026789442321520862
123,1FZC_1_2,B,T,E,E,0.6549295774647887,-135.0,163.4,0.8248119965429407
124,1FZC_1_2,B,V,E,E,0.1056338028169014,-144.0,159.9,0.01900879044166859
125,1FZC_1_2,B,S,-,C,0.3538461538461538,-128.4,96.7,0.18823213430192093
126,1FZC_1_2,B,C,-,C,0.0074074074074074,-104.5,89.9,0.007203734315945203
127,1FZC_1_2,B,N,P,P,0.0891719745222929,-56.9,141.2,0.01617024164493506
128,1FZC_1_2,B,I,E,E,0.0177514792899408,-100.1,121.6,0.007982530848068568
129,1FZC_1_2,B,P,E,E,0.0735294117647058,-46.7,139.9,0.013861168055877376
130,1FZC_1_2,B,V,S,C,0.028169014084507,-62.2,-41.6,0.008851215547422775
131,1FZC_1_2,B,V,-,C,0.0633802816901408,-74.9,130.9,0.012540189102350632
132,1FZC_1_2,B,S,-,C,0.2076923076923077,-139.1,174.4,0.05102450721573804
133,1FZC_1_2,B,G,B,E,0.0,178.8,-166.5,0.0066928509242848554
134,1FZC_1_2,B,K,S,C,0.4585365853658537,-74.2,-35.1,0.39780146207463785
135,1FZC_1_2,B,E,S,C,0.0876288659793814,-162.9,-179.6,0.015926576180138225
136,1FZC_1_2,B,C,H,H,0.0,-63.2,-21.9,0.0066928509242848554
137,1FZC_1_2,B,E,H,H,0.1494845360824742,-76.6,-37.0,0.029165920984273636
138,1FZC_1_2,B,E,H,H,0.1597938144329896,-68.0,-32.4,0.032231088723889786
139,1FZC_1_2,B,I,H,H,0.0,-71.5,-39.8,0.0066928509242848554
140,1FZC_1_2,B,I,H,H,0.2485207100591716,-65.5,-40.0,0.0748276275692866
141,1FZC_1_2,B,R,H,H,0.4838709677419355,-67.8,-21.9,0.4597646070902748
142,1FZC_1_2,B,K,T,C,0.2,-83.1,7.1,0.04742587317756678
143,1FZC_1_2,B,G,T,C,0.1666666666666666,102.3,-9.3,0.034445195666211154
144,1FZC_1_2,B,G,-,C,0.0595238095238095,-71.6,98.9,0.012071513350870458
145,1FZC_1_2,B,E,-,C,0.5567010309278351,-107.1,-10.9,0.6380730338200804
146,1FZC_1_2,B,T,S,C,0.5422535211267606,-102.6,148.9,0.6040897442145085
147,1FZC_1_2,B,S,-,C,0.1846153846153846,-79.3,129.9,0.040939996231413193
148,1FZC_1_2,B,E,E,E,0.0515463917525773,171.9,176.9,0.011156254079783703
149,1FZC_1_2,B,M,E,E,0.0478723404255319,-69.2,129.5,0.010758135516286835
150,1FZC_1_2,B,Y,E,E,0.0225225225225225,-125.7,161.5,0.00836934760454895
151,1FZC_1_2,B,L,E,E,0.048780487804878,-93.4,134.2,0.010855214834974031
152,1FZC_1_2,B,I,E,E,0.0,-127.3,150.9,0.0066928509242848554
153,1FZC_1_2,B,Q,-,C,0.0757575757575757,-135.7,75.3,0.01416905892250432
154,1FZC_1_2,B,P,S,C,0.0294117647058823,-54.3,-26.4,0.008960908590524466
155,1FZC_1_2,B,D,-,C,0.3742331288343558,-142.6,126.7,0.2213754715675962
156,1FZC_1_2,B,S,T,C,0.8769230769230769,-47.1,-26.3,0.9774504120736525
157,1FZC_1_2,B,S,T,C,0.823076923076923,-81.3,-28.1,0.9619759000592047
158,1FZC_1_2,B,V,S,C,0.4084507042253521,-90.2,151.6,0.28587712458967984
159,1FZC_1_2,B,K,P,P,0.7853658536585366,-82.3,139.7,0.9455074893722275
160,1FZC_1_2,B,P,P,P,0.1691176470588235,-49.1,145.8,0.03526972764933757
161,1FZC_1_2,B,Y,E,E,0.0585585585585585,-142.4,164.7,0.011956940028778121
162,1FZC_1_2,B,R,E,E,0.2943548387096774,-81.0,143.7,0.11340210313340096
163,1FZC_1_2,B,V,E,E,0.0,-152.3,154.3,0.0066928509242848554
164,1FZC_1_2,B,Y,E,E,0.09009009009009,-88.0,123.1,0.01631695317150176
165,1FZC_1_2,B,C,E,E,0.0,-97.2,124.4,0.0066928509242848554
166,1FZC_1_2,B,D,E,E,0.1595092024539877,-96.7,103.2,0.03214242994987861
167,1FZC_1_2,B,M,-,C,0.0478723404255319,-93.5,2.0,0.010758135516286835
168,1FZC_1_2,B,N,S,C,0.7388535031847133,-107.0,-49.6,0.9159488539599163
169,1FZC_1_2,B,T,G,H,0.2253521126760563,-65.9,148.4,0.06028581849445303
170,1FZC_1_2,B,E,G,H,0.4175257731958763,31.4,63.6,0.3047579362900811
171,1FZC_1_2,B,N,G,H,0.9235668789808916,57.3,19.5,0.9857362685551516
172,1FZC_1_2,B,G,S,C,0.0,62.0,177.1,0.0066928509242848554
173,1FZC_1_2,B,G,-,C,0.0,75.4,28.1,0.0066928509242848554
174,1FZC_1_2,B,W,E,E,0.0,-90.6,126.7,0.0066928509242848554
175,1FZC_1_2,B,T,E,E,0.0140845070422535,-90.0,112.3,0.007697327911577559
176,1FZC_1_2,B,V,E,E,0.0352112676056338,-78.4,133.2,0.009490883874186083
177,1FZC_1_2,B,I,E,E,0.0059171597633136,-116.0,-20.9,0.007097933130732629
178,1FZC_1_2,B,Q,E,E,0.0,-159.6,146.8,0.0066928509242848554
179,1FZC_1_2,B,N,E,E,0.0891719745222929,-152.4,120.4,0.01617024164493506
180,1FZC_1_2,B,R,E,E,0.0161290322580645,-117.0,138.7,0.00785507260918298
181,1FZC_1_2,B,Q,S,C,0.2474747474747475,-163.0,-17.4,0.07410673632504733
182,1FZC_1_2,B,D,S,C,0.2208588957055214,-157.9,169.3,0.057790075489583655
183,1FZC_1_2,B,G,S,C,0.0714285714285714,-113.1,50.0,0.013576916943744353
184,1FZC_1_2,B,S,-,C,0.0461538461538461,-70.0,-10.6,0.010576775777877415
185,1FZC_1_2,B,V,S,C,0.056338028169014,-135.6,143.8,0.011697430207376304
186,1FZC_1_2,B,D,-,C,0.0920245398773006,-83.6,124.7,0.01663036883425084
187,1FZC_1_2,B,F,-,C,0.0304568527918781,-101.5,1.6,0.009054196680898761
188,1FZC_1_2,B,G,-,C,0.238095238095238,-88.1,63.7,0.06792256314142826
189,1FZC_1_2,B,R,-,C,0.064516129032258,-113.0,167.6,0.012681621879303386
190,1FZC_1_2,B,K,-,C,0.5073170731707317,-87.4,179.9,0.5182845257758442
191,1FZC_1_2,B,W,H,H,0.0176211453744493,-52.7,-48.2,0.007972216568524006
192,1FZC_1_2,B,D,H,H,0.5276073619631901,-67.2,-47.4,0.5685833577938852
193,1FZC_1_2,B,P,H,H,0.3088235294117647,-54.4,-40.9,0.1287827264032732
194,1FZC_1_2,B,Y,H,H,0.0,-66.1,-30.8,0.0066928509242848554
195,1FZC_1_2,B,K,H,H,0.1658536585365853,-75.7,-35.2,0.0341758206027677
196,1FZC_1_2,B,Q,H,H,0.5303030303030303,-91.4,-22.4,0.5751831319371523
197,1FZC_1_2,B,G,-,C,0.2976190476190476,93.7,156.0,0.11672565218599708
198,1FZC_1_2,B,F,E,E,0.0812182741116751,-153.2,168.4,0.01495241301918225
199,1FZC_1_2,B,G,E,E,0.1547619047619047,90.9,-173.4,0.030697933542915338
200,1FZC_1_2,B,N,-,C,0.0828025477707006,-109.9,128.8,0.015187560191354333
201,1FZC_1_2,B,V,S,C,0.2394366197183098,-76.6,-33.1,0.06877671732684434
202,1FZC_1_2,B,A,E,E,0.0377358490566037,-163.1,153.7,0.009731177773349366
203,1FZC_1_2,B,T,E,E,0.3169014084507042,-132.8,163.7,0.13812086447028674
204,1FZC_1_2,B,N,-,C,0.3312101910828025,-66.3,120.6,0.1560524618863938
205,1FZC_1_2,B,T,-,C,0.176056338028169,-65.7,134.2,0.03770832823314994
206,1FZC_1_2,B,D,T,C,0.8834355828220859,-49.1,101.5,0.9788420760575962
207,1FZC_1_2,B,G,T,C,0.9047619047619048,80.4,32.6,0.9828358472424801
208,1FZC_1_2,B,K,-,C,0.5414634146341464,-124.8,164.8,0.6021985379253624
209,1FZC_1_2,B,N,S,C,0.3121019108280254,-99.1,13.3,0.13250597427816005
210,1FZC_1_2,B,Y,S,C,0.3108108108108108,-130.2,156.3,0.13102890758838912
211,1FZC_1_2,B,C,-,C,0.0148148148148148,-97.0,97.2,0.007753310423074383
212,1FZC_1_2,B,G,-,C,0.1785714285714285,-95.8,-10.2,0.038631651159049686
213,1FZC_1_2,B,L,E,E,0.5060975609756098,-104.6,138.3,0.5152391810935797
214,1FZC_1_2,B,P,E,E,0.2058823529411764,-78.2,146.5,0.05015519686880771
215,1FZC_1_2,B,G,-,C,0.0357142857142857,-106.0,-171.2,0.009538288499574542
216,1FZC_1_2,B,E,S,C,0.0,-89.3,133.1,0.0066928509242848554
217,1FZC_1_2,B,Y,E,E,0.0135135135135135,-160.3,172.5,0.007653837345312235
218,1FZC_1_2,B,W,E,E,0.0088105726872246,-130.1,111.6,0.00730478353082779
219,1FZC_1_2,B,L,-,C,0.048780487804878,-64.7,165.8,0.010855214834974031
220,1FZC_1_2,B,G,-,C,0.0119047619047619,-80.6,171.8,0.007532611340759874
221,1FZC_1_2,B,N,H,H,0.0063694267515923,-60.5,-32.8,0.007129878042273315
222,1FZC_1_2,B,D,H,H,0.3619631901840491,-75.3,-36.0,0.20094988807957279
223,1FZC_1_2,B,K,H,H,0.3365853658536585,-67.5,-41.5,0.1632631454542509
224,1FZC_1_2,B,I,H,H,0.0059171597633136,-67.0,-39.4,0.007097933130732629
225,1FZC_1_2,B,S,H,H,0.0076923076923076,-65.8,-42.3,0.007224138563296865
226,1FZC_1_2,B,Q,H,H,0.2373737373737373,-62.5,-40.4,0.06746720912569876
227,1FZC_1_2,B,L,H,H,0.048780487804878,-63.3,-42.8,0.010855214834974031
228,1FZC_1_2,B,T,H,H,0.0211267605633802,-77.0,-14.8,0.008254300430304179
229,1FZC_1_2,B,R,H,H,0.4879032258064516,-93.4,-7.7,0.46979488864216423
230,1FZC_1_2,B,M,T,C,0.4574468085106383,-72.2,-19.3,0.3951937722145186
231,1FZC_1_2,B,G,S,C,0.3571428571428571,167.1,166.3,0.19332136980230868
232,1FZC_1_2,B,P,-,C,0.7941176470588235,-49.5,136.7,0.9498448031311921
233,1FZC_1_2,B,T,-,C,0.0633802816901408,-143.1,142.3,0.012540189102350632
234,1FZC_1_2,B,E,E,E,0.0773195876288659,-107.0,152.8,0.014388909291616604
235,1FZC_1_2,B,L,E,E,0.0060975609756097,-118.6,137.5,0.007110658312633755
236,1FZC_1_2,B,L,E,E,0.0,-128.1,123.8,0.0066928509242848554
237,1FZC_1_2,B,I,E,E,0.0,-114.9,124.9,0.0066928509242848554
238,1FZC_1_2,B,E,E,E,0.0721649484536082,-120.2,146.3,0.013675890925809609
239,1FZC_1_2,B,M,E,E,0.0106382978723404,-149.5,157.5,0.0074385202187267855
240,1FZC_1_2,B,E,E,E,0.1494845360824742,-140.4,134.0,0.029165920984273636
241,1FZC_1_2,B,D,-,C,0.0,-85.3,-176.5,0.0066928509242848554
242,1FZC_1_2,B,W,T,C,0.2026431718061674,-82.5,5.8,0.04863435579977209
243,1FZC_1_2,B,K,T,C,0.7853658536585366,-122.4,20.0,0.9455074893722275
244,1FZC_1_2,B,G,S,C,0.369047619047619,87.0,-5.0,0.2125665389298441
245,1FZC_1_2,B,D,-,C,0.4601226993865031,-69.0,150.9,0.4016071740128055
246,1FZC_1_2,B,K,E,E,0.5463414634146342,-136.6,141.7,0.613823909007632
247,1FZC_1_2,B,V,E,E,0.1126760563380281,-145.5,168.1,0.020367451545252165
248,1FZC_1_2,B,K,E,E,0.2439024390243902,-141.3,154.6,0.07169258560530065
249,1FZC_1_2,B,A,E,E,0.0,-137.9,120.7,0.0066928509242848554
250,1FZC_1_2,B,H,E,E,0.1793478260869565,-111.6,136.2,0.038921034480188
251,1FZC_1_2,B,Y,E,E,0.0,-124.6,113.0,0.0066928509242848554
252,1FZC_1_2,B,G,E,E,0.1666666666666666,-69.3,-11.9,0.034445195666211154
253,1FZC_1_2,B,G,E,E,0.1309523809523809,-138.4,138.6,0.024352277826418717
254,1FZC_1_2,B,F,E,E,0.0253807106598984,-158.8,126.8,0.00860992135896914
255,1FZC_1_2,B,T,E,E,0.352112676056338,-139.3,147.6,0.18559767014563736
256,1FZC_1_2,B,V,E,E,0.0,-130.3,120.7,0.0066928509242848554
257,1FZC_1_2,B,Q,-,C,0.3383838383838384,-76.9,174.3,0.16573491072062393
258,1FZC_1_2,B,N,-,C,0.4203821656050955,-72.2,167.7,0.31084360110448506
259,1FZC_1_2,B,E,G,H,0.3350515463917525,-55.5,-38.2,0.16117862816751335
260,1FZC_1_2,B,A,G,H,0.8679245283018868,-65.0,-21.4,0.9753794540419234
261,1FZC_1_2,B,N,G,H,0.5095541401273885,-103.1,20.5,0.5238671977812154
262,1FZC_1_2,B,K,T,C,0.3707317073170731,57.4,28.5,0.2153990438213098
263,1FZC_1_2,B,Y,T,C,0.0,62.9,26.9,0.0066928509242848554
264,1FZC_1_2,B,Q,-,C,0.3181818181818182,-47.8,127.4,0.13965218341676008
265,1FZC_1_2,B,I,E,E,0.0414201183431952,-93.2,145.9,0.01009270095481055
266,1FZC_1_2,B,S,E,E,0.4153846153846154,-134.9,130.3,0.30024029794365087
267,1FZC_1_2,B,V,E,E,0.0352112676056338,-134.4,154.0,0.009490883874186083
268,1FZC_1_2,B,N,E,E,0.4267515923566879,-154.2,-175.6,0.32464985082490033
269,1FZC_1_2,B,K,E,E,0.6439024390243903,51.4,61.0,0.8083035272134695
270,1FZC_1_2,B,Y,E,E,0.2882882882882883,-68.7,151.4,0.10744422613789655
271,1FZC_1_2,B,R,E,E,0.7943548387096774,-156.6,149.0,0.9499576799190202
272,1FZC_1_2,B,G,E,E,0.4880952380952381,155.1,-178.7,0.47027319513604826
273,1FZC_1_2,B,T,S,C,0.7112676056338029,-111.7,-6.7,0.892129133202689
274,1FZC_1_2,B,A,S,C,0.0094339622641509,-83.1,-16.5,0.007350127272561938
275,1FZC_1_2,B,G,-,C,0.2738095238095238,97.7,140.9,0.094327519661927
276,1FZC_1_2,B,N,-,C,0.1146496815286624,-80.6,63.5,0.020764991719812755
277,1FZC_1_2,B,A,H,H,0.0,-65.2,-36.7,0.0066928509242848554
278,1FZC_1_2,B,L,H,H,0.0182926829268292,-65.7,-54.1,0.008025502055605578
279,1FZC_1_2,B,M,H,H,0.1702127659574468,-83.0,-29.2,0.03564425267595824
280,1FZC_1_2,B,D,H,H,0.5337423312883436,-111.6,-14.4,0.5835644793654081
281,1FZC_1_2,B,G,-,C,0.0119047619047619,85.6,-177.2,0.007532611340759874
282,1FZC_1_2,B,A,-,C,0.0,-67.0,120.2,0.0066928509242848554
283,1FZC_1_2,B,S,T,C,0.4923076923076923,-66.4,-16.0,0.4807787077893917
284,1FZC_1_2,B,Q,T,C,0.4898989898989899,-89.8,10.8,0.47476892390791126
285,1FZC_1_2,B,L,S,C,0.1585365853658536,-119.3,162.9,0.03184122861884991
286,1FZC_1_2,B,M,-,C,0.6861702127659575,-123.4,156.8,0.8654952215508103
287,1FZC_1_2,B,G,H,H,0.6190476190476191,54.0,-141.9,0.7668262196984543
288,1FZC_1_2,B,E,H,H,0.7422680412371134,-53.6,-28.8,0.9185405283789404
289,1FZC_1_2,B,N,H,H,0.3694267515923566,-66.1,-29.9,0.21320183013658997
290,1FZC_1_2,B,R,H,H,0.314516129032258,-80.9,-49.5,0.13530577739344463
291,1FZC_1_2,B,T,H,H,0.5704225352112676,-61.5,-31.3,0.6691239204567652
292,1FZC_1_2,B,M,T,C,0.0797872340425532,-74.4,4.0,0.014743093943494786
293,1FZC_1_2,B,T,T,C,0.0,-113.0,4.7,0.0066928509242848554
294,1FZC_1_2,B,I,-,C,0.2366863905325443,-72.2,140.0,0.0670360457619191
295,1FZC_1_2,B,H,-,C,0.0054347826086956,-99.7,-31.6,0.007064018051477433
296,1FZC_1_2,B,N,T,C,0.3630573248407643,-58.3,144.7,0.20271247912429372
297,1FZC_1_2,B,G,T,C,0.4880952380952381,78.2,-9.4,0.47027319513604826
298,1FZC_1_2,B,M,P,P,0.1117021276595744,-82.7,160.4,0.02017403231598799
299,1FZC_1_2,B,F,P,P,0.2893401015228426,-91.2,159.6,0.10845708737468718
300,1FZC_1_2,B,F,P,P,0.0,-84.0,138.7,0.0066928509242848554
301,1FZC_1_2,B,S,B,E,0.0076923076923076,-125.8,146.9,0.007224138563296865
302,1FZC_1_2,B,T,B,E,0.0,-130.6,166.5,0.0066928509242848554
303,1FZC_1_2,B,Y,T,C,0.4144144144144144,-67.5,-12.7,0.2982059026767895
304,1FZC_1_2,B,D,T,C,0.4539877300613497,-110.4,15.5,0.38695671655929553
305,1FZC_1_2,B,R,B,E,0.4233870967741935,-155.8,93.0,0.31731706856630065
306,1FZC_1_2,B,D,-,C,0.4110429447852761,-84.5,115.1,0.29119845834475855
307,1FZC_1_2,B,N,-,C,0.1910828025477707,-133.8,25.3,0.04355611661896666
308,1FZC_1_2,B,D,-,C,0.1165644171779141,-76.1,-174.1,0.021157923942403793
309,1FZC_1_2,B,G,S,C,0.3214285714285714,-98.7,4.9,0.14359896874845998
310,1FZC_1_2,B,W,-,C,0.092511013215859,-104.2,115.2,0.01671011306792931
311,1FZC_1_2,B,L,-,C,1.0,-97.3,86.1,0.9933071490757153
312,1FZC_1_2,B,T,-,C,0.4507042253521127,-117.0,171.4,0.3791970461151063
313,1FZC_1_2,B,S,S,C,0.9153846153846154,-112.0,-34.9,0.9845388990271766
314,1FZC_1_2,B,D,-,C,0.2760736196319018,-67.7,116.6,0.09627957898522402
315,1FZC_1_2,B,P,T,C,0.5735294117647058,-54.8,-29.6,0.6759659534078196
316,1FZC_1_2,B,R,T,C,0.717741935483871,-71.4,-22.9,0.8982033555247506
317,1FZC_1_2,B,K,-,C,0.3609756097560975,-85.1,79.9,0.19936882206840667
318,1FZC_1_2,B,Q,-,C,0.1666666666666666,-140.0,119.1,0.034445195666211154
319,1FZC_1_2,B,C,T,C,0.0,-51.9,-39.3,0.0066928509242848554
320,1FZC_1_2,B,S,T,C,0.0384615384615384,-71.3,-27.0,0.009801358083433373
321,1FZC_1_2,B,K,T,C,0.375609756097561,-75.6,-35.8,0.22375744028441844
322,1FZC_1_2,B,E,T,C,0.1134020618556701,-95.9,153.4,0.020512814193540684
323,1FZC_1_2,B,D,T,C,0.0,82.9,-19.4,0.0066928509242848554
324,1FZC_1_2,B,G,-,C,0.25,70.5,9.8,0.07585818002124355
325,1FZC_1_2,B,G,S,C,0.0238095238095238,-140.9,-171.3,0.008476838365093591
326,1FZC_1_2,B,G,-,C,0.0,-102.8,129.3,0.0066928509242848554
327,1FZC_1_2,B,W,B,E,0.013215859030837,-164.0,168.3,0.00763126282441403
328,1FZC_1_2,B,W,-,C,0.0088105726872246,-84.0,65.1,0.00730478353082779
329,1FZC_1_2,B,Y,-,C,0.0,-68.2,147.7,0.0066928509242848554
330,1FZC_1_2,B,N,S,C,0.1910828025477707,-138.1,76.4,0.04355611661896666
331,1FZC_1_2,B,R,S,C,0.2580645161290322,39.6,51.6,0.08170865036549745
332,1FZC_1_2,B,C,B,E,0.0,-114.3,-54.7,0.0066928509242848554
333,1FZC_1_2,B,H,-,C,0.0,-158.0,165.7,0.0066928509242848554
334,1FZC_1_2,B,A,S,C,0.0,-112.6,-28.0,0.0066928509242848554
335,1FZC_1_2,B,A,B,E,0.0,-127.1,138.8,0.0066928509242848554
336,1FZC_1_2,B,N,-,C,0.0,-130.4,60.1,0.0066928509242848554
337,1FZC_1_2,B,P,T,C,0.0,-68.1,152.3,0.0066928509242848554
338,1FZC_1_2,B,N,T,C,0.0,93.1,-2.8,0.0066928509242848554
339,1FZC_1_2,B,G,S,C,0.0119047619047619,-76.2,-170.7,0.007532611340759874
340,1FZC_1_2,B,R,-,C,0.1048387096774193,-85.5,138.0,0.01886109142332105
341,1FZC_1_2,B,Y,-,C,0.027027027027027,-89.0,97.2,0.00875159035598327
342,1FZC_1_2,B,Y,-,C,0.036036036036036,-85.4,129.7,0.009568733265923559
343,1FZC_1_2,B,W,T,C,0.6563876651982379,-73.4,127.3,0.8269089237188276
344,1FZC_1_2,B,G,T,C,0.4880952380952381,91.9,-10.5,0.47027319513604826
345,1FZC_1_2,B,G,S,C,0.0,96.2,-55.0,0.0066928509242848554
346,1FZC_1_2,B,Q,B,E,0.6767676767676768,-79.9,141.7,0.854168516465085
347,1FZC_1_2,B,Y,-,C,0.009009009009009,-155.2,163.9,0.007319187066645101
348,1FZC_1_2,B,T,-,C,0.3873239436619718,-134.8,172.5,0.2447594228086944
349,1FZC_1_2,B,W,T,C,0.6211453744493393,-61.1,-33.7,0.7705560713045283
350,1FZC_1_2,B,D,T,C,0.0920245398773006,-90.3,20.0,0.01663036883425084
351,1FZC_1_2,B,M,T,C,0.1117021276595744,-117.2,-24.9,0.02017403231598799
352,1FZC_1_2,B,A,S,C,0.0,-84.2,124.9,0.0066928509242848554
353,1FZC_1_2,B,K,T,C,0.4048780487804878,-44.1,-56.1,0.2786396343692968
354,1FZC_1_2,B,H,T,C,0.5271739130434783,-99.7,15.7,0.5675198090315401
355,1FZC_1_2,B,G,S,C,0.2857142857142857,72.8,14.7,0.10500058502026478
356,1FZC_1_2,B,T,S,C,0.1338028169014084,-115.9,178.4,0.02503878102192171
357,1FZC_1_2,B,D,-,C,0.0490797546012269,-83.8,81.9,0.010887395328887484
358,1FZC_1_2,B,D,-,C,0.0184049079754601,-99.3,-151.9,0.008034441331116502
359,1FZC_1_2,B,G,S,C,0.0,84.6,140.2,0.0066928509242848554
360,1FZC_1_2,B,V,S,C,0.0,-74.8,84.2,0.0066928509242848554
361,1FZC_1_2,B,V,-,C,0.0,-98.9,145.4,0.0066928509242848554
362,1FZC_1_2,B,W,B,E,0.0,-139.5,86.3,0.0066928509242848554
363,1FZC_1_2,B,M,H,H,0.0372340425531914,-54.4,-38.4,0.00968294005590699
364,1FZC_1_2,B,N,H,H,0.2038216560509554,-67.1,-19.3,0.04918253891718858
365,1FZC_1_2,B,W,H,H,0.2775330396475771,-96.1,-62.8,0.09755692113642503
366,1FZC_1_2,B,K,H,H,0.3024390243902439,-117.3,13.3,0.12178761902387682
367,1FZC_1_2,B,G,B,E,0.2023809523809523,78.3,-172.5,0.048513172846830856
368,1FZC_1_2,B,S,T,C,0.1384615384615384,-79.7,-29.2,0.026201579784669356
369,1FZC_1_2,B,W,T,C,0.4273127753303964,-104.4,32.9,0.32588146626398373
370,1FZC_1_2,B,Y,B,E,0.0945945945945946,-137.0,127.2,0.017055933744865512
371,1FZC_1_2,B,S,-,C,0.0,-114.8,127.3,0.0066928509242848554
372,1FZC_1_2,B,M,-,C,0.0053191489361702,-61.2,157.7,0.0070559119909427166
373,1FZC_1_2,B,R,S,C,0.282258064516129,-83.9,-39.4,0.10179664447524936
374,1FZC_1_2,B,K,E,E,0.4585365853658537,-134.9,142.0,0.39780146207463785
375,1FZC_1_2,B,M,E,E,0.0106382978723404,-157.5,133.0,0.0074385202187267855
376,1FZC_1_2,B,S,E,E,0.1,-150.5,160.6,0.01798620996209156
377,1FZC_1_2,B,M,E,E,0.0159574468085106,-139.6,132.7,0.007841711605437595
378,1FZC_1_2,B,K,E,E,0.024390243902439,-154.7,155.6,0.008525787363087997
379,1FZC_1_2,B,I,E,E,0.029585798816568,-135.9,160.0,0.008976377097496257
380,1FZC_1_2,B,R,E,E,0.157258064516129,-151.5,135.6,0.031449444695131945
381,1FZC_1_2,B,P,-,C,0.1838235294117647,-46.1,-13.3,0.04063021061114461
382,1FZC_1_2,B,F,-,C,0.4974619289340101,89.1,-89.7,0.49365516293304734
383,1FZC_1_2,B,F,-,C,0.8730964467005076,48.9,360.0,0.9765913908029323
