	A-PRO-46	A-PRO-54	A-PRO-106	A-PRO-109	A-PRO-150	A-PRO-170	A-PRO-207	A-PRO-228	A-PRO-243	A-PRO-255	A-PRO-277	A-PRO-289	B-PRO-369	B-PRO-378	B-PRO-391
A-PRO-46	0.0	18.429106	39.37888	36.607018	36.52289	27.61479	21.484423	28.849062	28.593904	15.856012	28.809399	20.716843	11.707772	31.702429	15.201576
A-PRO-54	18.429106	0.0	22.872467	23.272411	28.357826	19.737183	30.491005	23.917358	19.887644	23.109947	20.678959	23.275639	20.482708	16.93117	22.671272
A-PRO-106	39.37888	22.872467	0.0	9.3016615	35.351982	25.136503	41.386177	27.49104	19.612026	37.904076	25.411585	31.657543	35.937504	15.336829	35.803284
A-PRO-109	36.607018	23.272411	9.3016615	0.0	39.442406	25.544851	34.421696	21.007986	12.572269	32.406025	21.411932	24.747541	30.655039	14.899449	30.563044
A-PRO-150	36.52289	28.357826	35.351982	39.442406	0.0	17.583738	47.47639	50.146797	43.31643	47.851635	48.076847	41.802986	41.78745	40.902874	37.40685
A-PRO-170	27.61479	19.737183	25.136503	25.544851	17.583738	0.0	32.160152	35.852993	28.466434	34.858253	35.846718	25.51536	28.32418	30.2795	22.86738
A-PRO-207	21.484423	30.491005	41.386177	34.421696	47.47639	32.160152	0.0	25.805246	25.767735	16.521732	31.182117	9.75048	11.914578	36.280754	10.184765
A-PRO-228	28.849062	23.917358	27.49104	21.007986	50.146797	35.852993	25.805246	0.0	8.978699	16.861103	7.802493	19.204292	20.401232	16.443865	26.303696
A-PRO-243	28.593904	19.887644	19.612026	12.572269	43.31643	28.466434	25.767735	8.978699	0.0	20.723564	11.59294	16.83831	20.861576	12.756187	23.83285
A-PRO-255	15.856012	23.109947	37.904076	32.406025	47.851635	34.858253	16.521732	16.861103	20.723564	0.0	19.490376	15.513561	8.052884	27.281946	17.375149
A-PRO-277	28.809399	20.678959	25.411585	21.411932	48.076847	35.846718	31.182117	7.802493	11.59294	19.490376	0.0	24.122831	23.210978	11.308271	29.66867
A-PRO-289	20.716843	23.275639	31.657543	24.747541	41.802986	25.51536	9.75048	19.204292	16.83831	15.513561	24.122831	0.0	10.529601	27.446648	9.051833
B-PRO-369	11.707772	20.482708	35.937504	30.655039	41.78745	28.32418	11.914578	20.401232	20.861576	8.052884	23.210978	10.529601	0.0	28.177485	9.499442
B-PRO-378	31.702429	16.93117	15.336829	14.899449	40.902874	30.2795	36.280754	16.443865	12.756187	27.281946	11.308271	27.446648	28.177485	0.0	32.057636
B-PRO-391	15.201576	22.671272	35.803284	30.563044	37.40685	22.86738	10.184765	26.303696	23.83285	17.375149	29.66867	9.051833	9.499442	32.057636	0.0
