	A-2-A	D-3-A	K-4-A	E-5-A	L-6-A	K-7-A	F-8-A	L-9-A	V-10-A	V-11-A	D-12-A	D-13-A	F-14-A	S-15-A	T-16-A	M-17-A	R-18-A	R-19-A	I-20-A	V-21-A	R-22-A	N-23-A	L-24-A	L-25-A	K-26-A	E-27-A	L-28-A	G-29-A	F-30-A	N-31-A	N-32-A	V-33-A	E-34-A	E-35-A	A-36-A	E-37-A	D-38-A	G-39-A	V-40-A	D-41-A	A-42-A	L-43-A	N-44-A	K-45-A	L-46-A	Q-47-A	A-48-A	G-49-A	G-50-A	Y-51-A	G-52-A	F-53-A	V-54-A	I-55-A	S-56-A	D-57-A	W-58-A	N-59-A	M-60-A	P-61-A	N-62-A	M-63-A	D-64-A	G-65-A	L-66-A	E-67-A	L-68-A	L-69-A	K-70-A	T-71-A	I-72-A	R-73-A	A-74-A	D-75-A	G-76-A	A-77-A	M-78-A	S-79-A	A-80-A	L-81-A	P-82-A	V-83-A	L-84-A	M-85-A	V-86-A	T-87-A	A-88-A	E-89-A	A-90-A	K-91-A	K-92-A	E-93-A	N-94-A	I-95-A	I-96-A	A-97-A	A-98-A	A-99-A	Q-100-A	A-101-A	G-102-A	A-103-A	S-104-A	G-105-A	Y-106-A	V-107-A	V-108-A	K-109-A	P-110-A	F-111-A	T-112-A	A-113-A	A-114-A	T-115-A	L-116-A	E-117-A	E-118-A	K-119-A	L-120-A	N-121-A	K-122-A	I-123-A	F-124-A	E-125-A	K-126-A	L-127-A	G-128-A	M-129-A
P-159-B	42.30042	45.732883	47.0155	48.60107	45.373993	46.091835	43.562447	43.29271	42.062378	41.18733	41.270428	43.250908	44.06339	46.85491	46.297726	42.720394	44.149445	46.860283	44.45137	42.363426	45.587223	46.515488	43.27785	43.648994	47.333748	46.411686	44.1161	47.0221	46.232815	49.301777	48.867966	47.15442	47.851864	46.618675	45.61577	45.16973	42.502815	40.8444	44.06019	46.228794	43.808613	43.816303	47.62317	48.00469	45.63107	47.85336	50.448734	48.06813	48.33347	45.06392	42.3224	39.763092	38.841064	37.48632	36.73505	36.11531	33.680405	35.68792	39.247353	41.796436	42.7532	39.753525	36.65533	34.912056	32.05491	34.69337	36.749794	33.813843	33.242016	36.992783	37.36181	34.588295	36.337864	39.785034	41.239536	42.968807	40.49465	37.096424	36.813274	37.608696	35.338383	34.34086	33.09418	31.762716	32.841427	30.871092	31.859243	28.4651	25.32769	23.240465	20.228535	21.732666	24.811247	23.203579	21.049988	24.08027	26.188486	23.981642	23.720053	27.48191	28.205597	29.161982	29.965939	28.46202	28.789337	30.431786	30.691557	34.25097	36.262	35.70854	37.910362	39.700172	37.43532	34.18697	35.886246	37.038033	33.60858	32.119766	35.183475	35.17947	31.631746	32.472137	35.70163	33.81413	31.533373	34.80445	37.050884	39.615532
R-160-B	38.911293	42.372055	43.793	45.415485	42.22156	43.102596	40.728085	40.669945	39.63896	38.995953	39.355915	41.587475	42.442116	45.03975	44.511757	40.8467	42.04134	44.722748	42.325573	40.035526	43.12358	44.072453	40.772675	40.93125	44.598396	43.707798	41.236492	44.036804	43.262424	46.41265	45.960682	44.433304	45.267773	44.26558	43.433025	43.26399	40.655014	38.88862	42.132347	44.17149	41.547955	41.51833	45.33089	45.54173	43.01552	45.258175	47.724197	45.186096	45.31825	42.09888	39.228397	36.803116	36.13096	34.946907	34.47446	34.173603	31.993555	34.30636	37.787754	40.483177	41.335083	38.14967	35.057903	33.015053	30.197674	32.871468	34.642036	31.4992	31.051556	34.773537	34.84329	31.977392	33.889454	37.215572	38.467453	40.061405	37.644745	34.222374	33.7063	34.59196	32.312588	31.584103	30.436773	29.44067	30.761635	29.148523	30.465733	27.279764	23.913586	22.173367	18.951557	20.64089	23.353388	21.290913	19.115135	22.285954	24.00844	21.449623	21.390598	25.17403	25.49476	26.455946	26.983978	25.657911	26.341658	28.152317	28.811056	32.47962	34.52347	33.659454	35.700054	37.21733	34.858597	31.68243	33.258404	34.17095	30.687202	29.213417	32.13563	31.948591	28.336042	29.198511	32.30817	30.286758	27.980835	31.26351	33.424984	36.091022
R-161-B	36.667675	40.24337	41.686405	43.541687	40.5129	41.684708	39.42834	39.69961	38.734367	38.448654	38.957478	41.435013	42.099693	44.465908	43.74751	40.044846	41.15176	43.63142	41.076626	38.732536	41.73809	42.471863	39.03597	39.16155	42.735844	41.648766	39.061604	41.880276	41.352947	44.6516	44.40191	43.095806	44.227562	43.475525	42.965233	43.041176	40.654015	38.976135	42.32676	44.094032	41.26081	41.389267	45.180664	45.078312	42.474792	44.873184	47.095657	44.37171	44.198692	40.9661	37.896	35.535667	35.161583	33.967167	33.888058	33.796272	31.9882	34.614155	38.07142	41.001324	41.94555	38.652767	35.464092	33.091026	30.51746	33.36925	34.755463	31.450306	31.363102	35.04249	34.7037	31.877645	34.10347	37.21388	38.265305	39.552402	37.109966	33.767193	32.834408	33.63951	31.161697	30.69757	29.396261	28.77909	30.080547	28.776905	30.154873	27.11054	23.518747	22.364697	19.284508	21.469946	23.727135	21.173254	19.410242	22.833893	23.983784	21.198467	21.703392	25.397524	25.18562	25.83158	25.830343	24.438768	25.332447	26.975067	27.87939	31.562937	33.45018	32.216743	33.924885	35.24968	32.635	29.680298	31.413393	31.99333	28.378292	27.25105	30.155045	29.60106	26.033262	27.269505	30.185188	27.8889	25.85943	29.305607	31.144278	33.948154
I-162-B	32.916862	36.50551	37.998886	39.886097	36.901535	38.191723	36.039326	36.49146	35.662018	35.600777	36.321487	39.000378	39.659496	41.82703	41.1212	37.377083	38.282124	40.705017	38.173267	35.6815	38.55928	39.300262	35.837727	35.797672	39.343777	38.29583	35.592667	38.326397	37.808006	41.15236	40.912613	39.744713	41.000637	40.437527	40.10629	40.412407	38.142307	36.450317	39.827217	41.41415	38.42776	38.60363	42.36398	42.070152	39.396694	41.86233	43.93209	41.10482	40.78107	37.56494	34.40577	32.117558	31.939407	30.846565	31.032997	31.205753	29.691776	32.569622	35.91721	38.976112	39.877735	36.476307	33.294556	30.663277	28.245731	31.151165	32.21363	28.789152	28.941479	32.546577	31.904371	29.121538	31.56614	34.493034	35.42238	36.48948	34.02881	30.761501	29.585455	30.335876	27.785206	27.516846	26.23672	25.934185	27.386885	26.443281	28.082535	25.31603	21.609547	20.887585	17.804796	20.14921	21.904749	18.964474	17.406404	20.885519	21.534311	18.545485	19.43484	22.98742	22.359709	22.83291	22.512468	21.21167	22.383926	24.11139	25.372059	29.087458	30.976192	29.47811	31.037136	32.113873	29.467684	26.58017	28.173277	28.567661	24.94315	23.821789	26.60449	25.935408	22.341991	23.617706	26.45432	24.106447	22.120728	25.607912	27.383867	30.193375
I-163-B	31.44961	35.121033	36.7807	38.86079	36.06643	37.702663	35.819748	36.656807	36.05598	36.37762	37.362755	40.280697	40.851833	42.734776	41.93914	38.18438	38.868923	41.09953	38.505512	35.887993	38.55808	39.142067	35.584015	35.3574	38.76085	37.585762	34.679344	37.300343	37.005928	40.493607	40.38105	39.54718	41.08476	40.86541	40.84236	41.470173	39.38251	37.674564	41.04169	42.397602	39.207443	39.399258	43.090614	42.52486	39.70859	42.201862	44.01574	40.977066	40.373425	37.265415	33.906086	31.863285	32.1209	31.2113	31.846867	32.36257	31.248722	34.376312	37.588135	40.771317	41.617443	38.114452	34.980972	32.07816	29.856794	32.74626	33.417797	29.850632	30.21156	33.66077	32.614754	29.80768	32.411358	35.076736	35.66055	36.47512	34.159344	30.95797	29.362747	30.205643	27.629877	27.821863	26.601427	26.825775	28.394838	27.894316	29.686605	27.194653	23.412579	23.211088	20.292395	22.780344	24.078098	20.809845	19.52918	22.953402	23.056911	19.840519	21.0444	24.37746	23.173697	23.513388	22.61364	21.53714	23.116558	24.774612	26.41158	30.070501	31.80805	29.895416	31.037655	31.747221	28.851528	26.305782	27.905994	27.793503	24.08648	23.348017	25.886477	24.696514	21.165768	22.765575	25.197382	22.449392	20.715616	24.2487	25.584478	28.642927
L-164-B	27.76851	31.46837	33.14073	35.307137	32.618896	34.42082	32.66192	33.73806	33.262318	33.874622	35.051666	38.15504	38.655003	40.28803	39.46117	35.713203	36.195854	38.29578	35.71171	32.986217	35.49297	36.020454	32.442387	32.06398	35.389805	34.211468	31.197283	33.73437	33.514614	37.05546	37.01732	36.3574	38.07153	38.073357	38.294792	39.16239	37.273438	35.62966	39.006866	40.109135	36.783382	37.088043	40.698574	39.883198	37.042366	39.634274	41.229053	38.09407	37.269215	34.179504	30.724829	28.764414	29.26971	28.440142	29.414757	30.196388	29.46908	32.81182	35.86546	39.16633	40.010464	36.460186	33.35431	30.214975	28.27464	31.201899	31.477663	27.86445	28.562284	31.857643	30.460077	27.808165	30.659052	33.04647	33.502842	33.9963	31.649086	28.626678	26.711359	27.402029	24.710394	25.139467	23.8904	24.513327	26.148865	26.07007	28.04464	25.914398	22.14418	22.472027	19.776117	22.366388	23.072184	19.526724	18.665092	21.99607	21.490187	18.236246	19.928663	22.921202	21.243992	21.248394	19.87621	18.877596	20.723906	22.334515	24.321823	27.901962	29.5601	27.352234	28.247702	28.657726	25.71436	23.340626	24.808767	24.420908	20.724903	20.123932	22.487446	21.082157	17.595324	19.369038	21.625628	18.773026	17.254627	20.86302	22.012012	25.061802
S-165-B	27.10454	30.821518	32.721767	35.036045	32.57927	34.72523	33.32054	34.7676	34.582775	35.537495	36.98273	40.260742	40.72559	42.078114	41.222515	37.51092	37.737858	39.650272	37.07954	34.241608	36.470104	36.874184	33.272255	32.64902	35.771584	34.520546	31.306042	33.629314	33.61939	37.256824	37.30348	37.02392	38.975838	39.336437	39.825172	41.003075	39.267567	37.575603	40.86737	41.778812	38.30137	38.55098	42.050377	41.01381	38.03442	40.56888	41.907658	38.58563	37.51318	34.619186	31.01515	29.411783	30.380604	29.823374	31.197721	32.316257	31.930155	35.415405	38.29295	41.630566	42.36132	38.74815	35.76531	32.457817	30.670395	33.47324	33.42104	29.736792	30.526615	33.606106	31.875679	29.203514	32.08459	34.19406	34.26018	34.538944	32.43722	29.507357	27.231365	28.087702	25.515146	26.45185	25.389683	26.5094	28.271938	28.596165	30.696619	28.836132	25.110435	25.746101	23.168537	25.71933	26.133852	22.47682	21.73389	24.877928	24.013521	20.65467	22.410082	25.144331	23.025532	23.01857	21.176285	20.555346	22.76746	24.325506	26.619038	30.063765	31.574217	29.035873	29.512972	29.500769	26.388662	24.450232	25.81401	24.870708	21.231129	21.032461	22.964766	20.9964	17.713045	19.708141	21.358273	18.087732	16.884357	20.349407	20.922539	24.248892
R-166-B	24.501678	28.21989	30.19457	32.67653	30.488756	32.93777	31.816238	33.628517	33.649868	34.989487	36.649914	40.095463	40.446857	41.466442	40.54649	36.912907	36.893032	38.562397	36.00927	33.10419	35.04809	35.297886	31.706701	30.884008	33.782394	32.463608	29.113289	31.249767	31.459726	35.1588	35.35517	35.40928	37.62134	38.31771	39.136826	40.610054	39.140007	37.535408	40.770756	41.374428	37.773308	38.121445	41.462452	40.121777	37.118286	39.701088	40.716404	37.269924	35.881252	33.1184	29.412683	28.063026	29.43511	29.039211	30.843008	32.261	32.32433	35.96088	38.621933	42.03381	42.743435	39.127254	36.236958	32.74404	31.288664	34.041927	33.558636	29.898438	30.994947	33.815434	31.70343	29.229357	32.271572	34.0033	33.814922	33.708126	31.705082	29.044266	26.377996	27.11856	24.535622	25.860998	24.840128	26.453314	28.222092	29.004314	31.196468	29.726324	26.121681	27.23079	24.943062	27.518724	27.43886	23.670465	23.320644	26.260515	24.866974	21.60481	23.686813	25.991621	23.430408	23.109667	20.73205	20.320139	22.763603	24.14153	26.728619	29.952988	31.276247	28.409119	28.45419	28.006063	24.809393	23.31981	24.534895	23.07918	19.581612	19.800926	21.30865	18.857264	15.9072895	18.18387	19.25092	15.717714	15.08299	18.416174	18.38913	21.783663
L-167-B	22.768251	26.567919	28.151669	30.76344	28.590702	30.942627	29.536436	31.288713	30.999947	32.36751	33.80949	37.224827	37.350384	38.375225	37.26742	33.663273	33.832897	35.398182	32.692802	29.94367	32.04865	32.135017	28.478622	27.937262	30.882223	29.39727	26.202396	28.616049	28.933372	32.642975	33.050495	32.9084	35.185448	35.73383	36.638306	37.97882	36.67997	35.356243	38.7265	39.180996	35.6379	36.309505	39.644512	38.19806	35.413895	38.24301	39.224045	35.897724	34.421627	31.431286	27.775475	26.068615	27.215654	26.441639	28.241478	29.451717	29.622911	33.27438	35.9908	39.51586	40.483627	36.973454	33.92695	30.416538	29.225735	32.208008	31.662603	28.134388	29.580633	32.449543	30.340517	28.178715	31.452728	33.154392	33.288776	32.994556	30.65383	28.195946	25.539972	25.770287	22.822598	23.795437	22.326605	23.820978	25.25109	25.982145	27.972702	26.553097	22.993853	24.420706	22.481882	25.299469	24.998545	21.207575	21.375057	24.412367	22.824778	19.885235	22.427258	24.594227	22.114424	21.250479	18.77298	17.817297	19.91095	20.918167	23.367687	26.509882	27.712984	24.82289	24.837503	24.560816	21.299616	19.75096	21.223906	19.918234	16.292625	16.702234	18.575489	16.258524	13.367437	16.053413	17.445307	14.1652	13.944212	17.561607	17.672575	20.68187
K-168-B	20.483582	24.287363	25.672337	28.56104	26.745197	29.350586	28.094662	30.174307	29.90496	31.657944	33.148556	36.660492	36.52629	37.220154	35.919914	32.456154	32.510605	33.724716	30.943785	28.278751	30.163801	29.937857	26.273008	25.73164	28.40671	26.695757	23.483067	25.866741	26.55647	30.318886	31.049768	31.155617	33.735607	34.534016	35.81339	37.342587	36.40943	35.342316	38.694633	38.77943	35.193558	36.127308	39.273502	37.493374	34.839195	37.813087	38.45195	35.10281	33.272984	30.329432	26.653877	25.037104	26.445179	25.614384	27.802673	29.142447	29.783243	33.511898	36.036667	39.651005	40.736195	37.32127	34.30965	30.686768	29.945631	32.951385	32.01493	28.642668	30.492163	33.116707	30.713228	28.91575	32.369812	33.7083	33.763905	33.03905	30.66517	28.598555	25.65106	25.50439	22.424871	23.553642	21.897753	23.752205	24.930157	26.026411	27.908054	26.877869	23.540762	25.494919	24.024588	26.920113	26.154541	22.382124	23.098366	25.948618	23.905632	21.302397	24.206312	25.929716	23.205708	21.838617	18.914701	17.884586	19.88232	20.411997	22.959362	25.746784	26.634846	23.4353	22.917824	22.28049	18.873398	17.9063	19.416658	17.604744	14.144636	15.292022	16.861769	14.070688	11.8512125	15.065846	15.900634	12.616516	13.423255	16.841753	16.317997	19.05755
A-169-B	21.77005	25.519365	26.428823	29.589813	28.074083	30.704182	29.300106	31.42341	30.826557	32.691525	33.879707	37.30919	36.788086	37.407303	35.742393	32.4243	32.754547	33.634686	30.587385	28.284163	30.259071	29.571503	25.849024	25.76267	28.223888	26.063562	23.135859	25.793608	26.943485	30.69147	31.85694	31.921444	34.687557	35.42036	36.90039	38.295254	37.63667	36.924835	40.37244	40.253002	36.762264	38.034134	41.101494	39.16279	36.761204	39.9279	40.427235	37.18933	35.17774	32.141533	28.560844	26.74309	28.00456	26.773891	28.988361	30.03301	30.807623	34.47261	37.05625	40.770912	42.163456	38.910294	35.75609	32.184483	31.72726	34.921616	33.954674	30.770042	32.8804	35.51362	33.134254	31.61147	35.176617	36.46188	36.69526	35.79641	33.24858	31.40141	28.459517	27.922672	24.625303	25.457064	23.355204	25.042059	25.679138	26.628866	28.054205	27.005358	23.778727	26.039581	25.00775	28.193237	27.389809	23.722914	24.88354	27.855488	25.799328	23.55087	26.68968	28.36542	25.811157	24.050442	21.124968	19.580435	21.009527	20.864561	23.006117	25.516705	26.034403	22.769747	21.883165	21.421343	17.757286	17.21137	19.301085	17.447779	14.063297	15.965974	17.796415	15.003198	13.454732	17.050993	17.834225	14.904112	16.303131	19.627655	18.877249	21.207182
G-170-B	22.431988	26.153498	26.674122	29.752434	28.06665	30.356731	28.524855	30.318224	29.29871	30.92096	31.74471	35.01541	34.34083	35.182377	33.37326	30.043911	30.74045	31.677166	28.469284	26.397224	28.729198	27.9934	24.221704	24.588818	27.240816	24.994898	22.381767	25.41634	26.464813	30.122227	31.34661	30.992165	33.607826	33.97063	35.30153	36.37292	35.71498	35.21698	38.790752	38.727367	35.3936	36.87682	40.011127	38.18847	36.008713	39.32105	39.994465	36.96055	35.108486	31.833622	28.411547	26.154743	26.929924	25.253317	27.158314	27.789637	28.395046	31.947842	34.696114	38.45057	40.08847	36.959854	33.63499	30.195774	29.808905	33.19746	32.4313	29.396969	31.609129	34.389652	32.258823	30.901257	34.514206	35.97072	36.594532	35.788475	32.949093	31.125359	28.459126	27.60783	24.08455	24.351002	21.840073	23.063927	23.309578	23.901312	25.009281	23.78335	20.576742	22.926037	22.17685	25.543169	24.788015	21.252304	22.726528	25.811703	23.89554	21.980268	25.27212	26.99542	24.800213	22.778877	20.154705	18.012981	18.85275	18.349096	20.075985	22.604809	23.087938	20.024387	19.40675	19.515182	15.854982	14.88522	17.44137	16.21265	12.6620245	14.463653	16.95441	14.801709	13.178567	16.751873	18.1795	15.775233	16.982067	20.46584	20.255	22.227798
E-171-B	21.152496	24.93543	25.81111	28.58472	26.508482	28.6506	26.803082	28.429722	27.608925	29.020462	30.060785	33.389065	33.105526	34.11601	32.67311	29.154793	29.661272	31.008244	28.042862	25.615383	27.980343	27.752768	24.014853	24.011904	26.982092	25.203037	22.354126	25.22377	25.742039	29.401413	30.177668	29.714052	32.080135	32.38018	33.435223	34.542885	33.567104	32.744713	36.28419	36.472027	33.074284	34.273636	37.538242	35.928062	33.548786	36.724255	37.620796	34.53844	32.93891	29.65411	26.177914	23.937654	24.676552	23.253878	25.021936	25.84138	26.22573	29.845818	32.611168	36.289772	37.67966	34.39518	31.139452	27.661459	26.968573	30.259102	29.606236	26.393007	28.378277	31.238323	29.173553	27.576479	31.115604	32.714226	33.321213	32.73813	29.945513	27.885542	25.326435	24.743156	21.321144	21.661695	19.443153	20.682108	21.4247	22.061144	23.62871	22.346855	18.95934	20.990173	19.786896	22.9348	22.231537	18.545204	19.652727	22.708502	20.835333	18.6159	21.77965	23.608727	21.361277	19.626856	17.103447	15.209049	16.49715	16.686419	18.803398	21.719923	22.657402	19.724207	19.647932	19.711485	16.34725	14.717617	16.733086	15.7556	11.990606	12.854101	15.381156	13.464003	11.012402	14.236562	16.064613	13.547023	14.06315	17.738153	18.019917	20.225437
V-172-B	24.923689	28.704786	29.57707	32.295135	30.11131	32.10196	30.090664	31.462887	30.447884	31.543064	32.32372	35.47328	35.191017	36.503548	35.003685	31.45938	32.28172	33.745502	30.685616	28.43821	31.049465	30.813204	27.070011	27.33144	30.375525	28.521122	25.847685	28.846811	29.340174	32.95249	33.69614	33.03295	35.238243	35.2782	36.09017	36.915325	35.73923	34.880764	38.489586	38.931763	35.642994	36.772514	40.16924	38.790524	36.4221	39.551136	40.67817	37.65824	36.26061	32.91643	29.488214	27.121738	27.577541	26.0007	27.383553	27.851233	27.787798	31.2492	34.28039	37.92071	39.399483	36.131542	32.742924	29.44609	28.442741	31.82698	31.590788	28.342127	30.041828	33.158318	31.414764	29.598602	32.99585	34.92421	35.66968	35.403492	32.58859	30.269152	27.96604	27.573902	24.196062	24.26779	22.003721	22.744656	23.370855	23.438581	24.733532	22.904957	19.308447	20.888765	19.454006	22.803122	22.713099	19.112473	19.888788	23.292501	21.996784	19.662748	22.537338	24.850317	23.003494	21.587383	19.535568	17.453562	18.43857	18.667366	20.29529	23.396662	24.39648	21.808084	22.036577	22.589363	19.23012	17.364794	19.699966	19.12699	15.343573	15.984377	18.818468	17.174145	14.551896	17.517416	19.621815	17.070135	17.128487	20.901367	21.404636	23.785503
D-173-B	25.746868	29.425526	29.817211	32.58192	30.48222	32.256878	29.936607	31.116098	29.669851	30.669188	31.03485	34.0034	33.3979	34.794575	33.018276	29.586649	30.788818	32.09389	28.834623	26.966	29.815254	29.325651	25.596645	26.372068	29.38045	27.3045	25.029081	28.325586	28.957855	32.44738	33.436817	32.50038	34.68615	34.462017	35.294525	35.838287	34.852695	34.365025	38.07017	38.39673	35.291435	36.755363	40.10092	38.693848	36.63818	39.948498	41.07015	38.263275	36.85473	33.352036	30.116468	27.419847	27.501457	25.449436	26.637976	26.662712	26.597	29.906729	33.030727	36.72896	38.541588	35.487206	31.946405	28.798464	28.076437	31.650072	31.478298	28.504007	30.449575	33.58374	31.993553	30.51619	33.988438	35.91444	36.985622	36.62327	33.556736	31.456196	29.317322	28.48098	24.899698	24.472229	21.743185	22.086306	22.100748	21.846703	22.617018	20.693493	17.248495	19.122622	18.28542	21.88875	21.725807	18.37903	19.732193	23.153996	21.89705	20.129793	23.228148	25.393843	23.874382	22.027706	20.174238	17.498594	17.700394	17.249666	18.278961	21.171095	21.929628	19.526466	19.796177	20.847578	17.525135	15.592501	18.434395	18.307453	14.665627	15.535419	18.772598	17.57371	15.381274	18.403921	20.72991	18.702305	19.053768	22.746788	23.3585	25.2821
L-174-B	22.893986	26.49883	26.857368	29.422306	27.146849	28.740152	26.319742	27.389114	25.959972	26.924871	27.396107	30.440336	29.981539	31.366625	29.77812	26.252869	27.30461	28.78809	25.67214	23.600252	26.465012	26.250513	22.556591	23.173996	26.36708	24.585232	22.256977	25.51222	25.82281	29.252007	30.048183	28.981102	31.04669	30.776365	31.547953	32.14193	31.129356	30.609987	34.30387	34.608303	31.488232	32.961643	36.2987	34.90607	32.87395	36.20174	37.35722	34.61369	33.289295	29.735151	26.57703	23.769135	23.734415	21.678638	22.864754	23.003529	23.043568	26.45414	29.480288	33.187756	34.92469	31.841787	28.346777	25.122208	24.507288	28.063828	27.762144	24.828062	26.911911	29.964828	28.333109	27.006426	30.536842	32.375114	33.5467	33.122448	29.96721	27.97597	25.9076	24.896677	21.271336	20.71065	17.941141	18.324148	18.453476	18.425873	19.51354	17.878822	14.459084	16.582853	15.819203	19.257397	18.653341	15.216967	16.84328	20.0491	18.471235	16.874844	20.192986	22.064573	20.482496	18.409843	16.542944	13.746969	13.943529	13.621413	14.985794	18.016706	19.00934	16.553783	17.11043	18.088028	15.022934	12.628958	15.149848	15.301312	11.641282	11.996049	15.371762	14.60036	12.276043	15.042741	17.65974	16.041374	16.260586	19.862862	20.808207	22.452482
L-175-B	24.304567	27.926468	28.66084	30.947521	28.345999	29.785778	27.3809	28.205782	26.955107	27.56165	28.148325	31.132542	31.084093	32.748444	31.505133	27.846846	28.819029	30.700546	27.818878	25.52514	28.427454	28.641706	25.036974	25.373405	28.76878	27.34203	24.866112	27.93217	27.842329	31.237339	31.622026	30.457745	32.222668	31.825031	32.215042	32.728542	31.286713	30.381783	34.039333	34.740765	31.618921	32.717304	36.232395	35.172577	32.92642	36.044106	37.510693	34.73521	33.741238	30.223392	27.043503	24.305498	24.164177	22.387653	23.232847	23.411676	22.946184	26.30223	29.468536	33.03958	34.529728	31.29136	27.829462	24.68901	23.516544	26.983381	27.055023	23.900303	25.513268	28.79187	27.410793	25.666359	29.001253	31.170393	32.34351	32.328045	29.277813	26.890139	25.068352	24.514805	21.11152	20.565037	18.204924	18.342302	19.000025	18.69315	20.121048	18.103369	14.39665	15.71102	14.134341	17.447437	17.38557	13.820819	14.661724	18.117146	17.023048	14.92686	17.85562	20.2144	18.828178	17.370695	15.947519	13.467764	14.056421	14.625712	16.096294	19.527094	20.960316	18.859167	19.929426	20.940725	18.144968	15.393128	17.420511	17.785517	14.119757	13.618601	16.886557	16.302824	13.308308	15.492425	18.421928	16.61791	15.976336	19.691683	21.08389	23.072271
E-176-B	27.766539	31.368343	31.883545	34.238228	31.701254	33.026558	30.438826	31.075247	29.505814	29.899294	30.077642	32.8077	32.546715	34.427692	32.96502	29.405533	30.791328	32.590748	29.536005	27.610348	30.734663	30.734278	27.145466	27.908932	31.248167	29.59371	27.409767	30.681255	30.75572	34.080936	34.634647	33.286545	34.991592	34.339638	34.625294	34.810326	33.37567	32.671364	36.389515	37.17451	34.241734	35.468777	39.00299	38.05495	35.98674	39.147675	40.710094	38.06965	37.143032	33.553997	30.486023	27.58774	27.167143	25.085966	25.61786	25.315176	24.553759	27.642996	31.021194	34.562973	36.30143	33.230625	29.628824	26.750717	25.5408	29.119936	29.510101	26.526545	28.044237	31.453289	30.361757	28.661583	31.892656	34.239025	35.60936	35.723392	32.59097	30.181826	28.561901	27.934778	24.507048	23.635849	21.059298	20.708607	20.897177	19.99549	20.821236	18.312298	14.614138	15.637912	14.276486	17.882326	18.368385	15.181596	16.040058	19.6937	19.135376	17.34217	20.038654	22.626822	21.710045	20.295303	19.241642	16.480135	16.44055	16.562853	17.256868	20.576645	21.83893	20.095612	21.268988	22.781364	19.95848	17.240221	19.737518	20.384386	16.804974	16.569122	20.054272	19.591965	16.840244	19.093454	22.053305	20.304996	19.759735	23.47086	24.824451	26.772888
E-177-B	27.202724	30.625832	30.74196	32.998398	30.48129	31.516516	28.65527	29.046236	27.119598	27.378302	27.213501	29.78271	29.310919	31.274588	29.68231	26.200644	27.858978	29.613577	26.501905	24.844028	28.155628	28.098793	24.616877	25.730984	29.081125	27.437477	25.610552	29.030699	29.04493	32.179504	32.825066	31.190273	32.783936	31.872215	32.128117	32.072483	30.801088	30.42774	34.198982	34.862373	32.113914	33.633617	37.08641	36.12728	34.364082	37.662	39.21732	36.811855	35.92211	32.219658	29.396288	26.219667	25.415436	22.944977	23.251606	22.567078	21.831566	24.79391	28.19912	31.782917	33.787098	30.918787	27.221594	24.477684	23.607191	27.318392	27.693117	25.027302	26.828241	30.16077	29.188963	27.896936	31.188477	33.44368	35.118507	35.09989	31.748863	29.623985	28.185638	27.107332	23.557955	22.201754	19.257086	18.510506	18.15093	16.984266	17.418713	14.907186	11.350692	12.830271	12.245125	16.00703	16.14339	13.256163	14.8912115	18.34372	17.659563	16.583452	19.54205	21.75243	21.113554	19.22487	18.390978	15.149398	14.309699	13.850921	13.990117	17.17415	18.36498	16.909784	18.36639	20.304657	17.803692	14.844927	17.483059	18.692713	15.429926	15.064705	18.781313	18.907158	16.54126	18.604008	21.75442	20.61094	20.266504	23.779688	25.300638	26.75238
E-178-B	25.351437	28.712872	29.086823	31.047628	28.251837	29.130892	26.298658	26.544792	24.854336	24.95195	25.081564	27.76495	27.725723	29.754519	28.577377	24.929878	26.267529	28.387814	25.584187	23.530657	26.760078	27.187393	23.79123	24.473013	28.030645	26.836267	24.79083	27.976019	27.54472	30.637028	30.882189	29.198513	30.568901	29.656616	29.689922	29.744755	28.190016	27.484812	31.213732	32.071392	29.241587	30.500158	34.047012	33.250397	31.317116	34.485874	36.202778	33.77572	33.100845	29.42807	26.621153	23.48509	22.629578	20.429653	20.621899	20.207657	19.316658	22.431652	25.7939	29.32161	31.033558	27.976738	24.363811	21.513962	20.367205	24.000628	24.417793	21.585003	23.230135	26.614147	25.678059	24.234388	27.478514	29.813784	31.494316	31.627289	28.313843	26.049753	24.757563	23.845499	20.428549	19.068155	16.414736	15.658542	15.88547	14.901172	16.059893	13.704882	9.9316845	11.102308	9.823817	13.347888	13.321043	10.060334	11.443668	14.908755	14.140842	12.829849	15.801112	18.039652	17.383072	15.68318	15.074711	12.002213	11.514951	11.919381	12.670378	16.24509	17.93298	16.514376	18.349047	19.995401	17.809336	14.4804125	16.405676	17.756845	14.532092	13.31475	16.900278	17.348001	14.585487	16.067549	19.48821	18.52084	17.650917	21.065235	22.994892	24.441721
L-179-B	28.539322	31.942528	32.53203	34.405346	31.483343	32.30589	29.50934	29.58978	27.970562	27.771482	27.838146	30.330624	30.493334	32.768093	31.72849	28.091452	29.510715	31.796627	29.079695	27.05255	30.3156	30.865278	27.518023	28.158	31.752602	30.615795	28.533316	31.666935	31.14683	34.22881	34.310257	32.584797	33.771797	32.735268	32.482536	32.365864	30.507391	29.575024	33.241657	34.442272	31.707872	32.687645	36.343227	35.841274	33.804256	36.78384	38.741436	36.323338	35.884552	32.269516	29.4667	26.426226	25.502378	23.47834	23.355673	22.812696	21.414663	24.267727	27.782219	31.12141	32.71051	29.634716	26.05333	23.45983	21.810654	25.321869	26.20821	23.296953	24.414825	28.00343	27.404667	25.60218	28.567299	31.238861	32.93095	33.452957	30.269728	27.67897	26.635443	26.130905	22.95007	21.61881	19.306507	18.286776	18.732882	17.32739	18.391998	15.547309	11.778848	11.791989	9.716669	13.156516	14.165518	11.210106	11.530812	15.28415	15.389634	13.7384615	16.003075	18.836205	18.583578	17.571007	17.422022	14.721998	14.434176	15.248859	15.738085	19.344893	21.139425	20.041655	22.020647	23.768515	21.566895	18.260656	20.151428	21.479525	18.18757	16.887226	20.355263	20.685986	17.645493	18.961903	22.405178	21.158075	19.856524	23.337547	25.402338	27.166174
G-180-B	30.568241	33.887203	34.088493	36.022427	33.22902	33.885147	30.852146	30.746334	28.708914	28.365398	27.931068	30.13396	29.947287	32.37043	31.048101	27.581005	29.450825	31.567968	28.682774	27.11202	30.587704	30.881048	27.613106	28.749886	32.249508	30.909128	29.223053	32.57378	32.216404	35.16057	35.48169	33.52713	34.676594	33.365986	33.101696	32.636036	30.965971	30.44301	34.165028	35.272385	32.783085	34.077938	37.648712	37.147575	35.43693	38.549816	40.490646	38.28583	37.829575	34.116047	31.502197	28.231625	26.98803	24.533045	24.15854	23.065325	21.567856	24.110119	27.749157	31.08864	33.056126	30.272972	26.557436	24.246183	22.897223	26.538778	27.551226	25.000576	26.301296	29.851704	29.447569	27.98587	30.943285	33.587555	35.540184	35.977528	32.62566	30.261587	29.351538	28.489725	25.190607	23.457512	20.762033	19.304403	19.020594	17.086243	17.351654	14.159976	10.633666	10.705134	9.621436	13.343466	14.479425	12.174053	13.1584425	16.726238	17.02122	16.111006	18.41321	21.00959	21.12624	19.761225	19.783081	16.66167	15.549961	15.5868635	15.178929	18.480839	20.019844	19.33957	21.435715	23.697212	21.626133	18.353638	20.642311	22.333889	19.256794	18.236015	21.919413	22.492481	19.855328	21.313883	24.773005	23.79149	22.836737	26.260395	28.24642	29.73362
H-181-B	29.615486	32.705956	32.79789	34.410812	31.463957	31.745827	28.550947	28.07977	25.92801	25.252651	24.682472	26.736013	26.736773	29.341356	28.26389	24.785398	26.672491	29.039265	26.39593	24.813677	28.346752	28.964302	25.922888	27.022753	30.62001	29.634445	28.110266	31.350111	30.630926	33.340305	33.422905	31.203796	32.03647	30.471512	29.94322	29.284636	27.488403	26.988413	30.689325	31.903357	29.577095	30.87934	34.4377	34.116894	32.558605	35.631096	37.714	35.72562	35.504387	31.77361	29.4279	26.027065	24.402878	21.872204	21.091038	19.770699	18.005579	20.418268	24.09342	27.370258	29.345398	26.628023	22.902021	20.756426	19.417439	23.070621	24.226995	21.89804	23.20624	26.724602	26.555832	25.316734	28.18632	30.84293	33.056313	33.553406	30.104479	27.86899	27.292934	26.249647	23.068298	20.930988	18.269842	16.335213	15.980182	13.731267	14.095854	10.81873	7.2939243	6.961516	6.0142593	9.811204	10.782893	8.828397	10.199536	13.505489	13.9191265	13.617347	15.8880205	18.186527	18.702995	17.238514	17.777582	14.587025	12.998408	13.210137	12.543006	15.910861	17.77967	17.549366	20.154043	22.524418	20.990715	17.42103	19.228071	21.410437	18.713474	17.090698	20.677975	21.865793	19.32862	20.195284	23.852758	23.406775	22.249245	25.374878	27.710833	28.843458
L-182-B	30.894985	33.984367	34.426956	35.824253	32.651524	32.85396	29.783802	29.170195	27.31814	26.384912	26.05349	28.055258	28.526052	31.268913	30.58089	27.040037	28.678917	31.34545	28.975576	27.127636	30.543287	31.514032	28.53906	29.280214	32.986465	32.27901	30.534716	33.571716	32.570686	35.27464	35.00249	32.80634	33.402027	31.827404	30.977108	30.332626	28.120062	27.166136	30.737213	32.346745	30.026829	30.884604	34.566704	34.570763	32.790474	35.59354	37.94123	35.924522	36.00093	32.378773	30.031351	26.80721	25.198187	23.078667	22.080185	20.971886	18.779356	21.061106	24.733776	27.765602	29.36085	26.489239	22.922848	20.922277	18.941841	22.352308	23.908846	21.395285	22.102737	25.792994	25.909517	24.25751	26.828133	29.79372	31.974756	32.878677	29.60896	27.029535	26.733282	26.15916	23.299648	21.292679	19.18474	17.207201	17.530264	15.306352	16.195818	12.945358	9.648499	7.9919305	5.273388	8.432143	10.431841	8.594217	8.444303	11.953253	13.171222	12.386955	13.901206	16.723196	17.575178	16.883123	17.885715	15.244563	14.237822	15.341184	15.109824	18.609728	20.76322	20.590313	23.304068	25.43121	23.938747	20.291887	21.701843	23.767113	20.984594	18.969536	22.321455	23.478556	20.550705	21.021479	24.753239	24.160906	22.439442	25.508995	28.120798	29.498732
T-183-B	33.97077	37.1931	37.673046	39.237446	36.13207	36.475487	33.43668	32.90837	31.016562	30.108229	29.656656	31.54678	31.878832	34.67639	33.821365	30.352036	32.164085	34.70767	32.185776	30.495073	33.966297	34.731266	31.666035	32.56215	36.214542	35.273457	33.532784	36.6867	35.89553	38.69339	38.559727	36.42062	37.106888	35.534374	34.70756	33.97738	31.778473	30.862951	34.406982	36.073105	33.801033	34.6326	38.321636	38.35908	36.560593	39.333714	41.697857	39.63655	39.677036	36.06247	33.621418	30.441582	28.932955	26.78827	25.83336	24.624308	22.374538	24.467274	28.191463	31.136417	32.792816	30.01628	26.46815	24.618616	22.567139	25.895304	27.601276	25.084854	25.609589	29.340477	29.536701	27.727577	30.183327	33.25899	35.360622	36.378403	33.18986	30.483646	30.139091	29.732536	26.867634	25.000378	22.872766	20.96747	21.151913	18.795586	19.28644	15.796879	12.642201	10.90565	8.638166	11.461833	13.936178	12.370133	11.914991	15.3596945	16.859493	15.854413	17.048801	20.126055	20.995506	20.516138	21.38266	18.77788	17.86871	18.730293	18.28403	21.662941	23.598206	23.430992	25.972029	28.232288	26.473421	22.974504	24.75693	26.65573	23.668629	22.02324	25.484419	26.319868	23.325315	24.139236	27.780066	26.842184	25.176697	28.434551	30.871727	32.50583
T-184-B	35.771343	39.133415	39.53805	41.37873	38.448536	39.020947	36.00499	35.694214	33.708492	33.017128	32.466534	34.37807	34.40229	37.112114	35.943573	32.543774	34.525112	36.808216	34.032322	32.528015	36.04315	36.460056	33.26063	34.37641	37.915073	36.629982	34.926994	38.24136	37.791134	40.714207	40.867496	38.840244	39.76953	38.28758	37.683353	36.97246	34.976265	34.239758	37.843517	39.35028	37.03344	38.023983	41.68501	41.548534	39.768345	42.65371	44.877636	42.724392	42.549583	38.89801	36.316475	33.132713	31.79025	29.505322	28.779316	27.520645	25.47987	27.59703	31.34579	34.377567	36.212524	33.504105	29.888395	27.977839	26.119047	29.52883	31.102928	28.561638	29.243237	32.957645	32.995033	31.190248	33.7565	36.76627	38.756985	39.648808	36.453526	33.768196	33.175762	32.729626	29.695158	27.970566	25.619083	23.90295	23.819908	21.49336	21.6062	18.050392	14.905929	13.6871605	12.021428	15.058599	17.369913	15.68912	15.554581	19.067717	20.340221	19.223463	20.622486	23.719467	24.33774	23.686384	24.169579	21.405254	20.485895	20.904953	20.302008	23.53358	25.142862	24.821005	27.044165	29.404142	27.331808	24.081322	26.321402	28.002022	24.848204	23.728828	27.329662	27.808779	24.90916	26.215002	29.705376	28.471437	27.11619	30.576656	32.69523	34.48595
L-185-B	35.44329	38.97107	39.57862	41.640087	38.814957	39.736668	36.937122	36.987495	35.228027	34.875233	34.621307	36.809734	36.800804	39.28694	38.026737	34.544476	36.32914	38.479546	35.579765	33.900463	37.285824	37.550438	34.161922	35.11532	38.5953	37.127243	35.16977	38.461308	38.234608	41.37186	41.63421	39.905052	41.11086	39.94321	39.58772	39.18762	37.26029	36.39123	40.020283	41.417187	38.855907	39.775814	43.46401	43.133156	41.12924	44.025845	46.100594	43.698307	43.310936	39.715836	36.875603	33.879623	32.940113	30.837353	30.526741	29.6339	27.890343	30.314478	33.99963	37.156765	38.874752	35.981445	32.38607	30.171942	28.29636	31.704958	33.028572	30.206688	30.927145	34.63782	34.358677	32.334568	35.014442	37.950417	39.62614	40.43171	37.368443	34.56953	33.63829	33.40171	30.316368	29.022558	26.73853	25.511492	25.675304	23.76589	24.140978	20.77878	17.360033	16.635262	14.73996	17.894197	19.950132	17.720442	17.451107	21.151377	22.081549	20.41682	21.948145	25.193302	25.323586	24.751568	24.764244	22.17741	21.767986	22.26269	22.12777	25.463428	26.96134	26.145708	27.964664	30.02558	27.557913	24.550137	26.941702	28.138048	24.717464	23.9512	27.482697	27.439528	24.430693	26.095211	29.355919	27.670961	26.422297	30.048763	31.864698	33.977127
T-186-B	38.607697	42.207645	42.84978	45.041763	42.297565	43.343906	40.594837	40.73138	38.966705	38.65834	38.35533	40.5001	40.397984	42.887394	41.50976	38.08246	39.95096	41.996655	38.9999	37.419983	40.808002	40.91345	37.476345	38.51213	41.9165	40.274475	38.319714	41.65699	41.60858	44.81058	45.18528	43.53155	44.82389	43.69014	43.377888	42.953644	41.04605	40.19392	43.81567	45.2308	42.67489	43.580784	47.275158	46.93927	44.907627	47.790424	49.852566	47.398598	46.959267	43.383385	40.471313	37.531956	36.685806	34.58442	34.324223	33.398067	31.641466	33.988605	37.69835	40.82136	42.572346	39.717247	36.126137	33.968006	32.055286	35.42905	36.814346	33.97392	34.604847	38.333675	38.072277	35.95233	38.571285	41.553696	43.145645	44.00321	41.008907	38.13924	37.150513	37.026188	33.948734	32.764957	30.483305	29.314535	29.420343	27.468369	27.665926	24.239887	20.930637	20.166468	18.37733	21.42006	23.646276	21.516855	21.133083	24.803574	25.85014	24.098093	25.4774	28.822224	28.94073	28.478619	28.406689	25.875576	25.526752	25.910574	25.689936	28.921822	30.266005	29.429064	31.068024	33.15091	30.516487	27.708097	30.290468	31.319973	27.828848	27.339062	30.861073	30.571726	27.593636	29.461073	32.584476	30.666069	29.506523	33.19701	34.824257	37.10918
D-187-B	38.569298	42.271984	43.115543	45.47097	42.83773	44.182545	41.66031	42.104744	40.56889	40.541008	40.509846	42.88413	42.787388	45.078526	43.66217	40.172253	41.83555	43.7786	40.720734	38.975456	42.21084	42.21479	38.652294	39.501198	42.82746	41.06745	38.887974	42.14537	42.27546	45.63753	46.081337	44.709602	46.222435	45.37438	45.265373	45.119102	43.26097	42.28042	45.900803	47.22513	44.467636	45.289753	48.98984	48.494144	46.268135	49.131176	51.054295	48.391537	47.77571	44.287968	41.176086	38.447582	37.962334	36.06077	36.14251	35.540817	34.025066	36.613297	40.25301	43.467625	45.09526	42.082466	38.530746	36.13299	34.207935	37.549084	38.71652	35.66237	36.31057	40.00089	39.471985	37.17996	39.863995	42.753876	44.047905	44.826965	41.986164	39.041996	37.77267	37.84943	34.785698	33.994286	31.82734	31.074	31.407825	29.81094	30.254486	27.005817	23.518984	23.063864	21.09764	24.186712	26.20493	23.707674	23.22221	26.961039	27.730543	25.586027	27.031677	30.430067	30.147797	29.775114	29.327785	27.02493	27.110123	27.589918	27.767136	31.061056	32.337116	31.108301	32.405537	34.1734	31.253153	28.6994	31.316381	31.903473	28.257545	28.054472	31.418016	30.672325	27.65501	29.769238	32.615932	30.319248	29.264687	33.01559	34.335915	36.8931
V-188-B	35.287376	39.013294	39.78467	42.273758	39.78343	41.28194	38.829926	39.490654	37.989563	38.236183	38.317394	40.869076	40.632915	42.70307	41.17053	37.67788	39.23694	41.012726	37.876217	36.097385	39.241306	39.09791	35.47368	36.302692	39.54047	37.669704	35.448315	38.710964	39.000404	42.420303	43.01538	41.78292	43.49337	42.82407	42.96783	43.012474	41.36486	40.48963	44.159878	45.23532	42.35495	43.331665	46.967426	46.2248	44.00545	46.990723	48.706177	45.966656	45.12846	41.636063	38.449203	35.745216	35.437386	33.507763	33.883587	33.447033	32.278404	35.092587	38.64422	42.0184	43.702805	40.64127	37.056305	34.42616	32.766632	36.208992	37.039543	33.944458	34.91741	38.511017	37.6838	35.538807	38.454933	41.123432	42.32817	42.82259	39.93057	37.150646	35.616604	35.513607	32.305054	31.64487	29.33986	28.868488	29.146782	27.855038	28.377966	25.376444	21.790821	21.908651	20.14615	23.505836	25.024488	22.212442	22.150265	25.940088	26.207819	24.049175	25.944765	29.127922	28.489065	27.779398	26.955704	24.564709	24.724833	25.010466	25.390259	28.635418	29.78218	28.254036	29.286846	30.886776	27.830696	25.450636	28.151386	28.528557	24.856853	24.922667	28.257238	27.33204	24.461123	26.827309	29.533041	27.196648	26.451696	30.246553	31.354185	33.845806
V-189-B	34.684612	38.476833	39.43394	42.08827	39.76421	41.57538	39.391457	40.38711	39.13589	39.69663	40.057346	42.82802	42.583405	44.408867	42.84482	39.32848	40.64696	42.281067	39.116592	37.185364	40.1186	39.86032	36.150536	36.765873	39.870155	37.89271	35.456432	38.59035	39.08228	42.636707	43.31878	42.4063	44.350666	43.999493	44.38115	44.72484	43.174706	42.206055	45.84906	46.78348	43.715946	44.633312	48.229385	47.29213	44.90786	47.87271	49.397243	46.462616	45.412537	42.04034	38.677475	36.223923	36.309757	34.60089	35.350533	35.256535	34.383003	37.414635	40.847767	44.300552	45.866096	42.67745	39.160103	36.303467	34.703033	38.088333	38.645374	35.387356	36.427547	39.920364	38.792168	36.547123	39.53769	42.040127	42.9318	43.27976	40.553665	37.774467	35.93028	35.982742	32.807262	32.567932	30.393782	30.379938	30.861885	29.973831	30.730186	27.980532	24.316353	24.750591	22.908512	26.255688	27.500053	24.398272	24.31565	28.076687	28.008038	25.55098	27.54498	30.663343	29.597593	28.916876	27.675552	25.555027	26.143124	26.487364	27.271688	30.498283	31.549324	29.629602	30.267817	31.479053	28.17504	26.141336	28.81001	28.68448	24.935783	25.344017	28.421535	27.00221	24.191332	26.81062	29.137934	26.438578	25.900818	29.692743	30.406733	33.130184
K-190-B	31.701601	35.50274	36.39482	39.20568	37.080288	39.08451	37.029613	38.28678	37.114674	37.99027	38.490013	41.42656	41.043114	42.598755	40.92849	37.44946	38.61593	40.039337	36.822823	34.860558	37.634598	37.20324	33.45269	34.009586	36.96773	34.866447	32.371166	35.468624	36.166977	39.777206	40.63269	39.917435	42.08384	41.958668	42.62371	43.18721	41.87602	41.017044	44.66719	45.329697	42.151432	43.212513	46.705235	45.504692	43.133896	46.197884	47.47692	44.466103	43.16553	39.82942	36.398216	34.02947	34.35336	32.66544	33.75649	33.87039	33.3913	36.610565	39.89696	43.468964	45.064056	41.85491	38.35707	35.29673	33.992462	37.415867	37.60882	34.34676	35.70089	39.037823	37.598377	35.52799	38.716503	40.95075	41.716	41.752148	39.016666	36.444828	34.31588	34.1903	30.90919	30.866167	28.601421	28.943756	29.380379	28.871225	29.712679	27.30467	23.66307	24.6498	23.058418	26.523981	27.25379	23.931341	24.252398	27.937603	27.35837	24.934032	27.317608	30.140625	28.703821	27.693218	26.028486	23.905891	24.617098	24.74963	25.782793	28.871323	29.75115	27.497026	27.768066	28.706306	25.251638	23.526525	26.232674	25.776815	22.046747	22.838459	25.775402	24.075953	21.50848	24.425014	26.483652	23.71568	23.602331	27.379486	27.773216	30.422718
G-191-B	31.165373	34.981705	36.14937	39.035583	37.04419	39.3237	37.590496	39.13676	38.28884	39.410355	40.227016	43.346092	43.059597	44.401524	42.8123	39.31179	40.17651	41.534637	38.39539	36.228146	38.742516	38.314182	34.54503	34.778954	37.60996	35.530212	32.78637	35.647057	36.444836	40.14712	40.98239	40.597572	42.919216	43.108955	43.93571	44.795296	43.51152	42.487816	46.054405	46.639458	43.30164	44.21319	47.655766	46.328514	43.769466	46.734646	47.85688	44.66678	43.220337	40.063583	36.49289	34.449577	35.168907	33.80425	35.20355	35.684746	35.421707	38.798313	41.940697	45.521626	46.92113	43.586964	40.21658	36.990276	35.671535	38.95582	38.92883	35.522793	36.840366	40.04961	38.363388	36.16151	39.337788	41.41427	41.84102	41.786903	39.285484	36.696754	34.319824	34.435925	31.302248	31.711557	29.71627	30.48652	31.221735	31.090483	32.22881	30.053799	26.380703	27.474031	25.704996	29.027296	29.582375	26.076487	26.22996	29.804718	28.997053	26.286898	28.61623	31.364931	29.566456	28.713095	26.735231	25.030602	26.219604	26.561253	28.012299	31.095945	31.973206	29.424711	29.406847	29.897793	26.324177	24.905825	27.380186	26.438236	22.724636	23.693705	26.235231	24.079477	21.555326	24.54747	26.169695	23.048712	23.044352	26.71036	26.72433	29.631765
A-192-B	28.694384	32.480503	33.617626	36.670376	34.94827	37.46463	35.947018	37.796684	37.091793	38.553253	39.539078	42.804134	42.396194	43.428413	41.759956	38.340668	38.99884	40.112347	36.97052	34.7736	37.042133	36.43197	32.66956	32.77968	35.38645	33.19481	30.373627	33.10887	34.154564	37.896503	38.911976	38.801186	41.35845	41.828175	42.95704	44.065346	43.033634	42.107983	45.632267	45.935394	42.501328	43.525574	46.82471	45.22717	42.679718	45.702477	46.541004	43.2724	41.55221	38.496174	34.871883	33.006405	34.03073	32.76207	34.527416	35.25363	35.398403	38.914867	41.862637	45.516636	46.9089	43.576103	40.279182	36.887604	35.866932	39.121525	38.723045	35.34658	36.93832	39.937904	37.93936	35.923386	39.2444	41.012173	41.26094	40.879295	38.433693	36.087948	33.418625	33.38755	30.224539	30.903368	28.90218	30.074432	30.789124	31.0701	32.294914	30.501516	26.942823	28.487486	26.958405	30.288841	30.380808	26.755161	27.237179	30.648462	29.378075	26.73701	29.351034	31.761219	29.60784	28.47779	26.08087	24.496326	25.84359	25.996006	27.704445	30.572725	31.259237	28.392357	27.940039	28.042156	24.360289	23.39835	25.79719	24.406385	20.829103	22.245956	24.468344	21.936312	19.795458	23.051878	24.224905	21.013815	21.54347	25.070381	24.621634	27.451595
D-193-B	26.500849	30.303102	31.749052	34.589916	32.649734	35.1252	33.71355	35.530735	35.076645	36.476406	37.713623	41.059002	40.953712	42.006504	40.63414	37.100307	37.508484	38.870186	35.943947	33.446796	35.628853	35.375595	31.648485	31.401976	34.174797	32.328835	29.276377	31.823301	32.520176	36.268215	36.95905	36.874718	39.292717	39.823124	40.81751	42.051395	40.835217	39.65017	43.086926	43.516712	40.014065	40.79478	44.13025	42.639194	39.921494	42.798977	43.72696	40.396328	38.813583	35.83121	32.1665	30.4437	31.568129	30.596638	32.365593	33.34412	33.441566	37.024082	39.886223	43.463364	44.605377	41.154263	37.988228	34.545086	33.350822	36.446526	36.02913	32.534492	33.95722	36.916626	34.88674	32.70476	35.94357	37.719288	37.844856	37.57182	35.25209	32.781433	30.12546	30.34712	27.35406	28.234509	26.558947	27.880838	29.001602	29.463388	31.084799	29.394936	25.770418	27.15619	25.307785	28.388107	28.412924	24.690632	24.8754	28.153168	26.830048	23.946957	26.408989	28.802849	26.509027	25.644167	23.250721	22.037485	23.795444	24.430431	26.504236	29.564766	30.53472	27.653805	27.440228	27.347498	23.826048	22.577103	24.538914	23.147081	19.509838	20.446507	22.478243	19.977674	17.450577	20.412199	21.627792	18.281775	18.396412	21.927954	21.680798	24.71461
S-194-B	28.464825	32.27145	33.734753	36.35864	34.108578	36.291138	34.639244	36.10535	35.51009	36.531696	37.61031	40.806183	40.864773	42.241985	40.99225	37.365685	37.962402	39.609486	36.71823	34.22753	36.661823	36.641747	32.92414	32.786556	35.810913	34.12451	31.158188	33.826885	34.217434	37.901913	38.36935	37.973644	40.11153	40.33544	40.989307	41.96597	40.467815	39.158928	42.63079	43.36853	39.971153	40.617157	44.104412	42.915905	40.188175	42.994762	44.239	41.008995	39.745815	36.655636	33.072052	31.148905	31.92285	30.86447	32.228325	32.96839	32.63306	36.077286	39.126587	42.617622	43.740074	40.27801	37.049633	33.77605	32.253696	35.367664	35.34098	31.81189	32.934284	36.115265	34.425358	32.04509	35.127636	37.237553	37.57242	37.660213	35.27172	32.539837	30.228	30.602398	27.653076	28.22396	26.578367	27.466848	28.651045	28.704178	30.296844	28.244352	24.497032	25.403524	23.252464	26.285448	26.760798	23.14125	22.944458	26.38237	25.53296	22.551443	24.70808	27.461926	25.54588	24.99485	23.082691	21.756416	23.369413	24.263346	26.110413	29.414412	30.621422	28.07705	28.351578	28.65217	25.281971	23.51894	25.508364	24.628057	20.868128	21.258	23.629232	21.605322	18.657465	21.26002	23.011116	19.846622	19.31777	22.981564	23.319414	26.37769
L-195-B	29.76409	33.549282	34.78439	37.28269	34.837025	36.69911	34.707306	35.817863	34.90931	35.59702	36.36275	39.358234	39.401947	41.065445	39.797684	36.15618	37.05718	38.854855	35.91823	33.593098	36.316685	36.37063	32.675762	32.831085	36.030994	34.37634	31.639193	34.53112	34.75425	38.340405	38.75748	37.994907	39.91362	39.77836	40.182705	40.828194	39.20477	37.984154	41.538364	42.4503	39.221497	39.943424	43.524185	42.54469	39.97147	42.833946	44.312454	41.268055	40.229824	36.960873	33.52666	31.26943	31.593914	30.238222	31.20245	31.556107	30.879177	34.147346	37.387	40.840683	42.11389	38.746418	35.38731	32.31111	30.671743	33.91246	34.216686	30.79466	31.835743	35.20829	33.85168	31.514814	34.54814	36.910263	37.605396	37.892147	35.286503	32.485294	30.510347	30.725813	27.671518	27.74786	25.887299	26.25852	27.22656	26.818571	28.175488	25.794493	22.010899	22.620316	20.45077	23.592712	24.406319	20.963676	20.737097	24.354778	23.89204	21.109774	23.194942	26.163534	24.709473	24.1394	22.67956	20.951647	22.107403	22.938051	24.371454	27.776556	29.080761	26.893023	27.567589	28.344303	25.12559	22.956814	25.128386	24.805267	21.006433	21.072355	23.874643	22.3814	19.295467	21.71225	23.989424	21.201399	20.412466	24.181025	25.001415	27.825396
S-196-B	32.793243	36.535236	37.821228	40.13855	37.49787	39.13662	37.018307	37.838154	36.854023	37.19822	37.820187	40.629524	40.834682	42.77432	41.634083	37.964928	39.012196	41.02807	38.163227	35.877323	38.75127	38.98812	35.353607	35.57081	38.904736	37.383793	34.725433	37.643585	37.652924	41.159336	41.390587	40.42143	42.090973	41.71628	41.811977	42.22469	40.344067	38.99812	42.524635	43.732468	40.636173	41.18999	44.867825	44.181824	41.604027	44.34039	46.081947	43.137035	42.38058	39.092712	35.761078	33.428406	33.488235	32.12373	32.70963	32.844704	31.743801	34.796173	38.17339	41.481373	42.701492	39.360394	36.002365	33.16214	31.195246	34.36703	35.07268	31.672739	32.34647	35.87406	34.873684	32.352688	35.14026	37.79213	38.625706	39.26137	36.68286	33.668865	32.036293	32.447308	29.542768	29.397274	27.659752	27.636246	28.655767	27.850945	29.130571	26.413185	22.631104	22.62307	20.148903	23.108166	24.49062	21.317484	20.59726	24.268667	24.39483	21.591557	23.186216	26.479092	25.465637	25.289217	24.335678	22.63658	23.637564	24.691973	25.852926	29.379993	30.860401	29.02715	30.069323	31.120125	28.069407	25.614809	27.739323	27.762856	23.990969	23.677359	26.596191	25.423103	22.154293	24.212364	26.746965	24.092714	22.870758	26.584654	27.746258	30.59982
A-197-B	34.72452	38.402	39.474518	41.6676	38.899605	40.23903	37.845287	38.3246	37.054947	37.064465	37.354282	39.906975	40.091766	42.30105	41.153988	37.530193	38.87021	40.998497	38.130238	36.05194	39.151756	39.445084	35.89205	36.379166	39.812374	38.331566	35.91984	38.990356	38.86736	42.242702	42.435944	41.148148	42.59558	41.882633	41.73349	41.804123	39.820435	38.586067	42.145443	43.51707	40.633392	41.254974	44.97755	44.50342	42.108616	44.86529	46.807617	44.068493	43.521297	40.112724	36.964123	34.37363	34.019096	32.398895	32.575676	32.30593	30.855297	33.640656	37.170998	40.385708	41.751816	38.559757	35.11725	32.552555	30.495089	33.730385	34.77994	31.564138	32.128876	35.784313	35.141747	32.71386	35.391224	38.2475	39.41383	40.225334	37.483746	34.460705	33.169926	33.424843	30.489202	29.888996	27.995659	27.454699	28.21735	26.928709	27.89881	24.862476	21.181532	20.744455	18.317423	21.275738	23.086008	20.282404	19.514874	23.243553	23.840797	21.376858	22.78854	26.20674	25.7197	25.540808	25.062166	23.057299	23.556498	24.502253	25.171648	28.689068	30.228054	28.816982	30.215096	31.68542	28.844929	26.116766	28.345276	28.852388	25.167717	24.607819	27.796202	27.079685	23.821613	25.675224	28.55206	26.24699	24.89296	28.591135	30.081566	32.702908
I-198-B	37.47079	41.06973	42.143566	44.13777	41.202065	42.28587	39.767513	39.936867	38.584084	38.241802	38.363094	40.67801	41.023308	43.48878	42.493996	38.893593	40.362335	42.688423	39.93877	37.926613	41.138344	41.621216	38.17794	38.720215	42.255104	40.93612	38.631435	41.70449	41.360836	44.6169	44.628456	43.125076	44.301186	43.33694	42.875854	42.69178	40.483604	39.168823	42.658363	44.302814	41.606243	42.08484	45.855186	45.678734	43.340313	45.964977	48.150864	45.56418	45.29991	41.886093	38.894573	36.230724	35.592537	33.96151	33.748806	33.24451	31.394766	33.885075	37.49362	40.50844	41.822956	38.72318	35.329056	33.070873	30.752905	33.86622	35.308712	32.212963	32.434208	36.175785	35.91815	33.410305	35.814163	38.906773	40.253784	41.371872	38.647034	35.503323	34.583946	34.948925	32.1794	31.33056	29.564606	28.632278	29.400717	27.744862	28.608032	25.332388	21.821465	20.736929	18.12928	20.726513	23.0769	20.717848	19.525303	23.12892	24.316135	22.009888	22.906002	26.495821	26.506048	26.648237	26.676188	24.716135	25.011961	26.12673	26.510437	30.044338	31.73607	30.710993	32.45216	34.149628	31.534966	28.57792	30.691471	31.527155	27.939009	27.039434	30.275236	29.887398	26.539877	28.048428	31.127724	29.022114	27.355732	30.944664	32.740166	35.29933
L-199-B	36.82308	40.284157	41.290154	43.029182	39.92595	40.70132	38.043488	37.90079	36.475864	35.831356	35.844837	37.988377	38.512432	41.152016	40.360806	36.772587	38.272408	40.80323	38.235767	36.22859	39.502457	40.236874	36.945847	37.479942	41.119984	40.057346	37.866745	40.898254	40.260986	43.35035	43.154556	41.422466	42.32024	41.13121	40.40679	40.03585	37.66787	36.30971	39.743973	41.560005	39.024136	39.432335	43.214706	43.25889	41.020214	43.568604	45.934696	43.52923	43.511738	40.07672	37.286747	34.51355	33.571095	31.921305	31.367369	30.700962	28.57407	30.868853	34.491367	37.36601	38.63001	35.597298	32.246075	30.200083	27.742785	30.784908	32.470596	29.51649	29.571737	33.35068	33.377533	30.932901	33.191185	36.408203	37.992954	39.27076	36.47859	33.33965	32.755287	33.062805	30.407724	29.260664	27.586678	26.308748	27.1081	25.226456	26.13369	22.793339	19.427084	17.87007	15.063223	17.362894	19.981104	17.945393	16.502623	19.984982	21.536398	19.471165	20.095177	23.70075	24.123697	24.39055	24.88018	22.91487	22.99408	24.306665	24.535376	28.092812	29.988869	29.290012	31.398087	33.234417	30.950817	27.717161	29.572283	30.780691	27.368437	26.021393	29.268715	29.335903	25.948952	27.034376	30.35911	28.629179	26.70399	30.142645	32.309017	34.633915
P-200-B	39.627346	42.973557	43.90218	45.44725	42.22982	42.721653	39.92892	39.45571	37.904026	36.89812	36.673927	38.504967	39.14741	42.0304	41.376347	37.880936	39.536407	42.214382	39.78286	37.91714	41.282436	42.16679	39.032127	39.669624	43.358658	42.441288	40.421932	43.456997	42.634037	45.560337	45.22512	43.26218	43.87799	42.41082	41.380817	40.70569	38.167522	36.81254	40.142223	42.196247	39.91962	40.24007	44.013725	44.35228	42.25535	44.679573	47.260147	45.069443	45.3219	41.890476	39.316883	36.45932	35.200836	33.498524	32.535263	31.57289	29.070024	30.96343	34.61708	37.2389	38.490456	35.64224	32.37255	30.726936	28.10509	30.985432	33.064144	30.354137	30.111095	33.904068	34.352077	31.955147	33.918777	37.31206	39.1283	40.65689	37.86262	34.709534	34.516197	34.82885	32.33875	30.897018	29.312504	27.623219	28.317371	26.061995	26.759312	23.259968	20.256498	18.072912	15.330233	17.074453	20.194988	18.821049	17.116241	20.26105	22.394955	20.711792	20.83528	24.426598	25.407347	25.883596	26.864456	24.91112	24.685545	26.035126	25.900183	29.342714	31.32655	31.057068	33.46295	35.52886	33.504936	30.119461	31.869982	33.402973	30.152668	28.560322	31.825222	32.224415	28.865612	29.659218	33.128647	31.652596	29.557777	32.84866	35.25413	37.431683
G-201-B	39.987953	43.181004	44.23189	45.482594	42.100075	42.355587	39.597347	38.88048	37.474697	36.196552	36.05419	37.750946	38.735844	41.726982	41.40977	37.920033	39.419582	42.336742	40.184994	38.19364	41.48204	42.693478	39.72008	40.152523	43.913162	43.315613	41.273697	44.133076	42.99205	45.774406	45.13112	43.076447	43.399662	41.829918	40.50651	39.764194	36.96974	35.374275	38.522358	40.8417	38.696873	38.72888	42.499336	43.13038	41.007942	43.19309	45.97617	43.912827	44.466145	41.14553	38.74914	35.9862	34.588165	33.1215	31.89022	30.978218	28.217384	29.895872	33.438934	35.79938	36.769314	33.931755	30.877323	29.473253	26.55786	29.128904	31.481943	28.86239	28.196383	31.954151	32.71386	30.213753	31.834473	35.372597	37.25977	39.07673	36.416805	33.17623	33.34834	33.86395	31.694422	30.19014	28.978767	27.136276	28.11823	25.846272	26.807837	23.437887	20.67259	18.017698	14.957049	15.875388	19.247606	18.269323	15.961012	18.658035	21.236685	19.624043	19.08793	22.687313	24.046492	24.972681	26.3984	24.793306	24.672	26.425312	26.39065	29.8416	32.055973	31.980227	34.62746	36.61386	34.8577	31.318247	32.67666	34.35918	31.269463	29.266973	32.32984	32.994846	29.555254	29.871328	33.40116	32.143707	29.701256	32.736343	35.430763	37.521973
D-202-B	37.548798	40.629787	41.48612	42.641068	39.248096	39.323586	36.428764	35.55916	34.006927	32.627254	32.356647	33.988525	34.950928	37.980396	37.6898	34.23303	35.786556	38.733803	36.646637	34.727306	38.05426	39.32457	36.460606	36.97052	40.735935	40.237072	38.34869	41.213066	39.975075	42.631245	41.98027	39.776684	40.00621	38.30581	36.940628	36.094017	33.347767	31.891499	35.09868	37.353634	35.28482	35.477905	39.223927	39.836983	37.873806	40.160927	42.935635	40.99978	41.571842	38.1798	35.924313	33.00803	31.390974	29.770515	28.383108	27.31253	24.498238	26.135118	29.711105	32.121593	33.22011	30.432823	27.2874	25.92236	23.12782	25.836512	28.186043	25.709799	25.24779	29.014576	29.817244	27.576195	29.329063	32.80412	34.9165	36.595	33.74889	30.687843	30.947477	31.160425	28.911386	27.123943	25.781614	23.708227	24.53984	22.144339	23.07191	19.731388	17.088354	14.2823715	11.231971	12.114892	15.521841	14.747416	12.632214	15.329257	17.94885	16.733746	16.410889	19.834024	21.386364	22.02879	23.638418	21.836634	21.395452	23.083845	22.88992	26.277603	28.550484	28.65432	31.466488	33.542084	32.026497	28.389574	29.62141	31.5539	28.659275	26.48212	29.57152	30.557571	27.262787	27.412102	31.068653	30.152983	27.788784	30.736368	33.56391	35.35771
I-203-B	34.27593	37.278343	38.25752	39.280205	35.82009	35.879017	33.088554	32.257538	30.925127	29.616451	29.650272	31.489151	32.658367	35.549656	35.45206	31.901447	33.152573	36.2035	34.269726	32.09454	35.27305	36.740322	33.91328	34.14037	37.937862	37.646946	35.623146	38.313236	36.90422	39.541798	38.722656	36.600685	36.801647	35.23971	33.892014	33.276337	30.46446	28.79785	31.996475	34.236652	32.01737	32.08332	35.859737	36.432842	34.33422	36.58039	39.338215	37.333252	37.927948	34.58985	32.326153	29.508696	27.98094	26.589409	25.299278	24.553358	21.8602	23.762417	27.22429	29.707193	30.59199	27.5885	24.49868	22.894066	19.985552	22.67041	24.862043	22.20565	21.731867	25.5158	26.176952	23.849604	25.679695	29.119896	31.166204	32.814632	29.99539	26.899672	27.151773	27.438547	25.28763	23.60797	22.501568	20.598835	21.825197	19.78068	21.241514	18.235891	15.470425	12.846006	9.280897	9.920123	12.98831	11.862316	9.278044	12.040452	14.534579	13.059049	12.671416	16.1767	17.615536	18.406784	20.088127	18.55375	18.426188	20.524746	20.78101	24.288773	26.729847	26.646585	29.459953	31.255516	29.85009	26.175758	27.050388	28.914503	26.112852	23.66692	26.539948	27.616058	24.271812	24.119083	27.767492	26.983845	24.44863	27.242956	30.204063	31.927681
A-204-B	34.477837	37.43728	38.76734	39.638645	36.08732	36.20739	33.690697	32.939697	32.018986	30.751795	31.179466	33.137516	34.62503	37.399986	37.569187	33.96683	34.862827	38.03308	36.29301	33.835632	36.792564	38.47653	35.670097	35.517593	39.325462	39.233467	36.96488	39.414406	37.843285	40.504704	39.426693	37.498104	37.62986	36.27355	34.85076	34.486446	31.480965	29.405952	32.3993	34.812553	32.491005	32.131374	35.921906	36.63044	34.260296	36.220196	39.060776	36.943363	37.68704	34.55336	32.243847	29.755718	28.488113	27.583792	26.421572	26.118965	23.496721	25.465597	28.693586	31.00521	31.44468	28.27093	25.486418	23.830513	20.607431	22.877604	25.069258	22.207872	21.24242	24.95984	25.627438	22.891888	24.415657	27.963186	29.729689	31.660503	29.16409	25.809235	26.1594	26.964499	25.190071	23.916718	23.3655	21.818527	23.597452	21.966984	23.87954	21.179539	18.427343	15.944017	12.218987	12.25524	15.009971	13.741503	10.476425	12.731493	15.222887	13.157686	11.976105	15.678468	16.982069	18.504393	20.230713	19.373884	19.898367	22.475632	23.227451	26.795607	29.343761	29.047821	31.759008	33.21551	31.7778	28.16585	28.734373	30.326515	27.50452	24.910173	27.441912	28.347914	24.824955	24.389503	27.862167	26.924662	24.02002	26.619572	29.66228	31.59646
E-205-B	32.507484	35.6077	37.182423	38.22573	34.75143	35.230118	32.95975	32.615704	31.9683	31.115173	31.903536	34.214924	35.640423	38.140606	38.219566	34.510925	35.164734	38.208553	36.365776	33.684284	36.487164	38.06924	35.0922	34.711624	38.479214	38.285442	35.742416	38.113842	36.69139	39.55701	38.544403	36.937588	37.365185	36.379257	35.26948	35.301205	32.432594	30.247225	33.287266	35.48866	32.849514	32.447987	36.252407	36.676914	34.04192	36.040924	38.671646	36.251465	36.739674	33.667973	31.063776	28.79342	27.994745	27.315563	26.660358	26.806068	24.613626	27.0115	30.150143	32.673466	33.024918	29.63474	26.854197	24.750124	21.647821	23.972893	25.695429	22.473074	21.704865	25.365915	25.51669	22.53842	24.309225	27.684778	29.033842	30.794619	28.435205	24.955912	24.84317	25.894331	24.057081	23.307484	22.849974	21.899946	23.957575	22.822039	25.013628	22.496788	19.388	17.537157	13.772942	14.400165	16.54452	14.481569	11.404535	13.978013	15.681236	12.856581	12.112254	15.908671	16.36623	17.934563	19.061527	18.466091	19.603071	22.303646	23.568348	27.2699	29.743872	28.962763	31.338139	32.463097	30.734373	27.300085	27.8837	29.03054	26.012121	23.60973	26.002138	26.463223	22.788342	22.551601	25.814945	24.482477	21.533712	24.26644	27.102434	29.354198
D-206-B	30.192749	33.085487	34.757473	35.52013	31.944881	32.2577	30.102247	29.664581	29.273926	28.373993	29.435474	31.80749	33.502506	35.888058	36.256424	32.561733	32.899044	36.0718	34.512856	31.644953	34.24315	36.105938	33.30564	32.63075	36.392067	36.52459	33.944855	36.062027	34.356552	37.077362	35.79784	34.21087	34.4634	33.546467	32.340706	32.534363	29.568777	27.150518	30.058714	32.309685	29.633781	29.015	32.801353	33.303127	30.580065	32.43874	35.12345	32.731842	33.376987	30.41519	27.937283	25.814299	25.02379	24.678726	24.002874	24.462528	22.368637	24.817831	27.702396	30.12698	30.189438	26.686628	24.121239	21.953234	18.743912	20.815897	22.42522	19.131647	18.18071	21.770796	21.896847	18.818666	20.523224	23.898247	25.238934	27.072483	24.779652	21.259577	21.333359	22.52047	20.97236	20.305298	20.29631	19.488333	21.954922	21.188961	23.80509	21.747627	18.886284	17.1787	13.461422	13.465246	15.017882	13.006081	9.617688	11.539496	13.0259	10.017045	8.751574	12.47872	12.897398	14.8954525	16.30276	16.248096	17.704262	20.811716	22.416126	26.028425	28.636993	27.851456	30.281363	31.149145	29.71751	26.28082	26.359833	27.529776	24.800941	22.035286	24.047829	24.76883	21.16147	20.35398	23.57503	22.591799	19.37929	21.730396	24.839813	26.87339
D-207-B	29.106781	31.979813	33.272926	34.081158	30.522018	30.65184	28.16459	27.535345	26.747072	25.715332	26.451168	28.734024	30.248045	32.760437	32.991646	29.3141	29.911842	33.072044	31.42245	28.74852	31.552816	33.339058	30.572264	30.19669	33.998978	34.06618	31.734558	34.04565	32.365997	35.007626	33.88544	32.030376	32.25415	31.080439	29.862305	29.809288	26.947548	24.8482	27.979208	30.11903	27.541742	27.31657	31.129168	31.554752	29.1125	31.261934	33.929565	31.704529	32.282604	29.085379	26.724638	24.20069	23.019857	22.211073	21.30096	21.37954	19.155931	21.604815	24.691994	27.281874	27.702757	24.294228	21.423319	19.260921	16.226583	18.750326	20.425364	17.29924	16.82417	20.575111	20.778913	18.164278	20.20922	23.525394	25.29724	26.858767	24.15273	20.92436	21.035368	21.588861	19.661081	18.414406	17.90841	16.637045	18.753872	17.673147	20.12505	17.970396	15.15594	13.386352	9.691097	9.851422	11.40042	9.3831215	6.0465817	8.574168	10.211498	7.69583	7.1913857	10.939399	11.760265	13.012867	14.664616	13.926996	14.756559	17.667757	18.94854	22.542898	25.166212	24.611034	27.241236	28.39081	27.128922	23.54222	23.721281	25.272934	22.655144	19.800377	22.11531	23.216629	19.784195	19.039207	22.561726	21.941109	19.043392	21.514284	24.687054	26.357378
I-208-B	28.456852	31.618702	32.88153	34.10457	30.727598	31.261023	28.790539	28.5677	27.666025	27.048485	27.74969	30.24893	31.365973	33.733727	33.563976	29.819288	30.562248	33.44778	31.427132	28.805943	31.70223	33.10113	30.049532	29.84167	33.60813	33.273235	30.831966	33.363956	32.08208	34.99258	34.23578	32.56841	33.215004	32.243694	31.424273	31.512716	28.959284	27.125862	30.446041	32.26229	29.489023	29.573624	33.374077	33.425007	30.948181	33.352684	35.744255	33.296177	33.46494	30.156105	27.472742	24.887238	24.019995	22.959957	22.50844	22.59751	20.732168	23.482582	26.71449	29.606634	30.330462	26.920698	23.820717	21.34694	18.71409	21.576475	22.868593	19.60645	19.666763	23.37542	23.12334	20.581285	23.003572	26.087433	27.623503	28.838787	26.063799	22.905254	22.420618	22.832273	20.4592	19.463663	18.4514	17.528624	19.339428	18.326578	20.52425	18.13583	14.80687	13.602989	10.038738	11.531154	12.951307	10.17917	7.937651	11.271983	12.150061	9.380864	10.138077	13.698383	13.738283	14.324237	15.095262	13.8612175	14.764998	17.25476	18.590137	22.334805	24.733654	23.803093	26.124535	27.292843	25.577671	22.10622	22.78702	24.045467	21.043476	18.664795	21.302423	21.916292	18.363266	18.34317	21.8238	20.709656	18.140919	21.111279	23.897003	25.863914
T-209-B	26.41147	29.57167	31.2106	32.379055	28.994287	29.760174	27.657755	27.742147	27.329678	27.017918	28.228603	30.996523	32.295185	34.36369	34.363182	30.579655	30.871471	33.74004	31.870985	28.928371	31.500439	33.02345	29.96577	29.301243	33.007877	32.827698	30.080236	32.3211	30.966574	33.961353	33.037758	31.709969	32.468983	31.88617	31.228397	31.753038	29.210157	27.079115	30.254005	31.987486	28.968054	28.77372	32.54089	32.466526	29.676968	31.928783	34.197037	31.503746	31.592562	28.473734	25.605545	23.409906	23.040236	22.515688	22.499403	23.21494	21.74819	24.741816	27.66752	30.54046	30.9178	27.313099	24.47381	21.717646	19.081484	21.644611	22.529808	18.972725	18.942493	22.463818	21.805029	18.942093	21.398521	24.322065	25.412106	26.593895	24.089554	20.764067	19.985271	20.841434	18.70081	18.371979	17.886507	17.681929	20.047388	19.726562	22.380442	20.470896	17.195503	16.454205	13.043442	14.198177	14.960588	11.925949	9.657543	12.376459	12.544939	9.038255	9.694788	13.074997	12.272902	13.311886	13.628519	13.230214	15.071732	17.952581	19.962717	23.669693	26.066809	24.740637	26.762657	27.413147	25.628933	22.380217	22.689342	23.471003	20.48439	18.062204	20.20354	20.48464	16.775606	16.523788	19.7105	18.350069	15.440065	18.295145	21.073278	23.300276
A-210-B	24.48519	27.388906	28.919271	29.774603	26.250246	26.690077	24.500124	24.33224	23.976889	23.502817	24.82619	27.584084	29.092356	31.137074	31.391693	27.640656	27.746107	30.775074	29.178652	26.1488	28.62773	30.44159	27.610125	26.798079	30.539091	30.698458	28.069523	30.143435	28.458569	31.237558	30.07978	28.58811	29.103373	28.42063	27.611244	28.151001	25.53408	23.31146	26.45529	28.213194	25.22001	24.986109	28.762331	28.766932	26.03073	28.28182	30.63967	28.081661	28.34705	25.200493	22.54697	20.259787	19.638617	19.237389	19.037394	19.893936	18.454758	21.465324	24.209095	27.027353	27.277523	23.627617	20.880077	18.076206	15.429144	17.934675	18.725857	15.162044	15.210508	18.735067	18.097298	15.369651	17.953556	20.855028	22.199236	23.3442	20.66542	17.433216	16.92036	17.5672	15.528951	14.925975	14.70711	14.400507	17.07308	16.993132	19.98789	18.525047	15.634768	14.982423	11.810683	12.345087	12.41646	9.522953	7.2318153	9.294396	9.029451	5.3634114	6.2300606	9.363782	8.563112	9.687627	10.548283	10.460874	12.374657	15.653685	17.834604	21.398256	23.948574	22.801693	25.02654	25.587105	24.260117	20.91599	20.699951	21.771484	19.211496	16.28179	18.149794	19.01775	15.516174	14.537258	17.894758	17.224768	14.176738	16.593893	19.774448	21.504198
V-211-B	23.38786	26.43004	27.547613	28.697695	25.319004	25.821066	23.315157	23.218029	22.390612	22.07065	23.06057	25.877394	26.961203	29.016018	28.895714	25.109621	25.539661	28.385908	26.471182	23.639069	26.380777	27.887955	24.902222	24.481487	28.253752	28.111254	25.651737	28.05761	26.636753	29.501106	28.725914	27.08724	27.839891	27.038868	26.47935	26.877634	24.579819	22.856432	26.28626	27.719673	24.728394	25.070541	28.815079	28.521578	26.067944	28.72039	30.873953	28.37448	28.32776	24.913534	22.210049	19.48916	18.671951	17.609602	17.503016	18.003693	16.740143	19.952509	22.932896	26.072538	26.828575	23.311476	20.182066	17.210287	15.09425	18.173693	18.75845	15.383966	16.236002	19.756529	18.952806	16.822376	19.805283	22.448967	24.024063	24.713367	21.670244	18.860903	18.057144	17.944176	15.253354	14.192375	13.030318	12.503189	14.60947	14.3524275	17.08992	15.502834	12.357403	12.2546425	9.47205	10.941963	10.628122	7.1060457	6.218883	9.123229	8.274467	5.3648677	7.975955	10.5638275	9.756864	9.3731985	9.760651	8.359237	9.648054	12.506595	14.528291	18.200306	20.642988	19.436964	21.676586	22.504019	21.077919	17.615044	17.776352	19.074995	16.386444	13.598321	16.033014	17.028374	13.654651	13.229339	16.87573	16.317633	13.911346	16.706823	19.638704	21.135546
L-212-B	22.855488	26.202887	27.517256	29.063421	25.898779	26.929642	24.69071	25.128382	24.465948	24.631828	25.778378	28.798418	29.627396	31.433186	31.034761	27.233538	27.60799	30.15354	27.97591	25.09994	27.735573	28.8925	25.639933	25.170557	28.830296	28.333012	25.601908	28.075825	27.059723	30.22412	29.72705	28.473188	29.655926	29.227823	29.062237	29.736763	27.680395	26.02406	29.450054	30.647018	27.459616	27.85173	31.528591	30.931355	28.314337	31.016563	32.891674	30.10698	29.687992	26.340515	23.275911	20.794561	20.573437	19.604227	20.0955	20.833921	19.975546	23.34486	26.286554	29.543776	30.343073	26.800922	23.690414	20.539747	18.649916	21.685625	21.955324	18.452696	19.423386	22.792082	21.583128	19.306253	22.390356	24.832563	25.960783	26.442152	23.589628	20.743843	19.347149	19.445917	16.600533	16.223177	14.952914	15.124597	17.081907	17.106314	19.633472	17.972916	14.511567	14.86767	12.210689	14.283717	14.13956	10.46159	9.883738	12.916711	11.892158	8.8158	11.263643	13.853383	12.365162	11.929679	11.208757	9.917327	11.700435	14.079882	16.329924	20.011276	22.162466	20.427921	22.13994	22.725092	20.726662	17.569584	18.150282	18.793917	15.632022	13.501862	15.993765	16.124851	12.481593	12.906651	16.240587	14.866201	12.66745	15.983022	18.417126	20.445345
C-213-B	20.455095	23.687256	25.380966	26.70719	23.457632	24.587551	22.716633	23.357656	23.24253	23.622263	25.295866	28.50325	29.614914	31.136642	31.044863	27.26615	27.115498	29.714441	27.8539	24.648392	26.88243	28.315384	25.207626	24.182795	27.775743	27.626228	24.6467	26.702013	25.43316	28.568699	27.769394	26.797634	27.96296	27.878336	27.784664	28.868053	26.788368	24.818636	28.038813	29.175446	25.80088	25.88521	29.498957	28.82952	25.935606	28.460821	30.244812	27.27794	26.855282	23.70419	20.533194	18.454573	18.68245	18.370195	19.210077	20.602312	20.099566	23.581305	26.13087	29.274303	29.67997	25.994518	23.223148	19.89093	18.02441	20.665337	20.524076	16.825912	17.730711	20.82189	19.228292	16.755121	19.880386	22.086464	22.84923	23.249262	20.619535	17.690928	16.033922	16.504171	13.9515505	14.257487	13.730848	14.631937	17.225908	17.958832	20.962378	19.883554	16.759954	17.2662	14.704896	16.128794	15.452644	11.919389	11.145201	13.325993	11.702008	8.266234	10.527839	12.565309	10.239326	10.192148	9.0185	9.003799	11.823727	14.704415	17.560854	21.036152	23.23426	21.295712	22.808954	22.824749	21.03555	18.127762	18.009222	18.26915	15.422436	13.00273	14.677835	14.713819	10.992824	10.676322	13.750575	12.413262	9.609799	12.664427	15.34808	17.466269
F-214-B	18.026188	21.210985	22.503286	23.883526	20.66504	21.696272	19.557274	20.21792	19.856468	20.421253	22.03197	25.349699	26.246796	27.632746	27.415062	23.644306	23.500978	26.005932	24.087286	20.896734	23.191675	24.571321	21.46632	20.545818	24.189291	24.043177	21.201439	23.380917	22.099386	25.205704	24.566425	23.441374	24.717772	24.588936	24.703814	25.810677	24.022396	22.396473	25.763618	26.568777	23.166069	23.689991	27.2299	26.293139	23.636116	26.487137	28.09053	25.224033	24.595064	21.21584	18.095455	15.615654	15.668255	14.981903	16.032648	17.441305	17.356985	21.01195	23.476711	26.8068	27.469084	23.883492	20.984081	17.461002	16.181736	19.081442	18.541645	15.037493	16.689837	19.616259	17.791443	15.965891	19.452148	21.32162	22.355661	22.290731	19.292929	16.870695	15.072485	14.688183	11.581159	11.492542	10.360223	11.464736	13.871235	14.967566	18.005749	17.359785	14.481325	15.648636	13.791062	15.345378	13.885695	10.314317	10.726399	12.631294	10.166873	7.597672	10.856204	12.05158	9.582738	8.150801	6.3283863	5.485834	8.402486	11.157403	14.272083	17.591358	19.723364	17.690062	19.19646	19.181185	17.616755	14.632987	14.304314	14.803557	12.170255	9.412276	11.266113	11.832364	8.344356	7.9001975	11.446625	10.840856	8.694503	11.656367	14.353412	15.810141
V-215-B	17.459162	20.994196	22.38175	24.27892	21.42407	23.039522	21.179665	22.394234	22.089079	23.127935	24.742535	28.17582	28.726019	29.866095	29.290894	25.569124	25.46111	27.564035	25.334044	22.224644	24.41213	25.305237	21.932777	21.071384	24.512632	23.892332	20.815828	23.117393	22.402132	25.811502	25.593723	24.87804	26.634361	26.851753	27.395193	28.688423	27.20648	25.772419	29.136011	29.67064	26.169428	26.841131	30.249601	28.993595	26.303316	29.220272	30.485952	27.40996	26.343199	23.062565	19.652332	17.440836	18.063929	17.334536	18.897583	20.337318	20.569796	24.289436	26.766556	30.210941	31.011677	27.47796	24.546747	20.960098	19.912397	22.839321	22.109188	18.646704	20.396044	23.183619	21.0945	19.274895	22.777061	24.429129	25.087654	24.760386	21.964334	19.658731	17.338865	17.041296	13.85117	14.34312	12.969552	14.498547	16.457714	17.627258	20.305027	19.535063	16.40431	17.938961	16.188929	18.304884	17.075035	13.349855	13.917266	16.232437	13.910034	11.317424	14.426674	15.825135	13.189078	11.772818	9.280062	8.352812	10.987852	12.88474	15.967801	19.196148	20.950443	18.413471	19.287994	19.030249	16.810608	14.279874	14.529787	14.22463	11.03607	9.375602	11.308997	10.654245	6.9053864	8.087633	10.990862	9.2725525	7.861379	11.504126	13.329659	15.337659
I-216-B	19.475056	23.045717	24.86785	26.751453	23.930252	25.730244	24.195036	25.495047	25.47862	26.456827	28.208158	31.613762	32.33582	33.520023	33.0448	29.315834	29.130161	31.275278	29.103125	25.942223	28.003994	28.92416	25.556248	24.527641	27.867146	27.239836	23.999243	26.108088	25.449156	28.904366	28.561811	28.083029	29.811153	30.166597	30.611147	31.97732	30.293036	28.56298	31.799063	32.547314	29.009535	29.313986	32.76033	31.650724	28.713781	31.35751	32.6927	29.463806	28.48556	25.446095	21.934946	20.15438	21.047392	20.702583	22.202272	23.736721	23.722822	27.365213	29.877378	33.196045	33.76563	30.124945	27.314928	23.80991	22.348963	25.058165	24.536184	20.885897	22.112444	24.959295	22.936516	20.617031	23.848633	25.663572	25.966743	25.932646	23.511356	20.838678	18.488485	18.919899	16.184435	17.123358	16.27768	17.789179	19.991955	20.985569	23.690079	22.624578	19.298687	20.36771	18.096382	20.133583	19.450596	15.71901	15.474715	17.946302	16.122673	12.936256	15.362402	17.25217	14.588405	14.081933	11.875713	11.65323	14.468869	16.581924	19.546453	22.882143	24.669159	22.153217	22.94677	22.612759	20.19556	17.865807	18.221842	17.602423	14.352606	13.035441	14.612721	13.415987	9.685317	10.78017	13.052734	10.545281	8.595014	12.257733	13.850091	16.584066
E-217-B	20.52359	23.87518	26.139524	27.67048	24.707224	26.432695	25.21697	26.439053	26.848825	27.676693	29.71708	33.09121	34.191715	35.387154	35.264122	31.53959	31.072664	33.421806	31.561052	28.211359	30.049465	31.304308	28.121143	26.723257	30.036348	29.763083	26.410107	28.143692	27.168722	30.495789	29.748877	29.40563	30.893084	31.35729	31.579985	33.081512	31.130663	28.992123	31.984783	32.97709	29.423883	29.237392	32.68425	31.806953	28.606045	30.877855	32.3516	29.04314	28.330355	25.578825	22.114925	20.7896	21.862019	22.095636	23.479515	25.29449	25.115376	28.650175	30.994322	34.077793	34.238216	30.488272	27.976934	24.569752	22.74921	25.034317	24.600517	20.823874	21.503544	24.240541	22.264305	19.507269	22.399073	24.285006	24.243418	24.536995	22.522337	19.528057	17.29551	18.479488	16.380783	17.744442	17.684334	19.278244	21.968235	23.045183	26.039307	25.025143	21.801817	22.423985	19.774296	21.27467	20.772491	17.247599	16.261126	18.338348	16.766207	13.222759	14.838867	16.765882	13.985688	14.423212	12.586557	13.353649	16.552185	19.18116	22.26062	25.60996	27.582506	25.210873	26.138367	25.629454	23.447098	21.132265	21.053833	20.401405	17.451134	15.796172	16.810158	15.714896	12.067323	12.247182	14.147346	11.677134	8.831364	11.874404	13.752249	16.778027
A-218-B	23.996002	27.220747	29.501173	30.801342	27.65371	29.067158	27.719276	28.550653	28.883749	29.270851	31.165384	34.3307	35.661133	37.168545	37.212254	33.447323	33.13513	35.738758	33.958664	30.65958	32.67054	34.1168	30.994852	29.706377	33.145897	32.98499	29.746305	31.52957	30.353289	33.55734	32.597805	32.014614	33.176144	33.353855	33.180027	34.41834	32.120575	29.758158	32.68581	34.082287	30.693367	30.2206	33.788536	33.318943	30.094362	32.135704	33.963608	30.802694	30.501572	27.79068	24.531145	23.148602	23.843353	24.081161	24.95918	26.52766	25.819963	29.126745	31.616215	34.512993	34.531757	30.764204	28.291443	25.157318	22.837317	24.98022	25.080284	21.28372	21.349907	24.314272	22.839973	19.715511	22.196669	24.535828	24.631096	25.496553	23.600637	20.247381	18.613281	20.172169	18.396923	19.410534	19.54586	20.586807	23.37713	23.996197	26.97358	25.605381	22.329199	22.303587	19.207483	20.404602	20.503012	17.212513	15.441131	17.554483	16.7439	12.970218	13.733545	16.243084	14.067951	15.296261	14.34597	15.104364	18.048052	20.949055	23.728132	27.256151	29.433096	27.411552	28.718039	28.539232	26.454285	23.835411	23.836369	23.584818	20.598043	18.655184	19.92097	19.205671	15.487303	15.351305	17.536678	15.345821	12.232352	14.927429	17.13494	20.075502
D-219-B	25.340425	28.635054	31.131086	32.626755	29.706072	31.457111	30.393328	31.532251	32.021355	32.647964	34.639954	37.891407	39.128067	40.497723	40.427803	36.67535	36.30095	38.733696	36.856274	33.54271	35.423782	36.67837	33.463486	32.097324	35.380314	35.039295	31.64499	33.34264	32.433277	35.76281	34.936813	34.664948	36.04811	36.477142	36.50149	37.90312	35.706497	33.339905	36.208763	37.506233	34.037678	33.517197	36.99927	36.39354	33.065224	35.0213	36.65853	33.341114	32.839455	30.316666	26.917131	25.84139	26.901485	27.255775	28.39811	30.076069	29.514128	32.873795	35.3442	38.26725	38.257305	34.47752	32.049335	28.865442	26.61028	28.690556	28.674574	24.867155	24.91471	27.733086	26.099579	22.92839	25.292217	27.453478	27.160564	27.939636	26.350016	23.04722	21.142118	22.9176	21.254751	22.643568	22.79104	24.089828	26.810703	27.516277	30.404726	28.97629	25.57734	25.659925	22.568775	23.968142	24.189127	20.825237	19.118729	21.341581	20.538996	16.775326	17.493013	19.969084	17.670519	18.866735	17.568573	18.373667	21.389051	24.074104	26.89868	30.404154	32.4322	30.175194	31.164412	30.800253	28.428814	26.116928	26.300783	25.613726	22.510569	21.057747	22.168098	20.868633	17.278872	17.588205	19.22125	16.482582	13.729507	16.349113	17.886003	21.237486
Q-220-B	25.106253	28.639147	30.814877	32.67269	29.892475	31.772842	30.458315	31.691074	31.813229	32.55921	34.279	37.55097	38.441143	39.835934	39.41893	35.656567	35.575634	37.8171	35.62359	32.505398	34.598236	35.51039	32.108192	31.093388	34.37457	33.65545	30.347685	32.3795	31.815159	35.291283	34.847202	34.491524	36.11219	36.453053	36.666477	37.93346	35.93805	33.903717	37.015934	38.13649	34.661	34.548687	38.071575	37.268402	34.12774	36.41591	37.946682	34.64883	33.89604	31.117527	27.615253	26.180616	27.123945	26.994148	28.214857	29.614674	29.117718	32.565487	35.251205	38.394928	38.762432	35.051575	32.31924	29.050436	27.017992	29.505816	29.477781	25.710066	26.177416	29.174377	27.501282	24.603231	27.299793	29.466858	29.455173	29.973888	28.02543	24.903172	22.829556	24.063175	21.860615	22.950373	22.467493	23.651644	25.951387	26.477913	29.05253	27.434357	23.861515	24.209679	21.322906	23.277655	23.536554	19.966436	18.732979	21.45142	20.566952	16.95179	18.301182	20.93417	18.710522	19.244171	17.677362	17.735905	20.410557	22.64821	25.273117	28.801003	30.647055	28.283401	29.12825	28.96016	26.2983	24.034998	24.711584	24.002195	20.614454	19.582272	21.154978	19.649893	16.048624	17.113821	18.94553	15.98592	13.838339	17.047132	18.292772	21.603079
I-221-B	27.428843	30.923494	32.896862	34.607357	31.614378	33.140327	31.487726	32.305668	32.139458	32.467773	33.89333	36.944935	37.91336	39.645317	39.274902	35.476944	35.681896	38.134407	35.92909	32.944733	35.32749	36.358086	32.982925	32.231277	35.697002	35.02366	31.921883	34.160324	33.41844	36.791485	36.254974	35.52169	36.869045	36.821613	36.70044	37.61047	35.383255	33.335384	36.510452	37.919456	34.62849	34.49148	38.14753	37.65109	34.63158	36.908722	38.75565	35.661495	35.22033	32.285355	28.963776	27.202642	27.641981	27.25784	27.985357	28.998215	28.030853	31.27338	34.175377	37.232502	37.671314	34.014954	31.173058	28.146011	25.815765	28.381516	28.830032	25.124083	25.316935	28.588243	27.377207	24.39494	26.930052	29.488081	29.865753	30.738455	28.611576	25.315313	23.73308	24.906773	22.67556	23.213905	22.602182	23.180056	25.375854	25.389967	27.81902	25.83344	22.214897	22.05154	18.897243	20.778238	21.55365	18.177713	16.53943	19.467665	19.200644	15.612566	16.608812	19.703999	18.106573	18.873861	17.981346	17.688063	19.947714	22.285065	24.525993	28.207283	30.215786	28.236488	29.509314	29.793316	27.26824	24.608137	25.43371	25.272305	21.830456	20.450035	22.455034	21.48251	17.741793	18.57872	20.971895	18.417643	16.013882	19.25953	21.009295	24.059916
T-222-B	31.18565	34.65833	36.6789	38.3417	35.304466	36.748756	35.06723	35.73326	35.51826	35.631695	36.93161	39.83301	40.878326	42.79633	42.45882	38.658028	38.999844	41.542164	39.327923	36.417583	38.897923	39.95433	36.58063	35.921486	39.419624	38.723145	35.666252	37.94628	37.18852	40.53751	39.94478	39.134766	40.357853	40.176712	39.86403	40.606384	38.203037	36.06265	39.183388	40.8223	37.644367	37.352547	41.053707	40.778713	37.74887	39.879562	41.89479	38.862766	38.602745	35.718304	32.46991	30.727613	31.031254	30.635948	31.115143	31.939852	30.65653	33.70193	36.713303	39.638855	40.025463	36.406532	33.590645	30.78588	28.190813	30.65034	31.44646	27.789104	27.60965	30.966497	30.0676	26.912977	29.133787	31.91651	32.30916	33.495872	31.504036	28.049139	26.744017	28.134348	26.078957	26.49918	25.959438	26.25165	28.402618	28.08786	30.36696	28.081993	24.453726	23.833315	20.472862	22.205282	23.53543	20.436022	18.381786	21.32564	21.64056	18.101845	18.52707	21.906015	20.741901	21.87215	21.35736	21.0482	23.1032	25.45018	27.4201	31.158537	33.212685	31.42722	32.83536	33.312923	30.75691	28.025185	28.99248	28.952538	25.466597	24.093775	26.200384	25.270706	21.532715	22.328205	24.734144	22.161213	19.68765	22.809053	24.566376	27.691692
F-223-B	34.132233	37.583355	39.426147	41.01797	37.871834	39.067604	37.1348	37.48821	37.01134	36.792244	37.785515	40.44407	41.50125	43.698193	43.357044	39.577206	40.19871	42.857594	40.61529	37.883617	40.58854	41.676853	38.336765	37.93312	41.529087	40.81765	37.95169	40.401184	39.570267	42.83578	42.224022	41.132553	42.158337	41.660053	41.092648	41.502193	38.9472	36.859715	40.004005	41.86356	38.888763	38.609753	42.376984	42.347378	39.4648	41.581608	43.82202	40.977383	40.93471	37.944984	34.853874	32.87559	32.793392	32.16169	32.238815	32.67764	30.999868	33.778263	36.96314	39.77472	40.258457	36.76026	33.871574	31.357714	28.572647	31.06325	32.284115	28.78048	28.380117	31.902977	31.42335	28.2893	30.319748	33.37463	34.08229	35.520115	33.40961	29.896288	28.971258	30.261738	28.1907	28.177227	27.495047	27.278461	29.22016	28.421827	30.437544	27.812008	24.243652	23.125113	19.659525	21.285738	23.182837	20.446278	18.13948	21.167477	22.10593	18.831692	18.901796	22.5435	22.000542	23.226946	23.214651	22.593836	24.19138	26.463491	27.996414	31.767529	33.884384	32.451412	34.151943	35.007057	32.545425	29.588675	30.72726	31.073519	27.579409	26.070906	28.474985	27.872808	24.125917	24.849735	27.562634	25.226992	22.709934	25.851477	27.84312	30.799467
E-224-B	37.683197	41.18021	43.02804	44.702187	41.599197	42.84057	40.898067	41.24585	40.70001	40.43071	41.30634	43.87913	44.878708	47.16305	46.738777	42.976803	43.73567	46.36295	44.03102	41.39811	44.17412	45.161	41.7731	41.487434	45.06421	44.22142	41.381107	43.905266	43.189465	46.49339	45.95433	44.861614	45.90671	45.360752	44.759743	45.068897	42.482033	40.41977	43.555855	45.49088	42.574398	42.278625	46.055298	46.089874	43.220005	45.29914	47.578682	44.741768	44.714375	41.737926	38.635513	36.661392	36.56117	35.85952	35.871445	36.167797	34.36652	37.02456	40.292736	43.05421	43.583015	40.14746	37.24232	34.853493	32.008083	34.478367	35.85746	32.40688	31.887629	35.431046	35.079594	31.905378	33.797356	36.923096	37.60793	39.150906	37.110916	33.557983	32.68409	34.039494	31.985867	31.946959	31.200527	30.877996	32.682457	31.687122	33.48895	30.658907	27.100796	25.814806	22.410843	24.05814	26.263374	23.702599	21.378857	24.421602	25.61009	22.446537	22.361835	26.063395	25.69139	26.963646	26.994984	26.279861	27.732475	29.853077	31.17864	34.93464	36.982643	35.61372	37.286015	38.26387	35.681484	32.778946	34.128914	34.45354	30.881218	29.558508	32.054417	31.3326	27.622578	28.517908	31.168938	28.697626	26.290161	29.452477	31.295002	34.354496
T-225-B	41.0582	44.53571	46.26843	47.890697	44.719994	45.787178	43.681652	43.802982	43.07397	42.553993	43.18557	45.537254	46.539486	49.033756	48.607468	44.89276	45.866962	48.56543	46.223312	43.747707	46.674217	47.67502	44.32806	44.23178	47.860924	47.00365	44.31036	46.945602	46.185593	49.42184	48.869453	47.581287	48.474895	47.695133	46.89802	46.94358	44.250988	42.240543	45.35693	47.462326	44.727512	44.42766	48.22829	48.461132	45.71041	47.752422	50.195683	47.506416	47.643867	44.61249	41.632057	39.51595	39.15228	38.296024	38.01197	38.012344	35.921173	38.314613	41.682465	44.308678	44.902767	41.60551	38.68766	36.5726	33.613388	36.05054	37.751213	34.461853	33.76126	37.374382	37.348557	34.21005	35.91497	39.21305	40.105255	41.837936	39.747437	36.170727	35.570145	36.872288	34.83794	34.516254	33.690853	33.01386	34.638153	33.282738	34.831005	31.76518	28.346842	26.677912	23.324657	24.805775	27.428793	25.249178	22.815065	25.791227	27.429756	24.539171	24.182169	27.964275	28.037317	29.374208	29.738714	28.844463	29.96685	31.9947	32.965492	36.6856	38.749027	37.668373	39.535084	40.78618	38.28156	35.25501	36.723286	37.30571	33.751167	32.360924	35.029556	34.514328	30.818928	31.664316	34.48571	32.157387	29.723629	32.882652	34.861034	37.82354
V-226-B	43.34556	46.912426	48.48452	50.29233	47.219543	48.354088	46.136337	46.292816	45.353127	44.866425	45.285255	47.57463	48.34479	50.885906	50.230247	46.563023	47.768368	50.32943	47.80024	45.520493	48.570145	49.339756	45.921555	46.078053	49.662346	48.565193	45.98272	48.7924	48.249794	51.53901	51.20684	49.87573	50.883194	50.034218	49.32084	49.242588	46.665295	44.861675	48.08424	50.11113	47.411648	47.316826	51.126118	51.277424	48.63236	50.821396	53.215904	50.536247	50.553947	47.41721	44.39465	42.135685	41.713017	40.605465	40.32229	40.10365	38.006916	40.349674	43.840946	46.542236	47.371727	44.16907	41.10432	39.0225	36.196087	38.81179	40.538845	37.31312	36.79337	40.467712	40.441322	37.425587	39.255188	42.548935	43.53689	45.163918	42.94072	39.435123	38.743896	39.849663	37.607677	37.158783	36.03815	35.25526	36.56999	35.020054	36.232964	32.985687	29.57202	27.967945	24.882048	26.656368	29.391342	27.262457	25.142149	28.300953	29.95338	27.236525	27.1393	30.929777	31.048542	32.10068	32.36194	31.1408	31.995272	33.68499	34.379055	38.02505	39.92095	38.883297	40.66291	42.102398	39.461628	36.523834	38.31761	38.915245	35.28467	34.177803	37.050636	36.443275	32.849144	34.012707	36.851513	34.441853	32.280323	35.605244	37.41618	40.3808
E-227-B	47.071682	50.62856	52.14281	53.926304	50.8211	51.858162	49.5524	49.570507	48.519344	47.869324	48.11776	50.236275	50.997726	53.678917	53.013004	49.39954	50.75699	53.34887	50.81124	48.655552	51.79559	52.557083	49.170498	49.456253	53.058388	51.93611	49.452267	52.32875	51.776264	55.024136	54.69036	53.245647	54.157227	53.159096	52.315132	52.053837	49.41102	47.646152	50.833134	52.978905	50.414387	50.303123	54.11611	54.408245	51.8395	53.98434	56.48571	53.900284	54.02668	50.870533	47.922966	45.596684	45.023052	43.829556	43.3586	42.94257	40.65913	42.789032	46.327976	48.907566	49.776062	46.6945	43.647667	41.777313	38.886887	41.445686	43.387344	40.284245	39.626152	43.31853	43.51104	40.51172	42.187534	45.583164	46.67709	48.441284	46.217907	42.693394	42.172962	43.276127	41.06863	40.46787	39.315063	38.31982	39.50642	37.722435	38.72926	35.340714	32.078552	30.234737	27.26446	28.882557	31.868246	30.033134	27.869667	30.922232	32.85222	30.322025	30.033268	33.834476	34.22223	35.334496	35.789433	34.487766	35.14513	36.75542	37.201576	40.784817	42.661983	41.826138	43.707253	45.32309	42.725475	39.744316	41.622906	42.361343	38.74953	37.631405	40.591118	40.081787	36.507908	37.649143	40.55954	38.20818	36.032158	39.34311	41.2092	44.14265
V-228-B	49.0264	52.60884	53.898296	55.76704	52.7054	53.67426	51.19065	51.11607	49.808178	49.079872	49.048985	51.01118	51.575333	54.35472	53.518536	49.997494	51.61395	54.115147	51.463856	49.548847	52.829067	53.433296	50.057625	50.622665	54.19954	52.928062	50.63825	53.680153	53.240574	56.456547	56.281696	54.692165	55.607323	54.442	53.5908	53.118515	50.564987	49.028255	52.289665	54.39727	51.951756	52.045208	55.852867	56.1385	53.74398	56.01964	58.53157	56.044342	56.140327	52.86245	49.966694	47.4432	46.682816	45.21764	44.62053	43.911823	41.55119	43.52545	47.160286	49.7445	50.84979	47.924927	44.7635	43.026047	40.2622	42.958096	44.995434	42.038086	41.5211	45.26808	45.562126	42.737583	44.4951	47.919945	49.220802	50.92094	48.517838	45.086914	44.60313	45.45881	43.080925	42.23042	40.81059	39.588398	40.44322	38.398888	39.040924	35.501247	32.378456	30.497677	27.844175	29.597378	32.70338	31.071756	29.184744	32.303875	34.33101	32.08633	31.963282	35.734455	36.303486	37.16069	37.67326	36.04937	36.347256	37.650345	37.736877	41.188766	42.93217	42.284927	44.19719	46.068123	43.48578	40.515106	42.62458	43.531826	39.94239	38.95506	42.114388	41.707073	38.24702	39.541386	42.565388	40.308075	38.31458	41.73357	43.592617	46.405716
