	A-103-D	V-104-D	N-105-D	C-106-D	N-107-D	E-108-D	K-109-D	I-110-D	V-111-D	V-112-D	L-113-D	L-114-D	Q-115-D	R-116-D	L-117-D	K-118-D	P-119-D	E-120-D	I-121-D	K-122-D	D-123-D	V-124-D	I-125-D	E-126-D	Q-127-D	L-128-D	N-129-D	L-130-D	V-131-D	T-132-D	T-133-D	W-134-D	L-135-D	Q-136-D	L-137-D	Q-138-D	I-139-D	P-140-D	R-141-D	I-142-D	E-143-D	D-144-D	G-145-D	N-146-D	N-147-D	F-148-D	G-149-D	V-150-D	A-151-D	V-152-D	Q-153-D	E-154-D	K-155-D	V-156-D	F-157-D	E-158-D	L-159-D	M-160-D	T-161-D	S-162-D	L-163-D	H-164-D	T-165-D	K-166-D	L-167-D	E-168-D	G-169-D	F-170-D	H-171-D	T-172-D	Q-173-D	I-174-D	S-175-D	K-176-D	Y-177-D	F-178-D	S-179-D	E-180-D	R-181-D	G-182-D	D-183-D	A-184-D	V-185-D	T-186-D	K-187-D	A-188-D	A-189-D	K-190-D	Q-191-D	P-192-D	H-193-D	V-194-D	G-195-D	D-196-D	Y-197-D	R-198-D	Q-199-D	L-200-D	V-201-D	H-202-D	E-203-D	L-204-D	D-205-D	E-206-D	A-207-D	E-208-D	Y-209-D	R-210-D	D-211-D	I-212-D	R-213-D	L-214-D	M-215-D	V-216-D	M-217-D	E-218-D	I-219-D	R-220-D	N-221-D	A-222-D	Y-223-D	A-224-D	V-225-D	L-226-D	Y-227-D	D-228-D	I-229-D	I-230-D	L-231-D	K-232-D	N-233-D	F-234-D	E-235-D	K-236-D	L-237-D	K-238-D	K-239-D	P-240-D	R-241-D	G-242-D
L-4-C	66.569496	64.99461	62.43914	59.562683	60.372284	59.8613	59.66306	56.63076	55.0018	54.850094	53.399574	50.727463	50.11113	49.275333	47.305786	44.913624	43.149254	42.89616	41.17696	38.687206	38.041817	37.32407	35.062733	32.89019	32.86457	32.330368	29.20542	27.83164	28.648489	27.011198	23.714298	23.977736	24.571934	21.783834	19.267054	20.976135	20.117039	18.32262	15.8451185	17.992435	19.617216	22.642883	25.16262	26.221956	26.081528	29.265276	27.640888	25.381966	28.693686	30.16233	27.509993	28.108578	31.824104	31.694834	29.388323	32.069164	34.479584	32.549294	32.231228	35.939156	36.797768	34.732918	36.392944	39.753914	39.33118	37.842186	41.19184	43.24851	42.04298	43.483517	46.651676	47.955933	48.128143	49.63504	52.421375	53.455307	53.193336	55.15472	57.643536	58.03819	58.82787	61.32519	63.29289	63.34725	64.90493	67.10023	68.31474	68.743355	70.52808	72.56284	74.77421	71.916794	71.66977	68.706154	66.523056	67.743195	67.06402	63.659466	62.801315	63.785927	61.99388	58.669975	59.169846	60.102062	57.089012	54.722717	56.28442	55.71694	52.047733	51.19103	52.467117	50.385986	47.244846	47.81089	48.453293	45.331257	43.11393	44.610107	43.997814	40.268147	39.79078	41.85538	40.261837	36.706623	37.486732	39.198505	36.507095	33.600998	35.898052	37.02275	33.571583	31.618282	30.78039	28.863897	27.523417	25.931519	25.320955	25.360172	24.86807	26.47128
R-5-C	66.419304	65.00248	62.3611	59.57834	60.456654	59.74187	59.637676	56.735798	54.923534	54.623947	53.37701	50.74332	49.850067	49.034634	47.32249	44.866917	42.8843	42.846317	41.366043	38.64731	37.922676	37.56735	35.417793	32.91849	32.946575	32.839115	29.645496	27.973885	29.110415	27.87576	24.356026	24.439432	25.572437	23.092432	20.19835	22.093216	21.853458	20.282578	18.307749	20.888426	22.576143	25.781754	28.026167	28.737122	28.611826	31.587435	29.621185	27.584566	31.021288	32.119446	29.297777	30.203716	33.823368	33.30275	31.040817	33.932568	36.053295	33.83648	33.73336	37.472313	37.99028	35.82208	37.716732	40.965767	40.199295	38.685078	42.136166	43.94854	42.504826	44.08739	47.351543	48.36912	48.49532	50.26208	52.955032	53.78109	53.67328	55.829243	58.151157	58.404293	59.39963	61.96505	63.7305	63.78932	65.551796	67.69249	68.74075	69.275635	71.209206	73.146034	75.508995	72.76697	72.48143	69.63639	67.31443	68.39001	67.84478	64.49302	63.419163	64.38923	62.788654	59.38203	59.686737	60.74846	57.878185	55.326847	56.7923	56.43626	52.796684	51.685318	53.02001	51.177162	47.90975	48.26529	49.126102	46.170364	43.70061	45.11148	44.80268	41.07836	40.321537	42.53323	41.250416	37.585407	38.110634	40.075184	37.651714	34.517452	36.658867	38.102844	34.817932	32.53092	31.803652	30.274778	28.780735	26.820215	26.46435	27.01411	26.619389	27.803734
V-6-C	63.55909	62.150917	59.408928	56.617767	57.439613	56.58797	56.453808	53.64157	51.79092	51.35557	50.16119	47.60725	46.586067	45.70236	44.119213	41.702084	39.574123	39.576023	38.267097	35.472702	34.62726	34.441433	32.425446	29.739187	29.728003	29.878624	26.702522	24.819334	26.126299	25.189133	21.560265	21.518194	23.038443	20.834904	17.713232	19.823662	20.120352	18.994799	17.675724	20.625746	22.636892	26.110905	28.024601	28.261057	27.877623	30.550768	28.225183	26.313303	29.777784	30.477459	27.458853	28.602142	32.082504	31.187056	28.966042	32.028645	33.857304	31.4198	31.53751	35.27572	35.49501	33.316742	35.44161	38.544655	37.534554	36.109318	39.653297	41.242203	39.72636	41.497223	44.747097	45.591667	45.820602	47.743065	50.29575	51.076984	51.160114	53.372818	55.544327	55.818886	56.987442	59.501484	61.15142	61.33097	63.207962	65.22403	66.23941	66.93083	68.89048	70.69152	73.13032	70.42924	70.02648	67.24354	64.8809	65.80175	65.27026	61.991302	60.78596	61.65691	60.153675	56.731483	56.865654	57.940125	55.17361	52.52366	53.864086	53.605038	50.015884	48.730927	50.043316	48.355957	45.034122	45.221184	46.19043	43.36311	40.733498	42.064075	41.95016	38.24824	37.308983	39.617466	38.557175	34.833397	35.214108	37.372032	35.162476	31.89774	33.991547	35.703957	32.59008	30.103085	29.642296	28.373177	26.60833	24.49607	24.55536	25.452902	25.432945	26.421999
Q-7-C	63.868553	62.640053	59.838398	57.170364	58.07677	57.033257	57.015175	54.347507	52.31123	51.745167	50.781574	48.271473	46.974094	46.14293	44.839108	42.363247	40.047176	40.294327	39.231068	36.231327	35.34561	35.544937	33.65262	30.694033	30.770847	31.3431	28.156746	26.05275	27.665411	27.121561	23.400524	23.220873	25.191072	23.312992	20.02356	22.209146	22.975084	22.034843	21.0433	24.15244	26.131636	29.64751	31.39567	31.428076	31.08662	33.58879	31.05506	29.341269	32.838272	33.25743	30.159517	31.505035	34.85934	33.664608	31.505083	34.67442	36.24116	33.58771	33.864635	37.569595	37.492188	35.2308	37.513134	40.486217	39.16974	37.711304	41.292404	42.643967	40.896137	42.759247	46.08216	46.63788	46.790615	48.948704	51.406006	51.960175	52.17381	54.570747	56.57466	56.687805	58.039623	60.62204	62.064384	62.22481	64.292145	66.26234	67.09833	67.87286	69.979324	71.69204	74.27061	71.697876	71.2788	68.62522	66.13092	66.92125	66.53722	63.317677	61.910282	62.782833	61.478954	57.989807	57.946007	59.156986	56.543633	53.729797	54.98503	54.944305	51.40325	49.88728	51.266197	49.823727	46.403683	46.39945	47.585815	44.940914	42.100098	43.35097	43.536766	39.880177	38.697018	41.130096	40.37608	36.60326	36.748535	39.120358	37.18748	33.772152	35.691772	37.67318	34.755177	32.01752	31.663116	30.753656	28.901812	26.52462	26.79551	28.08609	28.117907	28.743769
P-8-C	64.079544	62.84053	59.885574	57.184147	57.935234	56.67119	56.51873	54.017426	52.003487	51.15929	50.20942	47.9179	46.44677	45.3902	44.294903	42.007984	39.426197	39.591854	38.876545	35.885773	34.649914	34.99633	33.473732	30.295895	30.049362	30.96027	28.023756	25.500795	27.015959	26.98967	23.32869	22.60072	24.831932	23.501312	19.9431	21.80107	23.119997	22.212143	21.740206	25.166882	26.97698	30.571882	31.894518	31.519722	31.31986	33.536926	30.752644	29.455112	33.04346	33.07835	30.050964	31.821377	34.985184	33.49657	31.658419	35.037945	36.291187	33.588825	34.277065	37.9384	37.550587	35.499973	38.08339	40.815567	39.3057	38.132366	41.81306	42.86452	41.158924	43.31081	46.521423	46.899075	47.277008	49.583096	51.813393	52.37863	52.864853	55.264034	57.07017	57.274853	58.832428	61.293514	62.614124	62.968636	65.14062	66.92483	67.760735	68.74251	70.83574	72.36377	74.99996	72.44979	71.84757	69.24442	66.76325	67.34467	66.90672	63.806347	62.278576	62.950485	61.72015	58.2726	57.98822	59.1124	56.631687	53.755035	54.75705	54.747692	51.332092	49.60324	50.800457	49.53133	46.138702	45.818344	46.995773	44.55676	41.555523	42.504875	42.844017	39.309776	37.78933	40.1172	39.6191	35.834538	35.590824	38.010036	36.341614	32.764645	34.342056	36.48081	33.758953	30.754107	30.346231	29.884417	28.126034	25.38383	25.72545	27.500471	27.508217	27.638628
E-9-C	61.104774	60.003353	57.04873	54.464397	55.333607	53.991035	53.99842	51.56891	49.387924	48.550274	47.812244	45.47464	43.836414	42.94438	42.02166	39.60588	36.99143	37.446213	36.810898	33.637794	32.55967	33.24781	31.683344	28.369564	28.431124	29.627722	26.591476	24.124884	26.09239	26.235815	22.525936	22.073904	24.713861	23.499142	20.074913	22.36724	23.968407	23.643291	23.516956	26.890528	29.066687	32.748734	34.050007	33.502502	32.938374	34.956	31.997852	30.602474	34.033672	33.84025	30.59019	32.282127	35.30052	33.53262	31.544937	34.879658	35.900898	32.934364	33.581417	37.161823	36.538372	34.287006	36.897835	39.537422	37.75608	36.43833	40.08471	40.972717	39.026062	41.166496	44.453987	44.598415	44.84602	47.319885	49.500763	49.85627	50.40115	52.950302	54.636814	54.685253	56.35916	58.88761	60.04658	60.35549	62.663837	64.42914	65.11464	66.13665	68.344315	69.81883	72.55812	70.12514	69.546135	67.062546	64.46188	64.9691	64.68702	61.62256	59.94004	60.671913	59.620205	56.106186	55.730694	57.022915	54.66151	51.65288	52.67163	52.885994	49.483776	47.615322	48.979362	47.90868	44.40973	44.05467	45.49557	43.174973	40.04141	41.10032	41.724636	38.200478	36.6381	39.217472	38.95945	35.169544	34.95982	37.654842	36.21189	32.63091	34.310547	36.742054	34.23257	31.177216	31.215618	30.871935	28.735325	26.110329	26.981312	28.843922	29.303387	29.478224
A-10-C	59.002426	57.79944	54.941788	52.298855	53.208603	52.080414	52.107502	49.50424	47.392532	46.780323	45.919872	43.42028	42.013287	41.232178	40.04463	37.525707	35.149612	35.552715	34.588066	31.470901	30.633484	31.088814	29.225494	26.119207	26.388325	27.241863	24.00801	21.875954	23.896135	23.604546	19.834759	19.848972	22.311726	20.697596	17.492685	20.150003	21.424702	21.318354	21.063482	24.223825	26.693665	30.3759	31.88613	31.49159	30.63903	32.756966	29.91657	28.180252	31.48664	31.494682	28.129456	29.500587	32.616474	31.011196	28.762054	31.950953	33.168213	30.219397	30.579334	34.195522	33.794018	31.40491	33.824165	36.634457	35.024826	33.54341	37.145313	38.27319	36.375885	38.34658	41.6781	42.029716	42.202827	44.51569	46.853336	47.3094	47.67258	50.146233	52.00301	52.089195	53.592667	56.14776	57.462406	57.70075	59.87914	61.74749	62.524494	63.42432	65.5688	67.16473	69.81863	67.31257	66.819916	64.253914	61.69653	62.358227	62.038544	58.88462	57.34044	58.17448	57.00203	53.48264	53.305416	54.59577	52.097454	49.174557	50.376026	50.49589	46.991817	45.325356	46.78884	45.52913	42.02838	41.941864	43.33492	40.820225	37.838642	39.147034	39.598667	35.963875	34.70581	37.367447	36.870167	33.087933	33.24309	35.903008	34.23421	30.800564	32.82522	35.14634	32.496044	29.684769	29.891645	29.166903	26.835579	24.578144	25.559128	27.032328	27.722239	28.35165
Q-11-C	60.030624	58.62261	55.67954	52.861614	53.524143	52.38882	52.143314	49.534637	47.654613	46.90202	45.779522	43.44834	42.17706	41.085587	39.779617	37.521076	35.066174	35.075665	34.18479	31.305729	30.109463	30.239202	28.61935	25.567125	25.328468	26.036783	23.053999	20.645628	22.157755	21.961908	18.27667	17.745405	19.99009	18.570194	15.088149	17.28977	18.671293	18.27849	18.186903	21.578526	23.82738	27.541504	28.80499	28.246695	27.585947	29.655151	26.775227	25.275002	28.724108	28.675158	25.471687	27.123861	30.243225	28.688725	26.72043	30.068892	31.301764	28.556053	29.19321	32.852367	32.49297	30.430922	33.005856	35.749374	34.311523	33.171257	36.86092	37.97803	36.39921	38.564972	41.712627	42.232433	42.718815	44.909225	47.145863	47.876633	48.350384	50.622276	52.488834	52.84347	54.3342	56.705875	58.143604	58.580555	60.646133	62.400036	63.376324	64.37098	66.34563	67.87551	70.42977	67.796394	67.15181	64.47944	62.081486	62.69661	62.15367	59.03839	57.60928	58.24666	56.908325	53.499435	53.290543	54.33282	51.776325	48.97561	50.019863	49.904278	46.45708	44.83921	46.027634	44.640514	41.27189	41.072865	42.184032	39.64552	36.727562	37.796417	38.031513	34.439682	33.083714	35.474716	34.86005	31.073399	31.061623	33.514206	31.755943	28.260027	30.114553	32.279884	29.540789	26.675182	26.610353	25.941422	23.84509	21.391237	22.129776	23.72257	24.239092	24.72175
A-12-C	59.07806	57.75789	54.689754	51.926044	52.53259	51.15326	50.89397	48.482697	46.51466	45.517357	44.547157	42.386353	40.848614	39.65836	38.659943	36.494366	33.774864	33.89721	33.38725	30.405071	28.981728	29.47722	28.188047	24.852869	24.500841	25.726143	22.944218	20.181185	21.881863	22.309008	18.713354	17.819857	20.551231	19.755962	16.208426	18.282162	20.301233	20.242353	20.725235	24.246964	26.463783	30.209131	31.127169	30.17984	29.489204	31.196617	28.04831	26.889265	30.287432	29.783482	26.564674	28.526041	31.361439	29.402082	27.659922	31.128458	31.937971	29.01366	29.986485	33.526142	32.75147	30.767557	33.601776	36.062527	34.292206	33.316795	37.04939	37.79812	36.106182	38.502853	41.593647	41.807964	42.397694	44.815037	46.824368	47.424088	48.159893	50.527107	52.149143	52.47387	54.204777	56.519203	57.748783	58.310028	60.546078	62.137054	63.011234	64.194695	66.23288	67.57949	70.24435	67.7089	66.93364	64.38267	61.922134	62.31821	61.83217	58.843014	57.217133	57.7244	56.56433	53.15409	52.68247	53.75588	51.39352	48.460117	49.29187	49.345604	46.023876	44.13203	45.260635	44.156532	40.753754	40.2447	41.511147	39.241154	36.10041	36.952324	37.508797	34.049458	32.349884	34.790104	34.56857	30.784176	30.414282	33.073273	31.712791	28.079058	29.64684	32.12895	29.719318	26.584757	26.724371	26.564249	24.373701	21.660292	22.75709	24.833105	25.538837	25.572287
K-13-C	55.435608	54.16721	51.15243	48.447666	49.182404	47.86523	47.759045	45.29689	43.21974	42.368515	41.50801	39.196995	37.651337	36.678444	35.66399	33.307243	30.699665	31.059912	30.410686	27.280363	26.157433	26.83438	25.309427	21.95833	22.05301	23.342657	20.332499	17.841652	20.05187	20.368027	16.711958	16.430637	19.429243	18.51185	15.323957	18.010153	20.031366	20.624458	21.288128	24.55828	27.200506	30.959526	31.990242	31.026648	29.875221	31.465996	28.287828	26.840338	29.980467	29.411451	25.954206	27.61687	30.35454	28.255558	26.219112	29.530193	30.238462	27.084724	27.837896	31.310722	30.449682	28.19141	30.936882	33.41005	31.487844	30.279478	33.959774	34.700657	32.815067	35.110855	38.30024	38.42975	38.86529	41.340443	43.40001	43.879185	44.5634	47.017857	48.637733	48.853203	50.58752	52.975746	54.160477	54.6445	56.922188	58.55757	59.36011	60.508564	62.60671	63.97979	66.68342	64.20225	63.49717	60.997612	58.458168	58.882668	58.50806	55.493343	53.81426	54.436	53.357487	49.881424	49.449574	50.672264	48.32853	45.325867	46.28757	46.483757	43.106205	41.211037	42.557274	41.51363	38.00773	37.637756	39.119976	36.834217	33.66512	34.785137	35.497364	31.97808	30.44159	33.173553	33.02104	29.24975	29.159801	32.043533	30.751331	27.239431	29.123558	31.779448	29.490557	26.510546	27.160345	26.851635	24.227613	21.91928	23.529615	25.381052	26.588234	26.951086
V-14-C	55.24554	53.73782	50.738728	47.851364	48.414623	47.26581	46.948956	44.346107	42.523808	41.73872	40.558002	38.26286	37.02763	35.88077	34.5455	32.336014	29.868092	29.829685	28.965086	26.10448	24.862768	25.030256	23.464802	20.3465	20.138828	20.98467	18.012974	15.534637	17.3248	17.347544	13.654004	13.27496	15.993409	14.91917	11.628165	14.322588	16.240753	16.887213	17.682337	20.929417	23.628653	27.3842	28.35484	27.359446	26.11468	27.718605	24.585165	23.060293	26.21143	25.73353	22.290152	23.94388	26.767925	24.82001	22.794586	26.151564	27.033699	24.048746	24.817013	28.37987	27.737509	25.64555	28.382683	30.950783	29.32319	28.279089	32.006416	32.94412	31.382622	33.70203	36.76835	37.21773	37.85602	40.088627	42.192764	42.983753	43.60641	45.828888	47.596325	48.06085	49.641384	51.90102	53.31106	53.89467	55.97347	57.600723	58.634266	59.755886	61.6675	63.086205	65.64005	63.00007	62.244095	59.592403	57.218433	57.730896	57.144196	54.089016	52.618332	53.16105	51.84681	48.45912	48.163418	49.17577	46.67038	43.841984	44.819687	44.73667	41.321808	39.635517	40.82512	39.51253	36.116337	35.871334	37.06597	34.591526	31.599653	32.71774	33.09264	29.504807	28.133236	30.701225	30.242085	26.452717	26.524399	29.208603	27.64402	24.180584	26.219492	28.663034	26.178177	23.341612	23.923265	23.356136	20.733366	18.569792	20.12399	21.765333	23.060503	23.660236
D-15-C	57.108337	55.524323	52.38888	49.42281	49.751297	48.422943	47.870983	45.42322	43.73856	42.654346	41.37068	39.365925	38.05114	36.562332	35.370655	33.48386	30.76422	30.446533	29.955667	27.274744	25.527248	25.646797	24.601954	21.385004	20.5413	21.613655	19.135485	16.132586	17.387444	18.005224	14.598338	13.192545	15.915561	15.55893	11.947875	13.749291	16.192934	16.523676	17.718372	21.257925	23.539457	27.283354	27.817755	26.478159	25.572062	26.945812	23.635237	22.666193	25.975979	25.184675	21.994463	24.186771	26.83601	24.73353	23.23218	26.807976	27.454153	24.634007	25.910006	29.402267	28.559916	26.890911	29.897566	32.203014	30.554026	29.94835	33.733364	34.422146	33.08046	35.68048	38.53347	38.92151	39.865467	42.128307	43.99838	44.911064	45.7746	47.892838	49.5079	50.148243	51.858192	53.940037	55.305817	56.104282	58.197807	59.6394	60.74855	62.04578	63.87098	65.12839	67.66917	65.00104	64.05322	61.400524	59.12153	59.460857	58.734673	55.80105	54.305023	54.602287	53.270725	49.99037	49.496593	50.31141	47.895702	45.101635	45.78789	45.60594	42.34814	40.52699	41.403095	40.172928	36.90493	36.32356	37.334137	35.04269	31.977367	32.66013	33.03194	29.612848	27.870518	30.135406	29.83334	26.05685	25.623587	28.190321	26.810333	23.157347	24.713537	27.184734	24.810736	21.668703	21.958158	21.867086	19.56689	16.864624	18.263126	20.447977	21.514256	21.545004
V-16-C	54.569016	53.10971	49.89919	47.030514	47.394775	45.874943	45.41328	43.12401	41.281834	40.055134	38.994747	37.059742	35.476997	34.030296	33.137856	31.221916	28.309715	28.26063	28.067833	25.195557	23.407722	24.027935	23.173077	19.676565	19.006847	20.661743	18.270035	15.1214905	16.909447	18.071241	14.807676	13.519703	16.805735	16.91717	13.661679	15.671557	18.484947	19.388021	20.931131	24.341776	26.78957	30.51468	30.91618	29.353212	28.202763	29.242346	25.774849	24.908722	27.971094	26.804977	23.515224	25.720861	28.04339	25.541561	24.066027	27.585924	27.796516	24.697657	26.108828	29.415512	28.150396	26.38459	29.536516	31.581915	29.535624	28.931314	32.69567	33.03713	31.465584	34.198883	37.055267	37.10157	38.031757	40.533356	42.22715	42.93219	43.99366	46.2545	47.645218	48.17697	50.099403	52.181618	53.325714	54.17455	56.446014	57.776356	58.738003	60.17136	62.09669	63.212803	65.87703	63.33843	62.329422	59.823975	57.4364	57.60119	57.00627	54.171486	52.463657	52.722294	51.611385	48.289764	47.582314	48.52652	46.30644	43.34753	43.92017	43.99324	40.821724	38.74185	39.703182	38.785786	35.42466	34.63469	35.937523	33.901356	30.609926	31.251623	32.04373	28.730158	26.76005	29.258907	29.39242	25.655657	25.051935	27.954983	27.018978	23.358843	24.817804	27.67962	25.723928	22.483894	23.27713	23.549726	20.960022	18.363317	20.333586	22.712185	24.15855	24.020222
F-17-C	51.59526	50.029797	46.882195	43.94578	44.32751	42.985027	42.53571	40.088734	38.305176	37.272972	36.09782	34.009968	32.632236	31.282791	30.13852	28.118292	25.405165	25.31457	24.818228	21.962255	20.381952	20.827736	19.693598	16.292429	15.863892	17.30456	14.679653	11.741148	13.849693	14.747329	11.404862	10.683131	14.116253	14.076725	11.235002	13.79031	16.499966	18.022978	19.746502	22.845171	25.636047	29.314896	29.79859	28.251354	26.661438	27.611252	24.19125	23.011938	25.807755	24.65432	21.168114	23.063025	25.328802	22.791185	21.036257	24.42618	24.640848	21.410011	22.629335	25.932394	24.713518	22.77831	25.861717	27.98464	25.972158	25.250769	29.015593	29.482487	27.934004	30.598875	33.47907	33.662025	34.57965	36.979115	38.761147	39.55991	40.525562	42.721493	44.217464	44.806107	46.626526	48.703815	49.95947	50.79159	52.972233	54.3507	55.394527	56.768	58.633698	59.815834	62.420795	59.826702	58.859444	56.29714	53.93778	54.197193	53.571045	50.6742	49.05402	49.379208	48.18471	44.848225	44.27656	45.23039	42.908443	39.991505	40.711754	40.733974	37.466595	35.522552	36.601006	35.55001	32.144676	31.583324	32.90981	30.712126	27.497921	28.422724	29.137648	25.694225	24.001974	26.703178	26.687315	22.936644	22.744875	25.7431	24.67994	21.18307	23.081411	25.952696	23.981781	21.023537	22.255627	22.192068	19.211462	17.161627	19.538507	21.514843	23.427517	23.750504
R-18-C	53.336567	51.549637	48.39019	45.282852	45.424618	44.178833	43.446556	40.94285	39.464478	38.385128	36.873962	34.93684	33.83566	32.1927	30.806465	29.090298	26.449905	25.830526	25.279778	22.83328	20.930504	20.768091	19.851412	16.755991	15.636864	16.609917	14.340489	11.188998	12.318635	13.170117	9.969016	8.335293	11.4429035	11.653936	8.448584	10.4392605	13.382013	14.770247	16.803677	19.99053	22.578316	26.220757	26.460411	24.75156	23.278355	24.16837	20.703413	19.728863	22.663496	21.47839	18.132326	20.331831	22.65208	20.232193	18.772978	22.35009	22.691635	19.771235	21.255783	24.636112	23.613262	22.091013	25.246101	27.369036	25.714159	25.359188	29.156248	29.749493	28.641842	31.38807	34.04766	34.53578	35.7364	37.885563	39.630493	40.760685	41.72608	43.65683	45.244522	46.11258	47.811718	49.71085	51.160828	52.136528	54.12659	55.44472	56.717625	58.104137	59.770374	60.949932	63.403156	60.657967	59.590385	56.88693	54.725727	55.01782	54.143547	51.25598	49.839478	50.00516	48.575153	45.37902	44.876717	45.542522	43.098843	40.38883	41.008442	40.7008	37.473133	35.705647	36.476807	35.175198	31.964554	31.390705	32.30379	29.986076	26.955976	27.651796	27.96561	24.53205	22.841259	25.167397	24.85628	21.072702	20.78378	23.470594	22.149996	18.55828	20.377764	23.014015	20.8193	17.813114	18.769232	18.655313	15.84324	13.600698	15.84263	17.891344	19.754814	20.039486
E-19-C	54.05893	52.301624	48.997227	45.90364	45.873867	44.35737	43.482037	41.22873	39.776134	38.348812	36.899014	35.27892	33.9413	32.0284	30.980469	29.55246	26.589859	25.891872	25.890772	23.520182	21.155327	21.2786	20.99232	17.711685	16.121136	17.677757	16.015278	12.447949	13.30464	15.061725	12.4298935	10.038908	13.218158	14.31758	11.280335	12.350949	15.741177	16.977146	19.32389	22.630785	24.877598	28.448933	28.2835	26.217548	24.993176	25.508648	21.871689	21.506647	24.403414	22.763681	19.707954	22.348927	24.287296	21.56221	20.656986	24.30149	24.183134	21.328075	23.299503	26.441908	25.0181	23.84215	27.240633	28.96167	27.077286	27.092999	30.86886	31.042706	29.985683	33.002323	35.472824	35.696102	37.116524	39.42129	40.86454	41.952477	43.21829	45.148674	46.47277	47.40272	49.32331	51.08136	52.353962	53.51895	55.62357	56.729046	57.96303	59.560577	61.220295	62.187683	64.70021	62.019512	60.767838	58.160892	56.01661	56.06403	55.160206	52.442146	50.881866	50.82202	49.51865	46.401672	45.604893	46.178493	43.94435	41.17858	41.470337	41.23404	38.219685	36.184734	36.71709	35.694572	32.57136	31.5577	32.470318	30.507708	27.299185	27.528864	28.103031	24.94724	22.75132	24.880945	25.016768	21.328745	20.3776	23.12487	22.306374	18.562832	19.73611	22.632084	20.853931	17.488317	18.418491	19.06561	16.519928	13.808347	16.147177	18.824232	20.582243	20.17686
D-20-C	50.551647	48.87202	45.529984	42.50405	42.52802	40.90929	40.138817	37.961395	36.371082	34.89714	33.620182	31.98875	30.473518	28.648108	27.786356	26.27528	23.197456	22.758862	22.934563	20.374979	18.041016	18.638966	18.443552	14.920865	13.614687	15.7446785	14.120445	10.555694	12.171029	14.343859	11.95073	10.141575	13.766091	15.084712	12.68244	14.230242	17.619488	19.466	21.93888	24.993013	27.522175	31.052948	30.919678	28.795156	27.199877	27.47096	23.82022	23.324041	25.851597	23.98359	20.786467	23.17697	24.795712	21.750675	20.705444	24.152925	23.642431	20.475328	22.429008	25.351768	23.548676	22.187712	25.654202	27.148956	24.885658	24.839405	28.567547	28.453842	27.17434	30.277042	32.757923	32.703674	34.094448	36.579903	37.896248	38.816246	40.219597	42.26027	43.419865	44.2596	46.329308	48.09426	49.204407	50.39534	52.626373	53.659267	54.781868	56.468204	58.20227	59.076557	61.680374	59.102493	57.827343	55.337685	53.0958	53.030003	52.24969	49.591957	47.867916	47.816303	46.69258	43.52276	42.58845	43.306614	41.21471	38.30241	38.563217	38.56612	35.585804	33.356544	34.047085	33.278896	30.033236	28.923355	30.165154	28.384705	24.97953	25.322407	26.31207	23.206476	20.923082	23.425266	23.94528	20.324703	19.43929	22.58154	22.15857	18.574211	19.88582	23.126345	21.768482	18.567383	20.165777	20.891594	17.96351	15.771304	18.644672	21.139902	23.329967	23.076485
L-21-C	49.32981	47.4332	44.163185	40.981754	40.902027	39.534203	38.624924	36.241154	34.887085	33.606934	32.011566	30.29621	29.174332	27.291983	25.996307	24.552683	21.756563	20.927654	20.71272	18.44191	16.126846	16.080542	15.722773	12.505057	10.911003	12.499877	10.8959255	7.2534127	8.561573	10.624886	8.407288	6.5032454	10.187271	11.692048	9.794246	11.377566	14.709149	17.038298	19.753622	22.490997	25.161083	28.575275	28.404055	26.24969	24.334328	24.482758	20.891788	20.221935	22.523043	20.642603	17.348673	19.596088	21.15428	18.109901	16.971025	20.402905	19.943016	16.794405	18.75811	21.73031	20.074831	18.798264	22.266056	23.847097	21.838358	21.905043	25.664408	25.774	24.793406	27.86313	30.245026	30.529737	32.058693	34.283077	35.687405	36.893322	38.175312	40.001564	41.33779	42.381783	44.263428	45.93771	47.278126	48.510895	50.539433	51.606403	52.933468	54.54634	56.117893	57.074978	59.53438	56.81552	55.54256	52.91006	50.804085	50.86968	49.92182	47.193565	45.682053	45.62252	44.269924	41.15853	40.419987	40.98495	38.701385	35.954445	36.324432	36.07014	32.996265	31.02469	31.657955	30.575546	27.388758	26.526281	27.530397	25.474314	22.252235	22.769255	23.406296	20.1239	18.132105	20.643415	20.798523	17.089502	16.604567	19.687477	18.952627	15.455961	17.232224	20.348843	18.838564	15.920822	17.829382	18.179602	14.960106	13.298064	16.473772	18.564432	21.131739	21.29405
C-22-C	51.983597	49.951523	46.62277	43.343025	42.991875	41.56993	40.363552	38.090244	37.009132	35.518127	33.699398	32.303516	31.291372	29.050377	27.763504	26.754864	23.9067	22.607557	22.65611	20.836693	18.08909	17.641853	17.842127	14.973516	12.5798025	13.909319	13.089885	9.424998	9.220292	11.634682	10.054888	6.866627	9.813796	12.055422	9.999533	10.252781	13.948846	15.927349	18.985569	21.831242	24.060015	27.364515	26.757334	24.278137	22.676933	22.558083	18.842258	18.790777	21.208183	19.043509	16.144747	18.971046	20.357557	17.31415	16.882969	20.485092	19.929398	17.247448	19.69317	22.559803	20.94347	20.296291	23.849407	25.215487	23.481695	24.045458	27.744097	27.774067	27.203	30.397245	32.48758	32.895676	34.718956	36.79339	38.022892	39.454285	40.853466	42.462864	43.74466	45.020374	46.893066	48.360332	49.763443	51.179783	53.103672	54.0267	55.50434	57.210987	58.622772	59.480515	61.838528	59.039696	57.607475	54.91616	52.99	52.968372	51.80796	49.183342	47.780624	47.48105	46.001106	43.069695	42.249992	42.51687	40.252377	37.68286	37.790745	37.280636	34.387417	32.456684	32.66671	31.514809	28.604927	27.49417	28.075396	26.134407	23.050999	23.031	23.390913	20.34665	18.063463	19.966341	20.076616	16.436033	15.348809	18.078827	17.385853	13.652952	14.838015	17.887012	16.395313	13.117105	14.718079	15.570404	12.748649	10.524247	13.655111	16.231888	18.647896	18.324871
T-23-C	51.12731	49.207783	45.755054	42.565044	42.142036	40.42474	39.199295	37.203026	36.02724	34.221195	32.61019	31.473635	30.123085	27.742325	26.910168	26.07637	22.902134	21.759537	22.407692	20.521067	17.477844	17.649925	18.393747	15.283484	12.834529	14.998299	14.598102	10.8853445	11.098833	14.145469	12.907739	10.071071	13.088909	15.554531	13.682874	13.954998	17.665516	19.620472	22.685526	25.569996	27.722582	30.996124	30.24304	27.61202	26.091484	25.7121	21.972956	22.209457	24.44338	21.982841	19.281729	22.147738	23.152737	19.842329	19.667515	23.109781	22.069088	19.30264	21.94882	24.49363	22.403753	21.851791	25.5313	26.488735	24.354786	25.085905	28.696222	28.244852	27.527416	30.920929	32.899197	32.903717	34.81646	37.1325	38.06806	39.31249	41.002693	42.71025	43.68522	44.904785	47.03588	48.429085	49.572414	51.114315	53.2192	53.95353	55.297054	57.20136	58.681202	59.329075	61.801945	59.138508	57.57429	55.049156	53.05675	52.781147	51.707188	49.253498	47.62331	47.17573	45.93556	43.028492	41.890827	42.20268	40.214844	37.50289	37.335064	37.065845	34.38103	32.106285	32.237316	31.51079	28.605917	27.066708	27.881895	26.393	23.056356	22.697184	23.586386	20.873144	18.111975	20.050196	20.842669	17.431519	15.783436	18.764833	18.81611	15.199155	15.779193	19.186028	18.358208	15.002165	16.807423	18.269382	15.635468	13.408434	16.54793	19.389708	21.74499	20.993946
K-24-C	47.3479	45.397373	41.957676	38.752983	38.356056	36.68973	35.518593	33.455612	32.24917	30.527525	28.916452	27.684624	26.37189	24.061384	23.157393	22.251364	19.105982	18.009502	18.627907	16.704552	13.660383	14.005923	14.811602	11.651985	9.273193	11.862334	11.647954	8.1273365	8.902438	12.2286005	11.452044	9.3937235	12.545988	15.053062	13.930452	14.708422	18.19672	20.744213	23.852335	26.40147	28.873991	32.077938	31.448195	28.87519	26.90569	26.379496	22.741465	22.659851	24.470041	21.936438	19.066082	21.506128	22.23183	18.715004	18.293604	21.454727	20.10624	17.060453	19.614622	21.936087	19.564142	18.851797	22.550203	23.331203	20.945223	21.656868	25.212301	24.599768	23.805908	27.24807	29.196106	29.108631	31.042603	33.394436	34.27598	35.49642	37.23112	38.945335	39.873734	41.09297	43.253494	44.63121	45.746994	47.30646	49.425682	50.137543	51.471497	53.396088	54.877007	55.50661	57.99582	55.35752	53.800945	51.308704	49.277157	48.98792	47.963192	45.507507	43.831852	43.421658	42.23385	39.284187	38.138317	38.538395	36.56954	33.78672	33.681858	33.525635	30.793283	28.463785	28.76423	28.114109	25.084127	23.602423	24.664581	23.187267	19.723413	19.628988	20.787144	18.000404	15.321478	17.748766	18.73839	15.3658	14.104577	17.487938	17.738966	14.439303	15.51181	19.09427	18.540205	15.641783	18.125563	19.27224	16.200916	14.786776	18.31932	20.673077	23.470795	23.16484
T-25-C	48.348534	46.15142	42.7787	39.403206	38.7953	37.366043	35.931004	33.723915	32.888493	31.283306	29.25982	28.104248	27.257732	24.757061	23.413656	22.799665	19.991232	18.262537	18.566214	17.230446	14.09565	13.417374	14.342294	11.853927	8.736103	10.365458	10.7441845	7.381098	6.4966483	10.004648	9.973025	7.3062744	9.726019	12.802382	12.179226	12.23674	15.668322	18.367687	21.74156	24.029003	26.351213	29.358883	28.492737	25.767263	23.705748	22.924437	19.322647	19.429995	21.04789	18.342108	15.653221	18.259954	18.79127	15.256628	15.217174	18.442415	17.074417	14.355542	17.231812	19.535923	17.365921	17.150236	20.863174	21.632416	19.722073	20.812284	24.339464	23.961018	23.697676	27.106089	28.814762	29.155071	31.32528	33.322372	34.232197	35.831394	37.46225	38.86444	39.95987	41.466015	43.413612	44.621407	45.996994	47.652412	49.518047	50.216515	51.808613	53.679398	54.936157	55.61769	57.91405	55.103603	53.492477	50.82962	49.020226	48.837242	47.549957	45.069153	43.67155	43.152313	41.666637	38.87098	37.90351	37.99761	35.83625	33.33156	33.21643	32.64686	29.914776	27.905033	27.908075	26.864693	24.070448	22.734743	23.260138	21.53089	18.375734	18.132574	18.679224	15.821238	13.262259	15.284546	15.816526	12.317336	11.051165	14.21606	14.162736	10.744644	11.978139	15.463422	14.801296	12.014301	14.713755	15.781866	12.690575	11.644269	15.347421	17.500341	20.508577	20.333235
E-26-C	50.780384	48.555225	45.099693	41.720123	40.883644	39.27788	37.614468	35.654663	34.98738	33.080288	31.013884	30.250772	29.324673	26.521374	25.444923	25.245457	22.296724	20.356869	21.137934	20.096386	16.664856	16.037027	17.504747	15.197016	11.8596945	13.49703	14.340984	11.095211	9.72107	13.170665	13.310354	10.158218	12.009543	15.355332	14.469398	13.704847	17.272036	19.523092	23.037073	25.448761	27.345825	30.239025	28.977299	25.96154	24.287558	23.206518	19.559156	20.347233	22.005713	19.01239	16.869833	19.924803	20.191866	16.704496	17.3787	20.595573	19.050459	16.823809	20.008036	22.077665	19.854826	20.146843	23.85371	24.320045	22.51667	23.971115	27.363646	26.756605	26.708427	30.221792	31.678679	31.929888	34.303402	36.286686	36.948982	38.605556	40.42459	41.71539	42.635532	44.264854	46.306133	47.334747	48.633648	50.461628	52.32555	52.83889	54.47117	56.485672	57.656315	58.172928	60.43726	57.63688	55.855114	53.232048	51.53846	51.179207	49.774235	47.463245	46.05623	45.28942	43.822613	41.199684	40.033188	39.909084	37.910206	35.508423	35.05466	34.391144	31.941835	29.835047	29.438717	28.555126	26.05465	24.326572	24.568874	23.205925	20.148788	19.227652	19.7511	17.401506	14.42274	15.69265	16.528612	13.396325	11.150067	13.894319	14.328644	10.863752	10.8741865	14.43704	14.215509	11.06089	13.459016	15.376826	12.950245	11.394017	14.837536	17.505182	20.223547	19.38518
N-27-C	48.011696	45.878925	42.339245	39.044273	38.17508	36.347458	34.711006	32.960464	32.188793	30.06123	28.189089	27.606834	26.4097	23.528336	22.834095	22.766132	19.585737	17.80984	19.126402	18.05317	14.428424	14.457418	16.403719	13.988864	10.803074	13.254444	14.420592	11.412132	10.785124	14.5383005	14.881283	12.378306	14.569506	17.820206	17.172045	16.934141	20.43607	22.936115	26.395807	28.749876	30.836052	33.744274	32.55982	29.567526	27.717733	26.529345	22.953613	23.606733	24.997356	21.911905	19.725784	22.471893	22.441214	18.74937	19.300716	22.214697	20.230795	17.769798	20.911133	22.622055	19.917332	20.125847	23.867214	23.936357	21.671547	23.195251	26.443733	25.362226	25.132687	28.788044	30.138634	29.99103	32.41782	34.614094	35.008564	36.472183	38.53946	39.923946	40.563	42.122086	44.384884	45.357048	46.415394	48.336407	50.360302	50.717026	52.2156	54.390423	55.629852	55.971615	58.345196	55.683582	53.815163	51.359528	49.576855	49.005997	47.722202	45.551037	43.922443	43.07043	41.85147	39.220383	37.785355	37.769634	36.027187	33.459938	32.81511	32.447727	30.155443	27.719318	27.369293	26.926699	24.360683	22.290749	22.917	21.987299	18.646845	17.58147	18.801615	16.743992	13.42847	15.061843	16.670925	13.859754	11.499833	14.676988	15.848635	12.861183	12.797555	16.562151	16.948383	14.170195	16.892498	18.832014	16.276814	15.080599	18.601397	21.133554	23.96818	23.168957
L-28-C	45.37275	43.080246	39.615673	36.209023	35.293118	33.699898	32.004578	30.040287	29.432766	27.527946	25.398804	24.689093	23.844908	20.973856	19.858835	19.841875	16.950232	14.810437	15.827989	15.100558	11.466696	10.945426	13.064098	11.141826	7.6429634	9.87094	11.645026	9.264568	8.312634	12.07594	13.172006	11.28197	13.065562	16.350325	16.479752	16.413237	19.5734	22.520758	26.012392	27.972738	30.260645	33.025246	31.923502	29.010212	26.758171	25.435572	22.0359	22.401443	23.347963	20.24833	18.007774	20.337227	20.005009	16.214321	16.666836	19.265596	17.024603	14.500146	17.642252	19.102785	16.254753	16.578644	20.295929	20.208527	17.980886	19.681133	22.850155	21.791954	21.79166	25.436018	26.653965	26.702644	29.244345	31.256414	31.67471	33.33136	35.325893	36.556007	37.297676	38.994434	41.129604	42.034794	43.243736	45.18757	47.07432	47.455402	49.085796	51.204075	52.338154	52.74202	55.02522	52.279533	50.43122	47.88909	46.174603	45.702293	44.332146	42.09856	40.600033	39.775833	38.413696	35.794384	34.50711	34.43138	32.543938	30.057407	29.536299	29.02877	26.62448	24.350132	24.0453	23.386148	20.783459	18.913933	19.484983	18.336073	15.013712	14.198321	15.325817	13.067747	9.872696	11.938313	13.475234	10.622448	8.780282	12.328012	13.475072	10.888624	11.546846	15.276676	15.758641	13.599782	16.86287	18.29698	15.408126	15.076842	18.823895	20.773468	23.982742	23.699804
L-29-C	47.762764	45.27844	41.86057	38.347073	37.166058	35.708015	33.706085	31.763592	31.553408	29.639471	27.184008	26.735723	26.25472	23.169174	21.841154	22.244427	19.65957	17.025354	17.926725	17.803032	14.220153	12.901225	15.164868	13.892947	10.149648	11.29567	13.529102	11.385354	9.186512	12.674981	14.287269	11.912139	12.743829	16.404182	16.775593	15.851548	18.870678	21.65593	25.331654	27.09804	29.033762	31.538261	30.060003	26.91261	24.786026	23.068872	19.769314	20.646784	21.361584	17.97542	16.299131	18.91764	18.199444	14.47938	15.731144	18.272186	15.918715	14.105431	17.609827	18.872866	16.269054	17.328367	20.93469	20.693245	19.036423	21.17706	24.188026	23.271296	23.813751	27.387291	28.285059	28.662395	31.433949	33.12066	33.458656	35.433342	37.393192	38.30786	39.1107	41.07956	43.059044	43.741913	45.126896	47.207302	48.871574	49.161198	51.013737	53.13553	54.04168	54.41625	56.51173	53.637016	51.67451	49.016727	47.557335	47.100086	45.45697	43.29597	42.046436	41.01997	39.415314	37.03872	35.82898	35.3756	33.414524	31.261559	30.572165	29.640934	27.418566	25.434637	24.643572	23.701239	21.545502	19.655424	19.501446	18.340338	15.507831	14.130949	14.52599	12.615076	9.386481	10.283455	11.543819	8.915879	6.1479006	9.244934	10.602761	8.057452	7.957917	11.72759	12.601861	10.608991	13.973001	15.7392645	13.302103	13.24456	16.829609	18.723896	21.915655	21.453012
G-30-C	49.42319	47.0229	43.501728	40.07394	38.754566	37.01164	34.89866	33.29886	33.09623	30.826933	28.534826	28.466106	27.698204	24.412098	23.583115	24.260849	21.418327	18.90609	20.398104	20.255236	16.494238	15.736535	18.302795	16.806276	13.19551	14.819707	16.949518	14.529615	12.696251	16.27066	17.541056	14.855818	15.9212055	19.596952	19.5195	18.386805	21.611042	24.04679	27.740974	29.731783	31.420855	33.9266	32.232048	28.92042	27.149755	25.317413	21.98703	23.28912	24.145939	20.655367	19.286524	22.16759	21.398293	17.784636	19.294739	21.844584	19.440115	17.811398	21.342842	22.482668	19.782223	20.932718	24.525827	24.066422	22.269705	24.497711	27.407328	26.180342	26.653502	30.324018	31.099537	31.183296	34.029175	35.86141	35.939816	37.785862	39.975563	40.92123	41.46358	43.41875	45.586246	46.162304	47.3416	49.551506	51.32686	51.42865	53.19872	55.491104	56.408722	56.584393	58.73234	55.958286	53.848454	51.325016	49.881718	49.190002	47.558506	45.59579	44.20474	42.977768	41.54998	39.2873	37.78928	37.26454	35.585827	33.41171	32.38094	31.576813	29.669353	27.438026	26.397308	25.855444	23.90003	21.559942	21.420547	20.814194	17.970009	16.031961	16.784883	15.498108	11.988261	12.309436	14.136237	12.107038	8.7720375	11.192434	13.1580515	10.8129225	9.4645405	13.096967	14.463798	12.202835	15.075502	17.537058	15.641126	15.006287	18.28783	20.646814	23.500086	22.449419
S-31-C	46.30099	43.9899	40.40281	37.062767	35.721916	33.779682	31.703135	30.299913	29.998419	27.532183	25.42764	25.54038	24.53332	21.176723	20.728487	21.565247	18.569613	16.208904	18.234388	18.129932	14.301205	14.178584	17.142748	15.672025	12.397719	14.620778	16.931982	14.826772	13.691967	17.37872	18.716913	16.577084	18.025229	21.541124	21.610174	21.019615	24.233498	26.928186	30.558592	32.52681	34.469234	37.04666	35.522255	32.3044	30.321585	28.525312	25.23533	26.248993	26.944042	23.491646	21.92126	24.457735	23.554556	19.810987	21.011099	23.286213	20.579342	18.670683	22.030134	22.858456	19.751495	20.73101	24.286383	23.476133	21.235668	23.472702	26.197496	24.521357	24.810942	28.568846	29.234135	28.926249	31.801086	33.821964	33.644695	35.29224	37.70381	38.73881	39.01249	40.8872	43.254505	43.784454	44.730724	47.013924	48.938694	48.90234	50.535526	52.966667	53.95645	53.976704	56.232353	53.599064	51.42622	49.07051	47.527424	46.644115	45.150425	43.31429	41.70457	40.418045	39.244293	36.96223	35.212704	34.821106	33.397354	31.05082	29.852013	29.373108	27.613894	25.053692	24.097235	24.02771	21.992907	19.322994	19.64172	19.497065	16.378494	14.349342	15.925665	14.947257	11.237436	12.088605	14.679158	12.998168	10.011565	12.836571	15.244766	13.349841	12.448504	16.050606	17.63652	15.666535	18.748302	20.986319	18.794725	18.35423	21.804365	24.03611	27.029888	26.145473
Y-32-C	42.769398	40.47123	36.906723	33.552868	32.36644	30.508018	28.607248	27.010752	26.549051	24.253584	22.176136	22.010944	21.007496	17.784943	17.184326	17.812384	14.811286	12.498634	14.501815	14.328618	10.502429	10.638381	13.702253	12.338303	9.369234	11.898613	14.297491	12.689317	12.112771	15.670692	17.150707	15.718121	17.340942	20.581398	20.983578	20.966614	24.004398	27.042543	30.557617	32.376595	34.656673	37.29477	36.072685	33.066986	30.741291	29.116728	25.883255	26.392292	26.938745	23.67011	21.74651	23.824945	22.956448	19.151138	19.838327	21.88394	19.097565	16.81306	19.883497	20.597223	17.277784	17.915571	21.428068	20.56286	18.001549	20.088531	22.782274	20.996725	21.102108	24.87622	25.628986	25.224401	28.029316	30.131084	30.013205	31.581516	33.96523	35.098824	35.404278	37.191956	39.569378	40.204254	41.143482	43.3445	45.319088	45.370983	46.948784	49.3286	50.399773	50.496136	52.81485	50.204357	48.13408	45.788063	44.116127	43.304985	41.93827	39.996113	38.31258	37.195496	36.078724	33.63121	31.941658	31.774916	30.285639	27.763556	26.778694	26.493723	24.517622	21.86715	21.292463	21.261126	18.891304	16.360905	17.169373	16.885727	13.455812	11.977538	14.022715	12.724823	9.169091	11.09046	13.747672	11.94994	9.883053	13.234613	15.396318	13.708723	13.788258	17.383518	18.700327	17.007147	20.40065	22.075144	19.401112	19.344242	23.029976	24.91224	28.160362	27.750326
F-33-C	42.72202	40.16205	36.71744	33.196262	31.810045	30.296223	28.146051	26.33471	26.308628	24.27212	21.710285	21.571663	21.20857	17.916248	16.677965	17.624344	15.222022	12.207877	13.6905365	14.302202	10.676164	9.526639	12.782148	12.353041	9.104493	10.533922	13.635069	12.666505	11.228107	14.428835	16.648964	15.388176	16.225748	19.562428	20.568953	20.23135	22.907454	26.092863	29.671122	31.106457	33.309456	35.685642	34.338997	31.308691	28.802826	26.911745	23.926865	24.476986	24.56736	21.218796	19.610476	21.459326	20.148712	16.412498	17.445488	19.122108	16.067911	14.229256	17.453354	17.782799	14.492487	15.754737	19.13622	18.01959	15.912238	18.472075	20.98405	19.360992	20.08132	23.76133	24.192541	24.245607	27.285528	28.975842	28.868212	30.84154	33.091892	33.875652	34.354595	36.441715	38.571857	39.019936	40.237865	42.523495	44.217175	44.259926	46.107063	48.41157	49.244453	49.40485	51.51491	48.73114	46.620255	44.099655	42.658226	41.975113	40.34086	38.366398	36.988758	35.77922	34.337727	32.056385	30.59028	30.099955	28.386541	26.18165	25.221493	24.464788	22.47881	20.220516	19.320612	18.815157	16.724594	14.38191	14.532782	13.993904	10.903616	9.139566	10.598744	9.401201	5.705166	7.3571434	10.033685	8.591461	6.6500897	9.915216	12.246915	11.218404	11.477795	14.780648	16.353117	15.314196	18.944042	20.361616	17.778511	18.405895	22.041279	23.469044	26.886425	26.742702
P-34-C	44.069687	41.450714	37.971886	34.487633	32.757496	31.087402	28.604897	27.187395	27.497627	25.13543	22.514719	23.003952	22.666351	19.07997	18.239325	19.81314	17.505787	14.384459	16.367043	17.397194	13.834777	12.867215	16.335512	16.10678	12.949479	14.257001	17.45639	16.418272	14.743975	17.925571	20.212076	18.630444	19.239845	22.756441	23.695496	22.937103	25.638454	28.630053	32.31175	33.72272	35.648933	37.856472	36.191925	32.9552	30.65061	28.419504	25.556244	26.575567	26.486135	22.924253	21.840277	23.86136	22.181013	18.58715	20.18453	21.668287	18.42809	17.168262	20.501425	20.453934	17.213846	18.95909	22.135544	20.608736	18.724133	21.600285	23.766596	21.860844	22.86969	26.518951	26.529552	26.45627	29.710035	31.29179	30.795998	32.833515	35.30291	35.866055	36.06769	38.32959	40.537342	40.680786	41.78129	44.30441	45.941563	45.6952	47.604706	50.091537	50.758778	50.66982	52.692158	49.95036	47.607628	45.182022	43.94055	43.005688	41.212578	39.531605	38.174797	36.61048	35.222458	33.263504	31.538637	30.71538	29.306313	27.33768	25.880764	25.00441	23.560635	21.256842	19.743345	19.572487	18.105494	15.272898	14.949515	15.197737	12.616914	9.818677	11.274033	11.31041	7.737013	7.6276107	10.918121	10.547867	7.833277	10.044555	13.216339	12.719313	11.8675785	14.872043	17.19201	16.359247	19.805592	21.70015	19.637808	20.216097	23.619389	25.17774	28.437979	27.931889
K-35-C	41.54272	39.103054	35.521397	32.177834	30.514944	28.532822	26.185812	25.02161	25.06635	22.423683	20.157604	20.811438	20.020876	16.380764	16.159145	17.795322	15.198223	12.479804	15.156974	15.987188	12.460459	12.50938	16.134426	15.682134	13.077021	15.088153	18.05526	17.078293	16.211548	19.498123	21.486904	20.206476	21.357283	24.686098	25.452663	25.16848	28.011894	31.09323	34.694275	36.262157	38.400352	40.785625	39.31629	36.170467	33.806957	31.76906	28.799084	29.579414	29.6334	26.180819	24.772932	26.661451	25.167973	21.496212	22.64752	24.113518	20.872194	19.186695	22.241941	22.158611	18.661486	19.931067	23.071783	21.412052	18.983957	21.615389	23.664404	21.32647	21.919327	25.638372	25.681177	25.077139	28.245934	30.145056	29.42893	31.121946	33.825787	34.609516	34.513874	36.57659	39.04834	39.2382	40.026722	42.56734	44.44538	44.09756	45.77604	48.401394	49.23386	48.99918	51.203064	48.653206	46.28962	44.0794	42.644478	41.504566	39.95581	38.384563	36.707855	35.149937	34.12642	32.065445	30.034851	29.491644	28.399555	26.129538	24.533203	24.184675	22.860092	20.085829	18.843332	19.337194	17.646338	14.459585	14.968515	15.727779	12.764543	10.217674	12.754835	12.8764	9.454247	10.301502	13.787763	13.338355	11.145091	13.678247	16.686495	16.001232	15.463667	18.611023	20.741304	19.660847	23.102903	24.966642	22.650187	22.986492	26.53021	28.236105	31.510185	30.999979
K-36-C	38.50224	35.9532	32.44066	28.990713	27.396528	25.664774	23.382872	21.880304	21.963282	19.627382	17.11561	17.485136	17.03238	13.467232	12.724839	14.387326	12.137776	9.033196	11.560552	12.831992	9.588327	9.384622	13.133938	13.317137	11.182353	12.860049	16.019045	15.784286	15.134338	18.004278	20.277998	19.642056	20.641201	23.684517	24.879648	24.93434	27.480444	30.82321	34.308895	35.623447	37.989426	40.326855	39.082874	36.132057	33.463924	31.521957	28.702963	29.076818	28.881592	25.623455	24.049572	25.44955	23.88301	20.289972	21.07997	22.163593	18.84461	17.056004	19.773127	19.392202	15.771651	16.935158	19.87163	18.014778	15.454363	18.13316	19.994656	17.55911	18.256508	21.940193	21.896063	21.376732	24.601467	26.40111	25.735296	27.537226	30.163237	30.893974	30.908123	33.021614	35.399216	35.619255	36.53048	39.025604	40.83596	40.58232	42.32663	44.86548	45.683308	45.563866	47.74798	45.13641	42.861965	40.573826	39.098167	38.093952	36.555874	34.845676	33.221313	31.800528	30.684092	28.506123	26.630377	26.1834	24.90868	22.571041	21.205423	20.857653	19.280104	16.536646	15.560373	15.918953	13.966931	10.910003	11.768868	12.363939	9.193969	7.096176	10.140588	10.143512	7.220118	8.963623	12.316884	12.022743	10.886325	13.577236	16.239225	15.920757	16.184494	19.166365	21.052576	20.341763	24.001907	25.340721	22.723148	23.506672	27.1609	28.459944	31.939915	31.87909
I-37-C	39.774292	36.97397	33.594326	30.040173	28.107105	26.66887	24.004704	22.506634	23.198586	21.021324	18.05703	18.754948	18.960737	15.360225	14.19524	16.351221	14.7876835	11.270636	13.242895	15.23976	12.32619	11.097303	14.782469	15.636781	13.260326	14.03464	17.595798	17.6393	16.261728	18.832703	21.588186	20.85794	21.203299	24.364668	25.917004	25.529192	27.807774	31.123514	34.679462	35.693367	37.845398	39.888206	38.40593	35.36562	32.681168	30.40138	27.86945	28.483807	27.859314	24.496645	23.43972	24.722912	22.656384	19.280231	20.598543	21.271448	17.71523	16.66502	19.498436	18.614824	15.164579	17.121553	19.772879	17.534124	15.6440525	18.841555	20.350994	18.039896	19.464735	22.951113	22.41799	22.331696	25.811098	27.129885	26.321589	28.534304	31.083748	31.365877	31.43547	33.90125	36.046597	35.947807	37.07912	39.742218	41.24128	40.85329	42.88107	45.411816	45.92088	45.754444	47.68375	44.92641	42.510597	40.096115	38.957035	37.970192	36.086052	34.492504	33.205875	31.524298	30.095795	28.271786	26.521599	25.552233	24.20006	22.361956	20.772045	19.815393	18.550978	16.284311	14.554184	14.536783	13.351043	10.294488	9.912587	10.775215	8.507664	5.1950393	7.6006904	8.753372	6.1814923	6.3390613	9.993715	10.785649	9.668238	11.473962	14.5094185	15.017337	14.972122	17.422947	19.758732	19.654634	23.309248	24.624487	22.352467	23.57732	27.038757	28.047321	31.537704	31.51806
S-38-C	39.840694	37.139706	33.67886	30.287598	28.131037	26.337818	23.496809	22.57158	23.349607	20.70992	18.01496	19.371906	19.250668	15.461044	15.138872	17.709663	16.011652	12.882004	15.539729	17.46288	14.577039	14.103045	17.864908	18.456892	16.221127	17.455153	20.868977	20.659592	19.49807	22.301104	24.85169	23.925077	24.505415	27.764578	29.07521	28.63849	31.106695	34.31766	37.927937	39.086937	41.155567	43.223522	41.618362	38.463764	35.932957	33.558613	30.982117	31.817675	31.263496	27.79944	26.857975	28.315432	26.217842	22.84464	24.283293	25.007195	21.438093	20.423796	23.254568	22.312597	18.847124	20.720615	23.29617	20.890432	18.857216	21.97319	23.261726	20.590847	21.85779	25.322676	24.579216	24.047771	27.552826	29.006199	27.788185	29.7755	32.61813	32.895115	32.550934	34.98528	37.356186	37.061695	37.874687	40.716	42.33088	41.64958	43.553806	46.31085	46.803288	46.33811	48.313496	45.734615	43.12656	40.952644	39.851475	38.521465	36.687042	35.427864	33.94609	31.983438	30.873161	29.269945	27.104418	26.055977	25.22047	23.401163	21.302073	20.646563	19.981579	17.402859	15.373335	16.167686	15.396206	11.865662	11.714745	13.503779	11.508253	8.152636	10.77519	12.43391	9.936976	9.669674	13.388847	14.354843	12.744255	14.2765465	17.632303	18.070333	17.457083	19.901497	22.539942	22.27159	25.783089	27.463156	25.37852	26.324835	29.736897	31.00451	34.37662	34.052456
E-39-C	36.463146	33.906292	30.362442	27.060295	25.04568	23.02977	20.39034	19.547796	20.01498	17.206861	14.788906	16.186401	15.716946	11.899231	12.084132	14.718179	12.960877	10.25233	13.419459	15.2415	12.708433	13.050103	16.734694	17.301361	15.73608	17.349064	20.495384	20.524094	20.035015	22.769997	25.103107	24.584255	25.545227	28.553879	29.820145	29.86517	32.367077	35.71759	39.215584	40.4489	42.77754	45.01103	43.670925	40.66513	37.992813	35.86182	33.18975	33.681625	33.245914	29.942114	28.619875	29.87075	28.004522	24.567493	25.496494	26.187372	22.69742	21.243631	23.725151	22.79405	19.17176	20.497017	22.96373	20.524738	17.997025	20.77301	21.912275	18.891806	19.732344	23.190458	22.51022	21.49392	24.87819	26.614452	25.256247	26.915688	29.923803	30.435976	29.88044	32.10045	34.683662	34.502235	35.068905	37.867393	39.705708	39.015102	40.70246	43.529766	44.212154	43.69651	45.862206	43.439983	40.892994	38.884445	37.536274	36.101707	34.5503	33.29179	31.501837	29.665306	28.887644	27.076347	24.69716	24.048265	23.424551	21.224611	19.151163	19.108824	18.385538	15.33311	13.843787	15.264607	14.078565	10.380583	11.409019	13.421223	11.042911	8.548774	12.005442	13.300751	11.116066	11.965162	15.532631	16.13679	15.028557	17.08179	20.116402	20.298841	20.18066	22.862282	25.17198	24.705153	28.314669	29.805794	27.378956	28.230137	31.814913	33.1015	36.558586	36.38751
L-40-C	34.56826	31.770489	28.370317	24.887575	22.788525	21.233646	18.476477	17.192583	18.041603	15.727073	12.725606	13.95586	14.298186	10.648118	9.890095	12.84534	11.951035	8.776081	11.326855	13.915477	11.994191	11.66485	15.176449	16.552725	15.33939	16.26385	19.5745	20.272667	19.686321	21.91479	24.583649	24.516495	25.11243	27.88855	29.593073	29.731419	31.878647	35.38428	38.78526	39.69784	42.113476	44.188393	42.95948	40.105515	37.20738	35.067394	32.639824	32.882267	32.111122	28.983477	27.722298	28.51958	26.462322	23.250904	24.039383	24.242622	20.70347	19.483694	21.619097	20.234499	16.690329	18.17828	20.235271	17.465014	15.158669	18.139769	18.865635	15.8016	17.11194	20.386066	19.358536	18.649412	22.216335	23.599838	22.228048	24.22365	27.098852	27.33793	26.943926	29.396141	31.759024	31.469845	32.293846	35.115944	36.734062	36.099453	38.00067	40.720856	41.250072	40.855354	42.885193	40.31148	37.7983	35.624397	34.383034	33.11833	31.402931	30.024517	28.455534	26.646536	25.591555	23.802824	21.656479	20.84711	19.956512	17.908474	15.960385	15.600737	14.746959	11.909025	10.271652	11.47338	10.420296	6.6860485	7.6930575	9.927843	7.9967203	5.797594	9.38696	11.062746	9.866651	10.814486	13.992266	15.045895	14.788904	16.597265	19.32947	20.012054	20.385305	22.740234	24.93187	24.91986	28.63814	29.702984	27.191328	28.503527	32.07098	32.93748	36.52561	36.723324
D-41-C	36.71534	33.766117	30.490452	27.033218	24.568129	23.161268	20.01955	19.044744	20.46303	18.16125	15.013734	16.725992	17.424177	13.852473	13.120091	16.292452	15.662059	12.425058	14.644344	17.432222	15.428277	14.593826	18.113281	19.635075	18.022205	18.594318	22.141727	22.752613	21.641714	23.849539	26.761028	26.418303	26.638422	29.59993	31.417646	31.140043	33.198296	36.601875	40.096287	40.862858	43.035564	44.88605	43.387787	40.40084	37.59883	35.15233	32.925816	33.49271	32.45341	29.19697	28.407059	29.25861	26.828339	23.79771	25.092543	25.084732	21.40932	20.791464	23.101543	21.415604	18.084032	20.173166	22.061571	19.062292	17.357609	20.667294	21.15943	18.25515	20.058136	23.13742	21.719234	21.302746	25.000643	26.000715	24.426825	26.679134	29.527292	29.369118	28.902126	31.628069	33.830364	33.187836	34.09644	37.107895	38.468365	37.607777	39.7143	42.490353	42.723167	42.17372	43.96368	41.329033	38.613064	36.41898	35.54062	34.168915	32.132862	31.021017	29.735031	27.56454	26.324099	25.02106	22.87487	21.477337	20.739262	19.28761	16.930872	16.001583	15.8000345	13.498024	10.896807	11.95198	12.005404	8.45471	7.8469276	10.653632	9.797986	6.6849813	9.274062	11.971063	10.916843	10.51866	13.739677	15.571901	15.036271	16.066137	19.134459	20.33165	20.21294	22.142258	24.76467	25.107058	28.718248	29.939964	27.804678	29.288733	32.669548	33.450554	36.966385	37.03604
A-42-C	35.504597	32.735264	29.367294	26.140547	23.551758	21.70363	18.50106	18.185923	19.52869	16.742044	14.072218	16.41915	16.649933	13.051276	13.343749	16.734058	15.981366	13.355977	16.167166	18.71024	16.829966	16.784142	20.317429	21.544071	20.185978	21.252813	24.60325	25.050146	24.307467	26.725777	29.393955	29.017818	29.580093	32.557644	34.151638	34.019547	36.272854	39.65978	43.169018	44.11035	46.3338	48.302017	46.819187	43.791603	41.05326	38.649765	36.298523	36.89836	36.015152	32.718643	31.811975	32.77744	30.465418	27.336542	28.521612	28.647549	25.003462	24.14971	26.408598	24.812904	21.391632	23.159254	25.04808	22.042248	20.007397	23.046692	23.40723	20.170612	21.580065	24.61276	23.134907	22.13413	25.718441	26.96776	25.021534	26.876806	30.020084	29.988434	29.064997	31.622524	34.109596	33.365364	33.857018	36.981934	38.55098	37.43329	39.30502	42.303036	42.618797	41.779915	43.70118	41.319736	38.477367	36.600494	35.633762	33.906025	32.07888	31.282963	29.671099	27.325747	26.574966	25.382513	22.77011	21.531527	21.412834	19.807362	17.040539	16.774797	17.089396	14.351995	11.925988	13.972858	14.069148	10.353171	10.63466	13.773541	12.72806	10.05084	12.973941	15.446465	14.140479	14.040524	17.406708	18.99277	18.173689	19.41119	22.603825	23.530516	23.220463	25.346243	28.025856	28.099852	31.675589	33.110836	30.940351	32.15383	35.59809	36.615265	40.08915	39.97992
F-43-C	31.829256	29.052322	25.668873	22.402113	19.896591	18.085602	14.978532	14.477284	15.765663	13.083456	10.299692	12.715978	13.115364	9.689132	10.042102	13.617677	13.381358	11.132097	13.848611	16.546852	15.337571	15.595446	18.81831	20.320044	19.608606	20.627487	23.76155	24.62861	24.31533	26.452766	29.055916	29.1488	29.830936	32.508255	34.22845	34.484577	36.609425	40.144226	43.512962	44.38179	46.835938	48.871662	47.653774	44.81433	41.884277	39.68963	37.35115	37.582405	36.685482	33.596367	32.41212	33.0562	30.890303	27.81257	28.547829	28.489609	24.952806	23.858318	25.691847	23.987019	20.565695	21.923407	23.520477	20.445774	18.177885	20.924074	20.960768	17.489424	18.71617	21.570223	19.991993	18.705217	22.231482	23.544252	21.471592	23.18828	26.401793	26.452898	25.430109	27.90573	30.46899	29.79504	30.20711	33.292995	34.95861	33.890495	35.677372	38.67038	39.097668	38.306698	40.346096	38.012684	35.265877	33.4339	32.2696	30.557991	28.919289	28.024096	26.23007	24.041695	23.456757	22.045282	19.34759	18.441694	18.38045	16.465002	13.778159	14.019727	14.220543	11.141385	9.242297	11.862806	11.680284	8.0861	9.457466	12.643346	11.602916	9.966348	13.207257	15.347528	14.588589	15.253834	18.330746	19.71282	19.49252	21.052807	23.881802	24.749168	24.980612	27.201996	29.558851	29.630701	33.32365	34.443436	31.979986	33.29252	36.853977	37.71925	41.304466	41.46912
L-44-C	32.255547	29.186874	26.059841	22.684582	19.899227	18.699352	15.297916	14.57002	16.595493	14.537457	11.255026	13.632041	14.954176	11.939265	11.396033	15.055376	15.503916	12.905394	14.849462	18.05769	17.105827	16.612492	19.664612	21.709944	20.93538	21.326921	24.657919	25.86159	25.179945	26.972795	29.903597	30.11221	30.345749	32.95941	35.01523	35.088787	36.919437	40.477066	43.81876	44.383415	46.743904	48.533012	47.244713	44.45085	41.438786	39.08615	37.04197	37.281376	36.01768	33.01089	32.136185	32.499805	30.025549	27.247612	28.154404	27.647898	24.068033	23.48922	25.153421	22.98791	19.834171	21.621489	22.795277	19.402498	17.744238	20.777935	20.368717	17.072096	18.973057	21.504505	19.424772	18.668278	22.367033	23.090809	20.925846	23.117683	26.130354	25.668531	24.77885	27.6336	29.854979	28.858154	29.581957	32.787926	34.067207	32.91669	35.038048	37.9471	38.03805	37.269363	39.014893	36.494564	33.646885	31.636433	30.82984	29.219788	27.190968	26.365362	25.002422	22.588667	21.579432	20.559216	18.121513	16.580645	16.37011	15.10422	12.2303505	11.63944	12.312259	9.976043	7.0418158	9.470153	10.386894	7.2237177	7.368585	11.041537	11.15614	9.519988	11.970527	14.752709	14.724574	14.804902	17.477024	19.475271	19.640173	20.6434	23.362942	24.783493	25.07537	26.845211	29.302519	29.844704	33.517395	34.43029	32.13311	33.822803	37.2503	37.78709	41.39766	41.739296
K-45-C	34.049797	31.048998	27.972496	24.832954	21.787193	20.373075	16.765684	16.785023	18.98883	16.620987	13.76793	16.64162	17.681026	14.650818	14.729506	18.433111	18.638803	16.166714	18.41331	21.466022	20.241634	19.87205	23.101933	24.92381	23.875685	24.43323	27.849815	28.77457	27.925549	29.939661	32.868607	32.778732	33.001648	35.81642	37.757275	37.597717	39.544315	43.001553	46.44529	47.06576	49.265045	50.99152	49.494686	46.55292	43.686676	41.144573	39.122486	39.65385	38.36032	35.202873	34.56957	35.1368	32.515827	29.742676	30.967615	30.52524	26.871973	26.487932	28.371107	26.201735	23.083677	25.076864	26.328077	22.915926	21.385742	24.489119	24.089472	20.809582	22.68879	25.185347	23.00835	22.134714	25.77705	26.466177	24.065207	26.125267	29.24692	28.655436	27.47652	30.34468	32.618275	31.354584	31.859352	35.22346	36.455387	34.997402	37.084194	40.1522	40.091194	39.024258	40.66369	38.286842	35.224255	33.43182	32.85561	30.948015	28.838268	28.444496	27.103125	24.343536	23.543802	22.985968	20.316334	18.480656	18.805	17.91379	14.651676	14.085771	15.449693	13.3400545	10.235831	12.70253	14.047133	10.946448	10.597476	14.314419	14.526252	12.315207	14.514229	17.601534	17.216898	16.712759	19.578815	21.802906	21.496584	22.184986	25.224276	26.732672	26.537886	28.183613	30.964008	31.521738	35.085636	36.286293	34.235878	35.824024	39.165108	39.840843	43.358494	43.45374
E-46-C	31.204277	28.396328	25.226248	22.29906	19.25837	17.44183	13.889258	14.470736	16.490398	13.809102	11.504983	14.82742	15.500014	12.755755	13.643558	17.3455	17.642044	15.847481	18.367058	21.181293	20.301947	20.576054	23.665031	25.328	24.707993	25.609177	28.771873	29.726934	29.336437	31.403034	34.098873	34.18647	34.74407	37.43979	39.24617	39.395405	41.45415	44.975346	48.36599	49.12073	51.49306	53.386097	52.053898	49.17162	46.25462	43.882946	41.71295	42.070824	40.95088	37.84532	36.92317	37.468185	35.061474	32.167126	33.0772	32.738026	29.156605	28.402279	30.110159	28.063656	24.835543	26.373344	27.589233	24.24877	22.320642	25.048494	24.527554	20.981289	22.386475	24.769209	22.63602	21.177147	24.60459	25.573013	22.906029	24.498985	27.852886	27.487574	25.918018	28.524323	31.08019	29.85112	29.945694	33.327415	34.826843	33.23586	35.029728	38.257584	38.386112	37.139202	38.997684	36.876694	33.81477	32.32304	31.495281	29.32708	27.576687	27.344343	25.58499	22.84956	22.613613	21.944468	18.865456	17.492228	18.345882	17.079315	13.670815	14.076507	15.590083	13.002082	10.640016	13.870991	14.809108	11.767646	12.518791	16.162472	15.983209	14.31495	17.02542	19.698324	19.223516	19.329334	22.298328	24.148502	23.88039	24.994423	27.969921	29.169579	29.1387	31.074923	33.69903	33.993736	37.62245	38.82709	36.556538	37.96555	41.442383	42.249443	45.8058	45.90564
P-47-C	28.848072	26.023941	23.078363	20.43855	17.117952	15.455453	11.761311	13.063481	15.535744	13.195496	11.375082	15.021656	15.993273	14.032643	15.103047	18.715965	19.59118	18.262068	20.487053	23.361057	23.002182	23.37733	26.178402	28.051607	27.788702	28.569464	31.611282	32.825428	32.591106	34.45279	37.15881	37.48719	38.018475	40.552673	42.477764	42.765232	44.701385	48.284943	51.600803	52.238373	54.68365	56.521896	55.27627	52.483932	49.472416	47.122856	45.064747	45.28983	44.03708	41.050175	40.131203	40.443516	37.995083	35.250248	36.017006	35.426586	31.915533	31.235138	32.636078	30.371525	27.309412	28.716125	29.541006	26.088762	24.293583	26.792498	25.781612	22.192066	23.57266	25.48238	23.000494	21.341442	24.552242	25.276299	22.210705	23.600584	26.995249	26.381554	24.404753	27.01239	29.547085	27.978317	27.805557	31.331343	32.73901	30.824541	32.56605	35.921284	35.89666	34.371506	36.155796	34.22472	31.024494	29.819405	29.120184	26.659143	24.96936	25.167274	23.353683	20.360594	20.513466	20.283028	16.968113	15.511451	17.089298	16.177916	12.513101	13.381939	15.642121	13.423502	11.382171	14.938839	16.298567	13.888974	14.757293	18.389427	18.643126	17.455938	19.970139	22.669163	22.579206	22.757664	25.50563	27.466469	27.463179	28.505573	31.353514	32.69147	32.803753	34.632935	37.217033	37.635914	41.286663	42.357635	40.043724	41.565685	45.049217	45.729397	49.325333	49.548443
A-48-C	25.621763	22.77528	19.693686	16.889051	13.706174	12.002087	8.323258	9.364428	11.765014	9.57596	7.746018	11.4373865	12.563165	11.091469	12.19	15.629606	16.902391	16.020987	18.00519	20.792322	20.935835	21.539066	24.005173	25.963266	26.160168	26.93474	29.72043	31.174124	31.27932	32.943398	35.516335	36.169643	36.832966	39.11998	41.0733	41.674202	43.535595	47.20049	50.386303	51.0169	53.6494	55.587036	54.582287	51.948917	48.81378	46.68929	44.58133	44.506306	43.340435	40.52035	39.320908	39.447044	37.21372	34.465633	34.850754	34.23611	30.87137	29.920265	31.02134	28.828732	25.787804	26.783611	27.453922	24.116613	22.107819	24.249773	23.095808	19.425764	20.515299	22.253483	19.834995	17.89195	20.966417	21.834465	18.742702	19.94431	23.40516	22.999907	20.99523	23.468061	26.129995	24.78695	24.573198	28.001776	29.60011	27.877682	29.510708	32.825085	33.035484	31.690235	33.697792	31.754816	28.749214	27.49564	26.436016	24.095287	22.682613	22.568676	20.468117	17.79311	18.11393	17.3999	13.975144	13.125075	14.633414	13.176477	9.717503	11.385269	13.260088	10.722723	9.61097	13.413077	14.26823	12.251907	13.915982	17.213923	17.289236	16.828068	19.531345	21.778797	21.925547	22.687534	25.272512	26.918114	27.264957	28.642385	31.21009	32.371685	32.891613	34.88554	37.164528	37.485508	41.21649	42.05738	39.492985	41.022312	44.597664	45.205235	48.869175	49.293125
L-49-C	27.263706	24.12326	21.174208	17.988487	14.855405	13.890528	10.24557	10.006772	12.753809	11.173254	8.20044	11.2765875	13.1626005	11.342173	11.269801	14.869639	16.35125	14.790212	16.330044	19.53627	19.610012	19.580801	22.041193	24.352102	24.369234	24.712831	27.684994	29.324587	29.11838	30.574972	33.386562	34.078136	34.42292	36.687897	38.863308	39.31473	40.982513	44.65379	47.826042	48.26674	50.827732	52.616776	51.573357	48.977623	45.796783	43.605236	41.662178	41.57649	40.218216	37.458202	36.41894	36.39631	34.01435	31.427418	31.909668	31.07861	27.698711	27.025396	28.083937	25.679293	22.767614	24.061718	24.590605	21.09666	19.440247	21.890854	20.65318	17.13712	18.80295	20.583973	17.963326	16.66528	20.084036	20.5724	17.728657	19.605707	22.797283	22.093683	20.60167	23.46296	25.768583	24.415304	24.788082	28.182186	29.460135	27.973143	30.001793	33.08464	33.10266	32.06342	33.848167	31.53912	28.580156	26.879862	26.033627	24.087515	22.231361	21.770893	20.154718	17.505913	17.02689	16.289797	13.360083	11.902638	12.65286	11.500152	7.9963136	8.583719	10.423597	8.225001	6.199855	9.898247	11.248456	9.385804	10.5067005	13.884346	14.473857	14.059139	16.366787	18.821882	19.358986	19.904112	22.216984	24.115816	24.729801	25.855404	28.281366	29.718853	30.35346	32.108337	34.363445	34.952026	38.67427	39.342514	36.85931	38.633385	42.122402	42.5073	46.1868	46.751915
N-50-C	28.845642	25.637934	22.991104	20.077215	16.633635	15.931931	12.142467	12.560092	15.693711	14.26862	11.671195	14.832882	16.772718	15.03956	15.033393	18.625124	20.09547	18.381735	19.88342	23.184277	23.10764	22.841913	25.391413	27.779415	27.564297	27.758757	30.89202	32.49527	32.01507	33.469803	36.4378	36.989437	37.124653	39.493347	41.75749	41.97629	43.57942	47.20287	50.428535	50.749306	53.16153	54.779724	53.56866	50.906017	47.774353	45.381744	43.608624	43.709522	42.141045	39.334244	38.603695	38.565056	35.934143	33.50879	34.27531	33.25764	29.819258	29.524075	30.641525	28.009672	25.268496	26.90555	27.279398	23.64058	22.391157	25.019814	23.592503	20.250908	22.205986	23.778976	20.8818	19.829296	23.187077	23.29495	20.272352	22.243774	25.3204	24.192991	22.533741	25.569729	27.656916	25.852709	26.193804	29.760885	30.722343	28.889065	31.071623	34.219326	33.870014	32.554947	34.029068	31.76853	28.551533	26.987467	26.621176	24.45499	22.28264	22.351755	21.081781	17.964895	17.451008	17.535788	14.66723	12.466809	13.737068	13.538501	9.818352	9.7555895	12.528686	11.207968	8.624597	11.834426	14.017684	12.334207	12.515339	16.07292	17.190014	16.351889	18.207428	21.11981	21.725359	21.690205	23.936659	26.246574	26.741732	27.436687	29.99907	31.747284	32.113514	33.579956	36.079224	36.901833	40.549694	41.297554	39.047333	40.938717	44.31556	44.627647	48.263123	48.76124
E-51-C	26.740822	23.488516	21.20421	18.627234	14.991256	14.753517	11.108611	12.038857	15.517124	14.684676	12.652776	15.756143	17.926523	16.925772	17.02669	20.369707	22.283327	20.985933	22.20746	25.471628	25.83341	25.669157	27.921814	30.45407	30.55529	30.65303	33.63313	35.45439	35.128094	36.385086	39.33109	40.10707	40.22558	42.420387	44.78128	45.139656	46.61786	50.28564	53.41954	53.625664	56.107147	57.671715	56.565445	54.01141	50.79688	48.456154	46.79009	46.74642	45.07411	42.40826	41.662804	41.40239	38.776073	36.50632	37.109627	35.87837	32.561768	32.31284	33.12311	30.344107	27.808262	29.269375	29.26888	25.62137	24.521036	26.856136	24.992771	21.729849	23.604946	24.658422	21.48825	20.319952	23.351114	23.145254	19.804823	21.568228	24.561289	23.128387	21.10438	24.14183	26.100674	23.91656	24.042603	27.72681	28.509783	26.354218	28.538202	31.763056	31.204613	29.634941	30.978016	28.87735	25.518251	24.226788	24.054123	21.620697	19.448551	20.0073	18.784473	15.378581	15.241794	15.934122	12.969573	10.593943	12.73694	13.105898	9.433743	9.861969	13.267019	12.535186	10.657099	13.761073	16.117308	15.089368	15.437519	18.740818	20.112719	19.692614	21.400593	24.207106	25.087202	25.165627	27.210787	29.536594	30.249117	30.922497	33.337814	35.161083	35.67235	37.064198	39.486378	40.396526	44.054543	44.66438	42.367107	44.347477	47.724476	47.91592	51.577885	52.203514
A-52-C	28.580492	25.229174	23.384113	21.007092	17.358654	17.662651	14.239074	15.084047	18.722204	18.255737	16.195755	19.064657	21.483349	20.54613	20.351936	23.640827	25.692015	24.199429	25.166203	28.580013	28.945837	28.451649	30.639961	33.36762	33.359303	33.17184	36.244625	38.172665	37.609005	38.70401	41.81459	42.58979	42.43894	44.61386	47.143425	47.337715	48.63816	52.272636	55.38634	55.387352	57.75153	59.107944	57.917206	55.39081	52.17654	49.708584	48.280514	48.300285	46.379208	43.78574	43.311577	42.897625	40.072647	38.061016	38.82214	37.31664	34.045956	34.17245	34.886684	31.866491	29.60794	31.319376	31.044367	27.312862	26.67481	29.105986	27.003468	24.011932	26.209621	26.997332	23.588196	22.827238	25.790344	25.113379	21.793943	23.777124	26.467188	24.571657	22.633013	25.856909	27.404102	24.837055	25.151682	28.87226	29.187305	26.836887	29.279455	32.38955	31.392433	29.712	30.61161	28.456661	24.941671	23.66022	24.07985	21.674442	19.087118	20.062847	19.453413	15.81173	15.358147	16.866613	14.420407	11.415326	13.615596	14.931487	11.584809	11.203948	14.9690695	15.063015	12.940544	15.404838	18.309877	17.646294	17.352028	20.534683	22.423279	21.932056	23.130846	26.16906	27.312117	27.008923	28.783865	31.42416	32.24072	32.531082	34.87736	37.014027	37.45638	38.520493	41.029762	42.227406	45.80802	46.336205	44.223312	46.401142	49.647865	49.6489	53.276714	53.96628
N-53-C	25.725752	22.41714	20.928682	18.948936	15.333033	16.0427	13.0723	14.251003	17.881647	17.929619	16.449766	19.143232	21.60685	21.314995	21.284431	24.281021	26.650253	25.622063	26.411797	29.683758	30.464806	30.204744	32.10978	34.876007	35.233757	35.07414	37.928738	40.027706	39.73606	40.691784	43.688442	44.70494	44.66417	46.6503	49.197918	49.626907	50.87123	54.563713	57.575306	57.549812	60.048878	61.450928	60.43241	58.0253	54.721355	52.393448	50.960293	50.777206	48.881527	46.41868	45.779015	45.202053	42.506374	40.534035	41.02798	39.448063	36.30793	36.282505	36.718987	33.701073	31.53503	32.92337	32.40583	28.767029	28.062777	30.119553	27.73224	24.7729	26.7034	27.067457	23.58353	22.582697	25.141972	24.332775	20.804771	22.41791	25.022327	23.015318	20.716732	23.774632	25.265524	22.464815	22.469671	26.22293	26.481977	23.871479	26.197771	29.382347	28.311535	26.40416	27.301277	25.369654	21.782993	20.855385	21.28481	18.59657	16.213114	17.647818	16.920046	13.162299	13.338063	15.246564	12.749835	10.064105	13.020958	14.495545	11.524982	11.931277	15.719227	15.9819565	14.663102	17.205742	19.861113	19.59265	19.773594	22.729546	24.550476	24.487501	25.81548	28.593695	29.867136	29.892693	31.598734	34.064987	35.061687	35.54517	37.754047	39.79239	40.44474	41.608364	43.965538	45.103302	48.73438	49.138763	46.874043	49.04864	52.358864	52.317654	55.98913	56.79907
L-54-C	22.960806	19.479181	17.964903	15.758423	12.236913	13.458882	10.764137	11.357756	15.034481	15.672056	14.204172	16.437847	19.17445	19.324976	19.033655	21.717308	24.407345	23.63025	24.070591	27.26672	28.423168	28.211721	29.793068	32.653484	33.33194	33.08643	35.72614	38.024742	37.949135	38.70085	41.59987	42.873146	42.889072	44.65555	47.24118	47.898487	49.04856	52.788563	55.677193	55.62401	58.262627	59.731216	58.916313	56.652683	53.25263	51.118057	49.65913	49.227104	47.396442	45.088486	44.23577	43.491795	40.976536	39.031624	39.22026	37.600277	34.609005	34.406277	34.57317	31.603827	29.521132	30.600523	29.895615	26.372278	25.61309	27.366621	24.801918	21.90794	23.700191	23.790756	20.28172	19.245087	21.639631	20.735552	17.17971	18.79481	21.333	19.320648	17.043295	20.164602	21.648605	18.952051	19.09711	22.832695	23.178871	20.780079	23.178247	26.30583	25.42158	23.789282	24.920916	22.80594	19.385801	18.201527	18.248938	15.728885	13.422546	14.423191	13.488312	9.810827	9.977475	11.605958	9.054445	6.486131	9.715751	11.115862	8.513139	9.446045	13.035045	13.488048	12.912188	15.362318	17.71158	17.933563	18.522762	21.12552	22.897081	23.369766	24.741331	27.16199	28.651222	29.072165	30.612267	32.83805	34.119156	34.832264	36.797337	38.70744	39.683453	40.957363	43.056435	44.13125	47.80991	48.011955	45.56335	47.75816	51.11712	50.99571	54.710247	55.694973
S-55-C	21.242182	17.915136	16.984838	15.511268	12.19543	13.767367	11.826131	12.977579	16.344458	17.328876	16.573847	18.668747	21.221764	21.854065	21.84018	24.265224	27.073175	26.661264	27.06251	30.082087	31.469786	31.459898	32.87645	35.697758	36.587326	36.401413	38.890976	41.252934	41.34528	42.037716	44.845837	46.238888	46.331146	47.992844	50.568565	51.353153	52.47688	56.235268	59.060703	58.98707	61.68842	63.16365	62.435192	60.237022	56.80164	54.726463	53.285748	52.765976	50.93439	48.699787	47.790695	46.96017	44.503773	42.604855	42.670837	41.002144	38.10133	37.84188	37.85041	34.892807	32.900047	33.789093	32.926697	29.508854	28.736307	30.207811	27.475077	24.676105	26.201689	25.935051	22.459469	21.218376	23.118704	22.108274	18.447979	19.530027	21.89078	19.77917	17.083763	19.865664	21.226639	18.204275	17.849285	21.591526	21.805822	18.968376	21.167126	24.40391	23.337898	21.283655	22.317877	20.592945	17.02423	16.479239	16.686693	13.69394	11.735001	13.608409	12.610701	8.87652	10.118358	12.33829	10.011096	8.296715	11.898485	13.38816	11.403081	12.763432	16.12887	16.651606	16.495974	18.913105	21.090445	21.4468	22.222431	24.72589	26.432146	27.03077	28.462505	30.786215	32.284843	32.808052	34.341682	36.50507	37.81802	38.59045	40.52501	42.397076	43.41965	44.723354	46.787205	47.835976	51.525814	51.69366	49.193832	51.37215	54.75471	54.621777	58.346367	59.3729
N-56-C	20.757355	17.711725	16.237246	14.827075	11.299082	11.861719	9.627378	11.713603	14.875515	15.209901	14.872123	17.46389	19.501005	20.007465	20.592798	23.17543	25.657032	25.418495	26.302538	29.153728	30.3392	30.697294	32.361546	34.889133	35.713085	35.903206	38.41174	40.5191	40.739258	41.740993	44.42312	45.64311	45.99366	47.822342	50.181248	50.988003	52.369102	56.124855	59.05599	59.223618	61.949875	63.59771	62.80935	60.476635	57.11371	55.028164	53.361828	52.958443	51.33744	48.917606	47.88481	47.330814	44.949093	42.772705	42.889385	41.52666	38.47942	37.96217	38.24321	35.496223	33.175274	33.99889	33.529316	30.12201	28.913597	30.444977	28.049713	24.919195	26.139097	26.278242	23.059704	21.3138	23.3206	22.916136	19.158304	19.865896	22.686586	21.132215	18.186954	20.64932	22.591352	19.939518	19.109282	22.853506	23.648308	20.8445	22.561142	26.045576	25.42203	23.230402	24.683857	23.26359	19.809772	19.517235	19.219124	16.026138	14.67961	16.299147	14.571155	11.089229	12.779428	14.169313	11.06721	9.971119	13.564319	14.134446	11.599498	13.569167	16.797058	16.45725	16.244526	19.236494	21.080181	20.841118	21.969055	24.771841	26.009146	26.343046	28.212006	30.536844	31.622267	32.246	34.148308	36.162624	37.16182	38.146145	40.32129	41.96395	42.81306	44.361954	46.52742	47.323017	51.04737	51.4535	48.901432	50.848503	54.32689	54.45721	58.180397	59.00459
L-57-C	18.72252	15.434775	13.585794	11.612455	7.980952	8.912137	6.7222867	8.187117	11.445389	12.272761	11.873773	14.064936	16.328907	17.167976	17.520582	19.843363	22.548918	22.502428	23.128946	25.893084	27.346348	27.757177	29.180374	31.742695	32.80211	32.95203	35.283367	37.512764	37.90724	38.774452	41.357372	42.754223	43.170452	44.839767	47.19648	48.178627	49.509686	53.289604	56.130222	56.310806	59.141453	60.866737	60.233456	58.002274	54.584106	52.66481	50.94583	50.35788	48.834705	46.520798	45.29658	44.65843	42.451916	40.25927	40.13611	38.81043	35.876312	35.170643	35.2882	32.64915	30.346024	30.905539	30.381498	27.103458	25.767317	27.066824	24.64282	21.518826	22.568598	22.60904	19.462774	17.597223	19.554804	19.242373	15.479254	16.1881	19.108027	17.736744	14.852567	17.388422	19.507803	17.166037	16.520819	20.247316	21.301598	18.884861	20.653254	24.076836	23.791622	22.027044	23.814674	22.127228	18.945885	18.247284	17.398207	14.517514	13.336947	14.183357	12.037719	8.846624	10.516856	11.099361	7.6600847	7.2683587	10.74084	10.74641	8.52998	11.135058	13.895263	13.454948	13.911178	16.847332	18.279211	18.346933	19.862272	22.359072	23.444855	24.19381	26.13316	28.122284	29.32357	30.291231	32.080296	33.849567	35.04728	36.245533	38.22508	39.718056	40.82203	42.484768	44.42703	45.135956	48.888107	49.147224	46.446014	48.377903	51.892757	51.98574	55.731724	56.67622
K-58-C	16.36169	13.035175	12.035046	10.853671	7.7969327	9.806613	9.033564	10.2588625	12.990109	14.592723	14.706216	16.294727	18.58368	19.997746	20.254234	22.130348	25.094622	25.3539	25.645987	28.257448	30.067186	30.50457	31.58893	34.229572	35.566635	35.595013	37.71605	40.132793	40.672947	41.313206	43.82501	45.44921	45.845013	47.2972	49.725277	50.86412	52.04781	55.844208	58.550793	58.61972	61.52622	63.211098	62.729134	60.64384	57.151917	55.341545	53.71656	52.94949	51.370857	49.231792	47.955616	47.102695	44.972088	42.93578	42.61536	41.131233	38.378628	37.68463	37.496998	34.818123	32.75376	33.097794	32.245453	29.113873	27.940868	28.879213	26.161732	23.322502	24.201256	23.67419	20.515406	18.695423	20.026081	19.360077	15.610086	15.877469	18.374441	16.747309	13.543736	15.797437	17.611734	14.901853	13.881125	17.620182	18.460321	15.696504	17.389618	20.862366	20.411839	18.406042	20.170982	18.723236	15.52798	15.284815	14.424875	11.203123	10.48433	11.922967	9.696011	6.6210923	9.364207	10.497761	7.7550073	8.121253	11.697685	12.133416	10.94162	13.48225	16.02196	16.09602	16.998331	19.564705	20.93296	21.465292	23.008402	25.206102	26.418072	27.476027	29.268505	31.091637	32.50616	33.590225	35.181007	36.896507	38.301632	39.509815	41.30844	42.822643	44.103275	45.717045	47.524837	48.290115	52.038815	52.129387	49.366844	51.369667	54.86996	54.835533	58.592106	59.688873
A-59-C	12.658205	9.453088	8.450137	7.9761744	5.654865	7.875228	8.6398	9.954246	11.690519	13.719581	14.709307	15.824658	17.682919	19.721903	20.280134	21.651842	24.628859	25.451254	25.70533	27.912842	30.007778	30.824923	31.659508	34.09117	35.7525	35.980106	37.796707	40.206673	41.09298	41.71598	43.970825	45.741726	46.383614	47.683136	49.966145	51.364254	52.605976	56.4095	59.022816	59.21285	62.258644	64.09901	63.79189	61.786007	58.274204	56.65647	54.895668	53.96703	52.58873	50.51636	48.983025	48.138268	46.255543	44.121426	43.53447	42.212845	39.581852	38.57139	38.26085	35.82603	33.71972	33.656765	32.845333	29.977802	28.507133	29.019379	26.386972	23.572762	23.876139	23.158962	20.385624	18.098495	18.831823	18.54108	14.881478	14.243039	16.781878	15.722495	12.137066	13.598599	15.840113	13.550715	11.729089	15.302049	16.766163	14.103657	15.105456	18.762247	18.899778	16.896826	19.254095	18.213856	15.479877	15.639943	13.972613	10.736227	11.2821665	12.342475	9.2656	7.5183334	10.936857	11.137992	8.519013	10.326165	13.446058	13.080632	12.541498	15.624525	17.49979	17.205223	18.754488	21.358908	22.127125	22.710005	24.742655	26.718395	27.531696	28.852976	30.89304	32.356743	33.654034	35.109562	36.75462	38.138424	39.560852	41.069805	42.78597	44.0246	45.453262	47.28717	48.921974	49.465034	53.23569	53.294613	50.359955	52.204998	55.778988	55.83765	59.598927	60.72262
P-60-C	10.428063	7.776598	8.165671	9.339081	8.355608	10.406481	11.959141	13.388079	14.515372	16.675297	18.125532	19.00196	20.574791	22.92332	23.634903	24.71029	27.683308	28.790932	28.97676	30.963327	33.23022	34.196175	34.852467	37.205765	39.04924	39.31884	40.95898	43.405678	44.45255	45.003006	47.137283	49.02144	49.739326	50.914604	53.164486	54.696835	55.905277	59.707478	62.235943	62.417118	65.52726	67.38773	67.18731	65.260155	61.721127	60.187794	58.434696	57.407097	56.05412	54.064342	52.460606	51.539345	49.741673	47.65148	46.93671	45.592384	43.066185	41.997364	41.54216	39.156628	37.14794	36.908848	35.975494	33.25386	31.795916	32.044506	29.340342	26.700607	26.756464	25.73466	23.146858	20.810125	20.976189	20.636333	17.204481	15.974809	18.065413	17.110266	13.398019	14.03277	16.037539	13.723664	11.091777	14.284675	15.771383	12.763797	13.036241	16.816544	17.033022	14.571853	17.113903	16.785648	14.323512	15.352967	13.569887	10.123983	11.734466	13.283514	10.296949	9.439521	13.199261	13.633377	11.6942005	13.6673	16.67633	16.44912	16.258802	19.277357	21.050756	20.865189	22.547241	25.066072	25.752586	26.433975	28.526411	30.41029	31.185198	32.598442	34.65101	36.020657	37.329613	38.870113	40.488625	41.799885	43.259056	44.82546	46.491817	47.67804	49.166813	51.033516	52.608345	53.11351	56.88422	56.896664	53.907677	55.723	59.309307	59.358116	63.1182	64.289795
L-61-C	8.812122	5.9689627	7.8507285	9.474532	9.622319	12.378106	14.36226	14.986081	15.783766	18.540342	19.905933	20.131708	21.88853	24.558455	24.897467	25.535128	28.74012	29.988867	29.732103	31.587543	34.176777	35.041107	35.30976	37.765083	39.857883	39.921444	41.32477	43.97808	45.133793	45.391624	47.446865	49.57785	50.228775	51.138565	53.47138	55.15852	56.169308	59.96213	62.315784	62.364906	65.544136	67.35854	67.34494	65.6044	61.998802	60.625294	58.976257	57.73066	56.34759	54.578568	52.901707	51.74852	50.081078	48.170437	47.222187	45.7405	43.449615	42.381996	41.603905	39.2385	37.50165	37.03121	35.791042	33.293247	32.020264	31.909422	29.006641	26.742006	26.67625	25.14837	22.675352	20.57373	20.16914	19.47483	16.389921	14.893015	16.295849	15.220045	11.630947	11.766761	13.26002	10.92135	7.931144	10.8722105	12.238069	9.210094	9.291005	13.069314	13.402714	11.129353	13.977892	13.723492	11.795802	13.000584	10.748372	7.6620197	10.267839	11.5065	8.618016	9.106659	12.799067	13.065052	12.117545	14.507715	17.008944	16.908974	17.518452	20.377403	21.742405	21.964436	24.022131	26.123238	26.655415	27.808296	29.913086	31.406832	32.281345	34.055088	35.910934	37.02883	38.588593	40.28151	41.629642	42.82776	44.55376	46.141838	47.542397	48.72445	50.45843	52.265038	53.623676	54.188435	57.932087	57.71227	54.657467	56.55905	60.099113	59.979763	63.731625	65.100685
D-62-C	8.472787	7.197171	10.0005	12.51069	13.03117	15.3549795	17.552406	18.504782	19.049301	21.662468	23.332151	23.597828	25.087727	27.863768	28.41284	28.951437	32.0688	33.489544	33.29645	35.003986	37.635723	38.637203	38.857857	41.215748	43.389606	43.533745	44.84366	47.472267	48.731735	48.993748	50.96095	53.12793	53.854084	54.71423	56.99709	58.76139	59.7821	63.568886	65.88024	65.94526	69.16003	70.994835	71.03589	69.32824	65.716705	64.38088	62.722645	61.4418	60.08343	58.340397	56.62764	55.459023	53.83325	51.927467	50.93006	49.457542	47.206123	46.100407	45.277393	42.950886	41.240726	40.68968	39.42209	37.000866	35.709023	35.478176	32.58589	30.39157	30.17126	28.54222	26.224651	24.073694	23.382217	22.745476	19.863409	18.057804	19.156467	18.245855	14.801259	14.295776	15.476063	13.339994	9.993435	12.00323	13.220446	10.072424	9.009675	12.625335	13.004167	10.118397	13.025129	13.827661	12.367268	14.493608	12.478736	9.611386	12.679222	14.321993	11.889387	12.559254	16.196903	16.697441	15.903829	18.166267	20.725945	20.706312	21.266935	24.111517	25.539515	25.729841	27.752045	29.90751	30.438263	31.532703	33.6653	35.19778	36.02688	37.77085	39.68011	40.795723	42.304447	44.017918	45.40895	46.583344	48.274387	49.89648	51.3201	52.465916	54.189037	56.030937	57.392376	57.916748	61.664196	61.456287	58.375668	60.23397	63.79022	63.69645	67.445366	68.81317
I-63-C	9.3636875	8.586354	12.059125	14.564924	15.600745	18.27259	20.586332	21.056005	21.46603	24.410736	25.948269	25.799606	27.438446	30.37855	30.627241	30.866356	34.13603	35.613617	35.070946	36.688644	39.545048	40.423634	40.3352	42.782303	45.13031	45.077477	46.19859	48.996605	50.31474	50.315613	52.225582	54.592976	55.23156	55.8592	58.223656	60.098804	60.926025	64.69002	66.83721	66.76063	70.01595	71.780594	71.98149	70.44812	66.7859	65.58037	64.043175	62.582226	61.173748	59.63593	57.89453	56.511997	54.983273	53.265594	52.090504	50.476395	48.440933	47.381832	46.280827	43.959198	42.51616	41.806614	40.261204	38.0395	36.96128	36.45475	33.408195	31.57945	31.310577	29.273136	27.072187	25.219818	24.095596	23.117565	20.658234	18.777039	19.141733	18.103775	15.090702	14.145939	14.512082	12.510209	9.266934	10.279166	10.945328	7.966815	6.1563096	9.369379	9.733663	6.836673	10.037851	11.3743	10.85975	13.338863	11.221516	9.261411	12.857469	14.243359	12.399807	13.919469	17.193295	17.6838	17.66909	20.015951	22.168728	22.341425	23.41269	26.041655	27.206615	27.748863	29.967785	31.776249	32.246906	33.69909	35.77447	37.007088	37.958004	39.95546	41.66725	42.609604	44.334396	46.125286	47.27685	48.389927	50.300575	51.900093	53.099857	54.272053	56.185333	57.942997	59.132473	59.73534	63.446934	63.03449	59.92365	61.871964	65.368835	65.110466	68.84122	70.38481
