motif_based_on,sequence_name,sequence_protein_id,motif_index,motif_sequence,start_position,end_position,motif_length,pvalue,motif_found
1A0O,1A0O_B,1A0O,,empty,,,,,no
1A9N,1A9N_A,1A9N,3,NLEELDLSYNQJSSJPP,19,35,17,4.8e-05,yes
1A9N,1A9N_A,1A9N,3,NLEELDLSYNQJSSJPP,42,58,17,7.2e-08,yes
1A9N,1A9N_A,1A9N,0,LTELYLSNNKISSIE,65,79,15,6.0e-10,yes
1A9N,1A9N_A,1A9N,1,FAGLPNLEELYLSNNQJ,83,99,17,8.7e-09,yes
1A9N,1A9N_A,1A9N,2,LSNLKNLKYLBLSNNKI,108,124,17,1.4e-08,yes
1A9N,1A9N_A,1A9N,2,LSNLKNLKYLBLSNNKI,135,151,17,6.8e-06,yes
1AGR,1AGR_D,1AGR,1,LLLGLGESGKSTILKQM,27,43,17,1.8e-20,yes
1AGR,1AGR_D,1AGR,9,IKRLWKDPGVQACFERS,117,133,17,4.5e-20,yes
1AGR,1AGR_D,1AGR,7,REYQLNDSAKYYLBBJD,134,150,17,5.6e-21,yes
1AGR,1AGR_D,1AGR,5,YVPTEQDVLRTRVKTTG,157,173,17,5.9e-21,yes
1AGR,1AGR_D,1AGR,8,IPETGFNVETVEFKM,174,188,15,3.0e-14,yes
1AGR,1AGR_D,1AGR,0,FDVGGQRSERKKWIHCF,189,205,17,2.6e-22,yes
1AGR,1AGR_D,1AGR,4,ENVTAIIFVVASSDYDR,206,222,17,2.7e-18,yes
1AGR,1AGR_D,1AGR,6,RMHESLKLFDSICNNRW,232,248,17,4.3e-23,yes
1AGR,1AGR_D,1AGR,2,SIJLFLNKQDLFEEK,253,267,15,1.3e-16,yes
1AGR,1AGR_D,1AGR,3,IYTHFTCATDTENJR,309,323,15,1.3e-17,yes
1B6C,1B6C_E,1B6C,0,ZVIKGWDEGVLGMKVGE,54,70,17,4.0e-17,yes
1B6C,1B6C_E,1B6C,2,RKLTIPPELAYGKRG,72,86,15,6.3e-14,yes
1B6C,1B6C_E,1B6C,1,PPKIPPNATLIFDVELL,88,104,17,7.2e-18,yes
1BI8,1BI8_A,1BI8,0,HSKGIIHRDLKPENILL,46,62,17,5.7e-18,yes
1BI8,1BI8_A,1BI8,3,VVKJADFGLAR,67,77,11,9.8e-12,yes
1BI8,1BI8_A,1BI8,2,TTVVGTPGYMAPEVJ,86,100,15,1.3e-13,yes
1BI8,1BI8_A,1BI8,1,SDVWSLGVILYELLT,109,123,15,1.1e-12,yes
1BML,1BML_D,1BML,1,PYDPFDRSHLKLFTIKY,21,37,17,1.9e-11,yes
1BML,1BML_D,1BML,2,TASERNLDFRDLYDPRD,53,69,17,3.5e-11,yes
1BML,1BML_D,1BML,0,AFGIMDYTLTGKVEDNH,80,96,17,1.2e-11,yes
1CGI,1CGI_E,1CGI,3,IVGGDECNIGEWPWQVS,16,32,17,4.1e-16,yes
1CGI,1CGI_E,1CGI,0,CGGSLINPEWVLTAAHC,42,58,17,1.5e-20,yes
1CGI,1CGI_E,1CGI,4,DIALJKLKSPVTLSDHV,102,118,17,2.4e-10,yes
1CGI,1CGI_E,1CGI,5,PSSPPSVGSVCRVTGWG,126,142,17,1.2e-12,yes
1CGI,1CGI_E,1CGI,1,GGKDSCQGDSGGPLVCN,186,202,17,3.5e-15,yes
1CGI,1CGI_E,1CGI,6,LQGIVSWGEGC,209,219,11,5.8e-10,yes
1CGI,1CGI_E,1CGI,2,PGVYTKVSDYLDWIQSI,225,241,17,1.3e-12,yes
1CMX,1CMX_A,1CMX,0,FMKQTIGNACGTIGJIH,4,20,17,9.4e-15,yes
1CS0,1CS0_A,1CS0,7,PGIMEHIERAGVHSGDS,27,43,17,1.9e-21,yes
1CS0,1CS0_A,1CS0,0,NPRVSRSSALASKATGY,94,110,17,2.1e-11,yes
1CS0,1CS0_A,1CS0,0,NPRVSRSSALASKATGY,276,292,17,5.9e-05,yes
1A0O,1A0O_A,1A0O,2,IRVLVVDDSALIRRLLK,5,21,17,1.2e-10,yes
1A0O,1A0O_A,1A0O,0,PDLILLDIMMPGMDGJE,50,66,17,1.7e-13,yes
1A0O,1A0O_A,1A0O,1,TVRALELGADDYLTKPF,94,110,17,1.7e-11,yes
1A9N,1A9N_B,1A9N,1,LYVGNLPPDVTEKEL,7,21,15,2.0e-08,yes
1A9N,1A9N_B,1A9N,2,FSKFGKILEVKVIKD,29,43,15,7.7e-10,yes
1A9N,1A9N_B,1A9N,0,SKGFGFVTFENPEEA,46,60,15,3.3e-08,yes
1AGR,1AGR_H,1AGR,0,FLKSEFSEENJEFWLAC,20,36,17,1.3e-18,yes
1AGR,1AGR_H,1AGR,2,IYEEFJSSQAPKEVNJD,55,71,17,2.0e-18,yes
1AGR,1AGR_H,1AGR,1,AQKQIYTLMEKDSYPRF,93,109,17,4.1e-19,yes
1AVO,1AVO_D,1AVO,0,WLQLLIPRIEDGNNFGV,32,48,17,5.4e-22,yes
1AVO,1AVO_D,1AVO,2,SFLTQISKYFSERGDAV,67,83,17,7.3e-22,yes
1AVO,1AVO_D,1AVO,1,HVGDYRQLVHELDEAEY,91,107,17,1.2e-21,yes
1AVO,1AVO_D,1AVO,3,RNAYAVLYDIILKNFEK,118,134,17,2.2e-20,yes
1B6C,1B6C_F,1B6C,2,JGEGGFGKVYKARLKGT,37,53,17,6.4e-13,yes
1B6C,1B6C_F,1B6C,4,REIKJLKKLRHPNJVRL,72,88,17,6.5e-09,yes
1B6C,1B6C_F,1B6C,6,LYJVMEYMPGGSLFDFL,102,118,17,5.3e-13,yes
1B6C,1B6C_F,1B6C,8,EQRLKIALQIARGLAYL,126,142,17,1.7e-07,yes
1B6C,1B6C_F,1B6C,0,HSKGIIHRDLKPSNILL,151,167,17,2.3e-12,yes
1B6C,1B6C_F,1B6C,3,DEBGNVKJADFGLAR,168,182,15,6.0e-10,yes
1B6C,1B6C_F,1B6C,5,TTVVGTPGYMAPEVJ,196,210,15,4.0e-12,yes
1B6C,1B6C_F,1B6C,1,KSDVWSFGVILYELLTG,224,240,17,4.0e-11,yes
1B6C,1B6C_F,1B6C,7,DLLLKCLQKBPEKRPT,295,310,16,1.6e-08,yes
1BI8,1BI8_B,1BI8,1,GADVNAKDKDGNTPLHL,27,43,17,9.9e-07,yes
1BI8,1BI8_B,1BI8,1,GADVNAKDKDGNTPLHL,59,75,17,7.6e-10,yes
1BI8,1BI8_B,1BI8,3,GHLEVVKLLLEHGABVN,80,96,17,1.5e-12,yes
1BI8,1BI8_B,1BI8,0,GRTPLHLAARNGHLEIV,102,118,17,9.8e-11,yes
1BI8,1BI8_B,1BI8,2,BVNARDRDGRTPLHLAA,126,142,17,3.5e-08,yes
1BML,1BML_B,1BML,0,CGGTLINPEWVLTAAHC,27,43,17,1.1e-21,yes
1BML,1BML_B,1BML,3,DIALJKLKSPVTLSDHV,85,101,17,4.5e-13,yes
1BML,1BML_B,1BML,5,VGSVCRVSGWG,115,125,11,8.7e-10,yes
1BML,1BML_B,1BML,1,GGKDSCQGDSGGPLVCN,171,187,17,1.7e-16,yes
1BML,1BML_B,1BML,2,PGVYTKVSDYLDWIQSI,210,226,17,3.0e-13,yes
1CGI,1CGI_I,1CGI,0,RPLCGSDNKTYGNKC,21,35,15,1.7e-15,yes
1CMX,1CMX_B,1CMX,0,PDQQRLIFAGKQLED,38,52,15,1.7e-19,yes
1CMX,1CMX_B,1CMX,1,DYNIQKESTLHLVLR,58,72,15,1.6e-19,yes
1CS0,1CS0_B,1CS0,1,PAFSVQYHPEASPGPHD,77,93,17,5.3e-21,yes
