dssp_index	Protein_id	chain	aa	rsa	eight_hot_ss	three_hot_ss	phi	psi
2509	3UNB_12	L	R	1.0	-	C	360.0	147.6
2510	3UNB_12	L	F	0.0609137055837563	-	C	-81.0	133.2
2511	3UNB_12	L	S	0.5615384615384615	-	C	-106.8	123.1
2512	3UNB_12	L	P	0.0955882352941176	-	C	-79.5	-1.4
2513	3UNB_12	L	Y	0.3108108108108108	-	C	-114.8	156.9
2514	3UNB_12	L	A	0.1226415094339622	-	C	-149.1	135.8
2515	3UNB_12	L	F	0.3299492385786802	-	C	-84.5	119.0
2516	3UNB_12	L	N	0.0	-	C	-110.1	7.8
2517	3UNB_12	L	G	0.0119047619047619	-	C	74.7	-152.4
2518	3UNB_12	L	G	0.0119047619047619	-	C	86.0	130.9
2519	3UNB_12	L	T	0.0	E	E	-125.0	130.8
2520	3UNB_12	L	V	0.0	E	E	-114.9	140.0
2521	3UNB_12	L	L	0.0	E	E	-135.9	141.5
2522	3UNB_12	L	A	0.0	E	E	-139.6	137.1
2523	3UNB_12	L	I	0.0059171597633136	E	E	-125.4	128.1
2524	3UNB_12	L	A	0.0660377358490566	E	E	-99.0	123.0
2525	3UNB_12	L	G	0.1071428571428571	-	C	-97.1	-159.8
2526	3UNB_12	L	E	0.6185567010309279	S	C	-89.2	-32.2
2527	3UNB_12	L	D	0.4294478527607362	S	C	-123.6	3.4
2528	3UNB_12	L	F	0.0101522842639593	-	C	-143.4	165.6
2529	3UNB_12	L	S	0.0	E	E	-145.8	121.3
2530	3UNB_12	L	I	0.0	E	E	-103.2	126.2
2531	3UNB_12	L	V	0.0	E	E	-121.1	121.1
2532	3UNB_12	L	A	0.0	E	E	-132.9	152.4
2533	3UNB_12	L	S	0.0	E	E	-158.3	154.9
2534	3UNB_12	L	D	0.0	E	E	-73.7	171.1
2535	3UNB_12	L	T	0.0140845070422535	-	C	-115.3	9.2
2536	3UNB_12	L	R	0.0040322580645161	-	C	-86.8	127.9
2537	3UNB_12	L	L	0.0	E	E	-113.1	124.2
2538	3UNB_12	L	S	0.0	E	E	-127.4	163.9
2539	3UNB_12	L	E	0.3041237113402061	E	E	-154.4	123.6
2540	3UNB_12	L	G	0.4761904761904761	T	C	67.0	-114.5
2541	3UNB_12	L	F	0.5431472081218274	T	C	-114.2	9.8
2542	3UNB_12	L	S	0.1769230769230769	E	E	-113.8	161.1
2543	3UNB_12	L	I	0.059171597633136	E	E	-106.5	127.8
2544	3UNB_12	L	H	0.1032608695652173	E	E	-72.5	-55.8
2545	3UNB_12	L	T	0.0633802816901408	E	E	-151.5	150.0
2546	3UNB_12	L	R	0.2580645161290322	S	C	-89.6	-13.6
2547	3UNB_12	L	D	0.6748466257668712	-	C	-117.5	88.4
2548	3UNB_12	L	S	0.1	-	C	-149.1	73.0
2549	3UNB_12	L	P	0.3161764705882353	-	C	-62.5	133.5
2550	3UNB_12	L	K	0.073170731707317	-	C	-87.4	-18.7
2551	3UNB_12	L	C	0.0518518518518518	E	E	-82.3	126.6
2552	3UNB_12	L	Y	0.4189189189189189	E	E	-131.0	134.5
2553	3UNB_12	L	K	0.5853658536585366	E	E	-88.3	135.0
2554	3UNB_12	L	L	0.1768292682926829	-	C	-108.0	-52.3
2555	3UNB_12	L	T	0.176056338028169	S	C	-132.0	-175.7
2556	3UNB_12	L	D	0.7914110429447853	S	C	-66.4	-24.2
2557	3UNB_12	L	K	0.4097560975609756	S	C	-106.7	-13.3
2558	3UNB_12	L	T	0.0	E	E	-132.1	137.5
2559	3UNB_12	L	V	0.0070422535211267	E	E	-132.5	137.2
2560	3UNB_12	L	I	0.0118343195266272	E	E	-114.3	147.9
2561	3UNB_12	L	G	0.0	E	E	-124.7	131.6
2562	3UNB_12	L	C	0.0518518518518518	E	E	-121.9	136.0
2563	3UNB_12	L	S	0.0076923076923076	E	E	-143.9	154.4
2564	3UNB_12	L	G	0.0476190476190476	E	E	122.6	-121.6
2565	3UNB_12	L	F	0.0	-	C	-80.5	110.5
2566	3UNB_12	L	H	0.1141304347826086	H	H	-60.5	-35.5
2567	3UNB_12	L	G	0.0	H	H	-55.8	-45.7
2568	3UNB_12	L	D	0.0	H	H	-70.7	-34.3
2569	3UNB_12	L	C	0.0444444444444444	H	H	-65.0	-41.4
2570	3UNB_12	L	L	0.2682926829268293	H	H	-65.8	-45.7
2571	3UNB_12	L	T	0.0492957746478873	H	H	-62.5	-47.0
2572	3UNB_12	L	L	0.0060975609756097	H	H	-63.8	-43.5
2573	3UNB_12	L	T	0.1549295774647887	H	H	-63.1	-34.2
2574	3UNB_12	L	K	0.1121951219512195	H	H	-71.0	-35.4
2575	3UNB_12	L	I	0.2248520710059171	H	H	-67.3	-44.0
2576	3UNB_12	L	I	0.0059171597633136	H	H	-61.3	-45.9
2577	3UNB_12	L	E	0.3041237113402061	H	H	-52.8	-48.4
2578	3UNB_12	L	A	0.2169811320754717	H	H	-62.4	-46.5
2579	3UNB_12	L	R	0.2298387096774193	H	H	-67.3	-26.7
2580	3UNB_12	L	L	0.1341463414634146	H	H	-72.9	-42.8
2581	3UNB_12	L	K	0.2146341463414634	H	H	-64.8	-37.3
2582	3UNB_12	L	M	0.4734042553191489	H	H	-60.3	-40.5
2583	3UNB_12	L	Y	0.018018018018018	H	H	-68.6	-42.0
2584	3UNB_12	L	K	0.473170731707317	H	H	-57.3	-47.4
2585	3UNB_12	L	H	0.0543478260869565	H	H	-68.2	-40.1
2586	3UNB_12	L	S	0.4153846153846154	H	H	-76.4	-29.3
2587	3UNB_12	L	N	0.0382165605095541	H	H	-120.9	-6.6
2588	3UNB_12	L	N	0.4968152866242038	S	C	59.5	23.7
2589	3UNB_12	L	K	0.2097560975609756	S	C	-130.3	157.0
2590	3UNB_12	L	A	0.6886792452830188	P	P	-82.8	136.1
2591	3UNB_12	L	M	0.0159574468085106	P	P	-72.3	128.2
2592	3UNB_12	L	T	0.2183098591549295	P	P	-78.6	164.2
2593	3UNB_12	L	T	0.0140845070422535	H	H	-53.6	-44.0
2594	3UNB_12	L	G	0.2619047619047619	H	H	-71.4	-34.1
2595	3UNB_12	L	A	0.0094339622641509	H	H	-73.7	-34.4
2596	3UNB_12	L	I	0.0	H	H	-66.6	-44.8
2597	3UNB_12	L	A	0.0	H	H	-60.9	-40.7
2598	3UNB_12	L	A	0.0283018867924528	H	H	-67.9	-35.8
2599	3UNB_12	L	M	0.0	H	H	-70.5	-49.1
2600	3UNB_12	L	L	0.0	H	H	-54.2	-34.9
2601	3UNB_12	L	S	0.1461538461538461	H	H	-59.1	-45.0
2602	3UNB_12	L	T	0.1619718309859155	H	H	-71.4	-35.4
2603	3UNB_12	L	I	0.0532544378698224	H	H	-68.2	-42.3
2604	3UNB_12	L	L	0.0	H	H	-67.2	-36.2
2605	3UNB_12	L	Y	0.072072072072072	H	H	-74.8	-27.7
2606	3UNB_12	L	S	0.7076923076923077	H	H	-59.2	-24.3
2607	3UNB_12	L	R	0.1975806451612903	T	C	-105.4	41.6
2608	3UNB_12	L	R	0.2016129032258064	T	C	-63.1	-43.8
2609	3UNB_12	L	F	0.5025380710659898	T	C	-91.8	7.8
2610	3UNB_12	L	F	0.2791878172588832	S	C	-154.0	71.3
2611	3UNB_12	L	P	0.3014705882352941	-	C	-61.9	152.1
2612	3UNB_12	L	Y	0.0495495495495495	-	C	-75.8	118.8
2613	3UNB_12	L	Y	0.3468468468468468	-	C	-77.3	77.1
2614	3UNB_12	L	V	0.0	E	E	-145.1	138.1
2615	3UNB_12	L	Y	0.3558558558558558	E	E	-118.7	102.2
2616	3UNB_12	L	N	0.0063694267515923	E	E	-96.4	138.4
2617	3UNB_12	L	I	0.0118343195266272	E	E	-130.2	118.6
2618	3UNB_12	L	I	0.0	E	E	-98.2	128.2
2619	3UNB_12	L	G	0.0	E	E	-131.1	128.7
2620	3UNB_12	L	G	0.0	E	E	-170.5	-157.2
2621	3UNB_12	L	L	0.024390243902439	E	E	-114.0	145.4
2622	3UNB_12	L	D	0.147239263803681	-	C	-87.0	-166.3
2623	3UNB_12	L	E	0.7577319587628866	S	C	-73.8	-28.1
2624	3UNB_12	L	E	0.7938144329896907	S	C	-79.3	-16.4
2625	3UNB_12	L	G	0.1547619047619047	S	C	98.2	5.2
2626	3UNB_12	L	K	0.4146341463414634	-	C	-84.8	156.2
2627	3UNB_12	L	G	0.0833333333333333	E	E	-68.8	143.5
2628	3UNB_12	L	A	0.0094339622641509	E	E	-136.8	141.1
2629	3UNB_12	L	V	0.0	E	E	-132.7	128.7
2630	3UNB_12	L	Y	0.1441441441441441	E	E	-118.3	124.4
2631	3UNB_12	L	S	0.123076923076923	E	E	-100.6	144.6
2632	3UNB_12	L	F	0.065989847715736	E	E	-132.6	141.7
2633	3UNB_12	L	D	0.2760736196319018	-	C	-94.6	172.3
2634	3UNB_12	L	P	0.1985294117647058	T	C	-56.5	-31.3
2635	3UNB_12	L	V	0.1619718309859155	T	C	-106.1	5.2
2636	3UNB_12	L	G	0.0238095238095238	S	C	120.7	-15.2
2637	3UNB_12	L	S	0.2230769230769231	-	C	-59.1	124.9
2638	3UNB_12	L	Y	0.2837837837837837	E	E	-147.7	153.1
2639	3UNB_12	L	Q	0.1868686868686868	E	E	-150.0	164.6
2640	3UNB_12	L	R	0.4475806451612903	E	E	-91.3	137.4
2641	3UNB_12	L	D	0.1595092024539877	E	E	-148.2	168.8
2642	3UNB_12	L	S	0.4538461538461538	S	C	-77.4	-33.2
2643	3UNB_12	L	F	0.1065989847715736	E	E	-151.9	139.4
2644	3UNB_12	L	K	0.1073170731707317	E	E	-151.4	141.0
2645	3UNB_12	L	A	0.0754716981132075	E	E	-114.5	142.0
2646	3UNB_12	L	G	0.119047619047619	E	E	-144.0	142.9
2647	3UNB_12	L	G	0.1904761904761904	E	E	129.6	-159.3
2648	3UNB_12	L	S	0.1692307692307692	T	C	-69.1	-43.5
2649	3UNB_12	L	A	0.0	T	C	-98.7	19.8
2650	3UNB_12	L	S	0.1769230769230769	H	H	-63.5	-33.6
2651	3UNB_12	L	A	0.0660377358490566	H	H	-72.1	-9.5
2652	3UNB_12	L	M	0.026595744680851	H	H	-97.4	-38.8
2653	3UNB_12	L	L	0.0060975609756097	H	H	-73.2	-45.4
2654	3UNB_12	L	Q	0.0	H	H	-52.1	-54.6
2655	3UNB_12	L	P	0.0	H	H	-55.4	-36.5
2656	3UNB_12	L	L	0.0	H	H	-69.0	-37.6
2657	3UNB_12	L	L	0.0	H	H	-67.8	-39.1
2658	3UNB_12	L	D	0.0613496932515337	H	H	-59.3	-37.2
2659	3UNB_12	L	N	0.0063694267515923	H	H	-80.3	-40.0
2660	3UNB_12	L	Q	0.0808080808080808	H	H	-93.4	-38.6
2661	3UNB_12	L	V	0.1056338028169014	T	C	-87.3	-44.7
2662	3UNB_12	L	G	0.3214285714285714	S	C	-85.1	-13.9
2663	3UNB_12	L	F	0.1319796954314721	-	C	63.8	19.2
2664	3UNB_12	L	K	0.4634146341463415	T	C	-66.3	141.8
2665	3UNB_12	L	N	0.2292993630573248	T	C	74.0	-7.5
2666	3UNB_12	L	M	0.1914893617021276	-	C	-91.1	145.8
2667	3UNB_12	L	Q	0.5353535353535354	S	C	-90.9	-64.4
2668	3UNB_12	L	N	0.7197452229299363	S	C	-123.4	72.6
2669	3UNB_12	L	V	0.3943661971830985	-	C	-117.5	143.2
2670	3UNB_12	L	E	0.9175257731958762	-	C	-62.0	-40.4
2671	3UNB_12	L	H	0.6684782608695652	-	C	90.2	46.0
2672	3UNB_12	L	V	0.5070422535211268	P	P	-64.9	134.2
2673	3UNB_12	L	P	0.75	P	P	-55.0	149.2
2674	3UNB_12	L	L	0.2195121951219512	P	P	-68.1	121.0
2675	3UNB_12	L	T	0.5070422535211268	P	P	-96.4	157.1
2676	3UNB_12	L	L	0.3048780487804878	H	H	-59.9	-40.3
2677	3UNB_12	L	D	0.6748466257668712	H	H	-62.7	-44.7
2678	3UNB_12	L	R	0.2540322580645161	H	H	-71.8	-40.5
2679	3UNB_12	L	A	0.0	H	H	-65.2	-43.8
2680	3UNB_12	L	M	0.0904255319148936	H	H	-61.4	-40.3
2681	3UNB_12	L	R	0.1774193548387097	H	H	-62.9	-37.3
2682	3UNB_12	L	L	0.0	H	H	-72.7	-35.9
2683	3UNB_12	L	V	0.0070422535211267	H	H	-62.6	-48.1
2684	3UNB_12	L	K	0.2097560975609756	H	H	-64.2	-40.4
2685	3UNB_12	L	D	0.0	H	H	-67.5	-42.6
2686	3UNB_12	L	V	0.0352112676056338	H	H	-69.8	-34.1
2687	3UNB_12	L	F	0.0	H	H	-72.6	-37.5
2688	3UNB_12	L	I	0.136094674556213	H	H	-62.1	-42.3
2689	3UNB_12	L	S	0.023076923076923	H	H	-67.9	-36.4
2690	3UNB_12	L	A	0.0094339622641509	H	H	-72.9	-30.7
2691	3UNB_12	L	A	0.0377358490566037	H	H	-70.5	-19.7
2692	3UNB_12	L	E	0.0309278350515463	H	H	-73.9	-31.8
2693	3UNB_12	L	R	0.0201612903225806	H	H	-111.1	-47.1
2694	3UNB_12	L	D	0.0552147239263803	B	E	-79.6	126.2
2695	3UNB_12	L	V	0.0211267605633802	T	C	-74.7	-19.0
2696	3UNB_12	L	Y	0.1261261261261261	T	C	-85.6	-19.4
2697	3UNB_12	L	T	0.0211267605633802	-	C	-97.3	132.1
2698	3UNB_12	L	G	0.0119047619047619	-	C	163.3	-154.5
2699	3UNB_12	L	D	0.0184049079754601	S	C	69.3	-74.1
2700	3UNB_12	L	A	0.1981132075471698	E	E	-154.8	150.1
2701	3UNB_12	L	L	0.0060975609756097	E	E	-108.0	125.2
2702	3UNB_12	L	R	0.2298387096774193	E	E	-110.5	128.3
2703	3UNB_12	L	I	0.0	E	E	-115.3	131.9
2704	3UNB_12	L	C	0.0296296296296296	E	E	-111.7	123.0
2705	3UNB_12	L	I	0.0	E	E	-107.9	124.4
2706	3UNB_12	L	V	0.0	E	E	-105.1	117.0
2707	3UNB_12	L	T	0.0915492957746478	-	C	-131.3	-168.6
2708	3UNB_12	L	K	0.6	S	C	-68.0	-30.9
2709	3UNB_12	L	E	0.8969072164948454	S	C	-75.3	-25.3
2710	3UNB_12	L	G	0.1785714285714285	-	C	139.8	-144.6
2711	3UNB_12	L	I	0.2544378698224852	E	E	-115.6	129.2
2712	3UNB_12	L	R	0.4435483870967742	E	E	-112.0	150.8
2713	3UNB_12	L	E	0.4845360824742268	E	E	-120.0	132.6
2714	3UNB_12	L	E	0.3195876288659793	E	E	-130.3	137.7
2715	3UNB_12	L	T	0.5211267605633803	E	E	-124.9	128.4
2716	3UNB_12	L	V	0.2957746478873239	E	E	-126.3	137.8
2717	3UNB_12	L	P	0.7426470588235294	E	E	-67.5	152.2
2718	3UNB_12	L	L	0.0975609756097561	-	C	-130.1	176.3
2719	3UNB_12	L	R	0.1048387096774193	-	C	-55.3	144.0
2720	3UNB_12	L	K	0.3658536585365853	-	C	-120.8	29.6
2721	3UNB_12	L	D	0.0245398773006134	-	C	-97.8	360.0
5651	3UNB_12	Z	R	0.9475806451612904	-	C	360.0	-93.3
5652	3UNB_12	Z	F	0.0862944162436548	-	C	-160.3	127.9
5653	3UNB_12	Z	S	0.5846153846153846	-	C	-92.5	120.9
5654	3UNB_12	Z	P	0.1176470588235294	S	C	-83.3	7.4
5655	3UNB_12	Z	Y	0.3018018018018018	-	C	-124.7	152.4
5656	3UNB_12	Z	A	0.1320754716981132	-	C	-141.7	139.0
5657	3UNB_12	Z	F	0.3096446700507614	-	C	-89.1	118.5
5658	3UNB_12	Z	N	0.0	-	C	-108.4	5.3
5659	3UNB_12	Z	G	0.0119047619047619	-	C	63.9	-168.5
5660	3UNB_12	Z	G	0.0	-	C	104.7	143.9
5661	3UNB_12	Z	T	0.0	E	E	-134.3	134.8
5662	3UNB_12	Z	V	0.0	E	E	-114.4	146.6
5663	3UNB_12	Z	L	0.0060975609756097	E	E	-136.8	144.8
5664	3UNB_12	Z	A	0.0	E	E	-144.4	136.9
5665	3UNB_12	Z	I	0.0	E	E	-126.4	127.1
5666	3UNB_12	Z	A	0.0943396226415094	E	E	-96.9	126.1
5667	3UNB_12	Z	G	0.1785714285714285	-	C	-107.7	-152.6
5668	3UNB_12	Z	E	0.6134020618556701	S	C	-86.0	-43.3
5669	3UNB_12	Z	D	0.5460122699386503	S	C	-127.1	7.7
5670	3UNB_12	Z	F	0.0101522842639593	-	C	-139.7	169.0
5671	3UNB_12	Z	S	0.0	E	E	-152.0	128.2
5672	3UNB_12	Z	I	0.0	E	E	-109.5	123.7
5673	3UNB_12	Z	V	0.0	E	E	-116.8	112.3
5674	3UNB_12	Z	A	0.0	E	E	-122.8	148.9
5675	3UNB_12	Z	S	0.0	E	E	-154.8	149.8
5676	3UNB_12	Z	D	0.0	E	E	-73.5	164.0
5677	3UNB_12	Z	T	0.0211267605633802	-	C	-111.8	15.0
5678	3UNB_12	Z	R	0.0	-	C	-91.0	130.6
5679	3UNB_12	Z	L	0.0060975609756097	E	E	-115.7	120.4
5680	3UNB_12	Z	S	0.0	E	E	-117.5	170.4
5681	3UNB_12	Z	E	0.3195876288659793	E	E	-165.8	121.6
5682	3UNB_12	Z	G	0.4761904761904761	T	C	69.0	-103.8
5683	3UNB_12	Z	F	0.5736040609137056	T	C	-125.4	4.7
5684	3UNB_12	Z	S	0.1538461538461538	E	E	-119.1	159.0
5685	3UNB_12	Z	I	0.0532544378698224	E	E	-98.9	129.1
5686	3UNB_12	Z	H	0.108695652173913	E	E	-74.0	-52.1
5687	3UNB_12	Z	T	0.0704225352112676	E	E	-155.5	148.0
5688	3UNB_12	Z	R	0.1975806451612903	S	C	-90.5	-12.0
5689	3UNB_12	Z	D	0.6932515337423313	-	C	-112.9	83.6
5690	3UNB_12	Z	S	0.0923076923076923	-	C	-145.5	73.3
5691	3UNB_12	Z	P	0.3161764705882353	-	C	-65.7	132.5
5692	3UNB_12	Z	K	0.0829268292682926	-	C	-89.3	-19.3
5693	3UNB_12	Z	C	0.0814814814814814	E	E	-82.6	133.4
5694	3UNB_12	Z	Y	0.4639639639639639	E	E	-140.8	135.7
5695	3UNB_12	Z	K	0.526829268292683	E	E	-85.2	144.8
5696	3UNB_12	Z	L	0.1341463414634146	-	C	-118.2	-46.7
5697	3UNB_12	Z	T	0.176056338028169	S	C	-134.7	-174.4
5698	3UNB_12	Z	D	0.6932515337423313	S	C	-64.9	-17.7
5699	3UNB_12	Z	K	0.2975609756097561	S	C	-117.4	-5.4
5700	3UNB_12	Z	T	0.0	E	E	-135.4	135.1
5701	3UNB_12	Z	V	0.0	E	E	-130.7	133.8
5702	3UNB_12	Z	I	0.0177514792899408	E	E	-112.8	145.2
5703	3UNB_12	Z	G	0.0	E	E	-127.3	122.4
5704	3UNB_12	Z	C	0.0518518518518518	E	E	-115.5	133.1
5705	3UNB_12	Z	S	0.0076923076923076	E	E	-133.4	157.1
5706	3UNB_12	Z	G	0.0476190476190476	E	E	121.3	-125.4
5707	3UNB_12	Z	F	0.0	-	C	-82.7	110.1
5708	3UNB_12	Z	H	0.1195652173913043	H	H	-61.7	-32.0
5709	3UNB_12	Z	G	0.0	H	H	-55.3	-45.9
5710	3UNB_12	Z	D	0.0	H	H	-70.8	-39.6
5711	3UNB_12	Z	C	0.0444444444444444	H	H	-60.5	-43.4
5712	3UNB_12	Z	L	0.298780487804878	H	H	-63.8	-48.1
5713	3UNB_12	Z	T	0.0492957746478873	H	H	-60.4	-49.2
5714	3UNB_12	Z	L	0.0060975609756097	H	H	-61.5	-38.3
5715	3UNB_12	Z	T	0.1619718309859155	H	H	-65.0	-41.4
5716	3UNB_12	Z	K	0.1512195121951219	H	H	-67.7	-29.3
5717	3UNB_12	Z	I	0.2248520710059171	H	H	-71.2	-45.3
5718	3UNB_12	Z	I	0.0059171597633136	H	H	-61.2	-45.9
5719	3UNB_12	Z	E	0.3195876288659793	H	H	-60.1	-45.2
5720	3UNB_12	Z	A	0.2169811320754717	H	H	-57.5	-49.2
5721	3UNB_12	Z	R	0.2258064516129032	H	H	-63.6	-32.9
5722	3UNB_12	Z	L	0.1219512195121951	H	H	-61.1	-43.3
5723	3UNB_12	Z	K	0.2	H	H	-69.8	-38.2
5724	3UNB_12	Z	M	0.4414893617021276	H	H	-58.7	-44.3
5725	3UNB_12	Z	Y	0.009009009009009	H	H	-64.5	-46.2
5726	3UNB_12	Z	K	0.5365853658536586	H	H	-57.6	-43.7
5727	3UNB_12	Z	H	0.092391304347826	H	H	-65.9	-43.0
5728	3UNB_12	Z	S	0.4153846153846154	H	H	-78.3	-41.5
5729	3UNB_12	Z	N	0.0700636942675159	H	H	-105.5	0.3
5730	3UNB_12	Z	N	0.554140127388535	S	C	55.7	34.4
5731	3UNB_12	Z	K	0.2536585365853658	S	C	-157.8	156.0
5732	3UNB_12	Z	A	0.3773584905660377	P	P	-67.2	145.5
5733	3UNB_12	Z	M	0.0106382978723404	P	P	-74.6	134.2
5734	3UNB_12	Z	T	0.204225352112676	P	P	-76.8	158.8
5735	3UNB_12	Z	T	0.0140845070422535	H	H	-55.5	-42.8
5736	3UNB_12	Z	G	0.2261904761904762	H	H	-65.3	-38.2
5737	3UNB_12	Z	A	0.0094339622641509	H	H	-69.0	-33.2
5738	3UNB_12	Z	I	0.0059171597633136	H	H	-69.5	-42.5
5739	3UNB_12	Z	A	0.0	H	H	-64.8	-38.5
5740	3UNB_12	Z	A	0.0377358490566037	H	H	-70.7	-37.7
5741	3UNB_12	Z	M	0.0	H	H	-69.0	-44.0
5742	3UNB_12	Z	L	0.0060975609756097	H	H	-56.7	-37.3
5743	3UNB_12	Z	S	0.1769230769230769	H	H	-57.6	-42.5
5744	3UNB_12	Z	T	0.1971830985915492	H	H	-73.8	-35.9
5745	3UNB_12	Z	I	0.059171597633136	H	H	-65.8	-39.2
5746	3UNB_12	Z	L	0.0	H	H	-74.6	-33.6
5747	3UNB_12	Z	Y	0.0585585585585585	H	H	-77.6	-23.1
5748	3UNB_12	Z	S	0.6692307692307692	T	C	-58.5	-29.3
5749	3UNB_12	Z	R	0.1935483870967742	T	C	-103.0	40.4
5750	3UNB_12	Z	R	0.1935483870967742	T	C	-57.7	-39.4
5751	3UNB_12	Z	F	0.4771573604060913	T	C	-98.3	-1.4
5752	3UNB_12	Z	F	0.2842639593908629	S	C	-140.2	69.4
5753	3UNB_12	Z	P	0.3161764705882353	-	C	-60.9	142.4
5754	3UNB_12	Z	Y	0.0495495495495495	-	C	-66.9	120.3
5755	3UNB_12	Z	Y	0.3513513513513513	-	C	-79.0	78.6
5756	3UNB_12	Z	V	0.0	E	E	-146.9	133.3
5757	3UNB_12	Z	Y	0.3243243243243243	E	E	-115.9	110.1
5758	3UNB_12	Z	N	0.019108280254777	E	E	-100.2	142.3
5759	3UNB_12	Z	I	0.0177514792899408	E	E	-133.9	120.2
5760	3UNB_12	Z	I	0.0	E	E	-98.7	134.7
5761	3UNB_12	Z	G	0.0	E	E	-132.8	142.5
5762	3UNB_12	Z	G	0.0	E	E	174.4	-154.2
5763	3UNB_12	Z	L	0.0609756097560975	E	E	-110.2	143.0
5764	3UNB_12	Z	D	0.1226993865030674	-	C	-87.0	-171.9
5765	3UNB_12	Z	E	0.7422680412371134	T	C	-71.7	-9.1
5766	3UNB_12	Z	E	0.7474226804123711	T	C	-110.2	9.6
5767	3UNB_12	Z	G	0.1785714285714285	S	C	81.8	6.9
5768	3UNB_12	Z	K	0.3560975609756097	-	C	-85.8	157.9
5769	3UNB_12	Z	G	0.1071428571428571	E	E	-69.6	134.9
5770	3UNB_12	Z	A	0.0094339622641509	E	E	-133.4	139.2
5771	3UNB_12	Z	V	0.0	E	E	-131.1	134.6
5772	3UNB_12	Z	Y	0.1306306306306306	E	E	-124.8	126.3
5773	3UNB_12	Z	S	0.0615384615384615	E	E	-107.5	140.5
5774	3UNB_12	Z	F	0.0812182741116751	E	E	-125.1	153.9
5775	3UNB_12	Z	D	0.2760736196319018	-	C	-104.8	176.2
5776	3UNB_12	Z	P	0.2205882352941176	T	C	-55.7	-32.0
5777	3UNB_12	Z	V	0.1619718309859155	T	C	-103.6	7.4
5778	3UNB_12	Z	G	0.0	-	C	107.5	-3.1
5779	3UNB_12	Z	S	0.2076923076923077	-	C	-62.4	125.7
5780	3UNB_12	Z	Y	0.2792792792792792	E	E	-146.7	155.7
5781	3UNB_12	Z	Q	0.1969696969696969	E	E	-151.8	163.0
5782	3UNB_12	Z	R	0.4516129032258064	E	E	-88.5	129.3
5783	3UNB_12	Z	D	0.1595092024539877	E	E	-138.7	171.1
5784	3UNB_12	Z	S	0.4538461538461538	S	C	-81.2	-33.8
5785	3UNB_12	Z	F	0.1218274111675127	E	E	-154.4	141.3
5786	3UNB_12	Z	K	0.1365853658536585	E	E	-151.8	148.2
5787	3UNB_12	Z	A	0.0754716981132075	E	E	-117.4	145.6
5788	3UNB_12	Z	G	0.1071428571428571	E	E	-149.2	126.0
5789	3UNB_12	Z	G	0.1547619047619047	E	E	138.0	-161.0
5790	3UNB_12	Z	S	0.1461538461538461	T	C	-63.4	-24.2
5791	3UNB_12	Z	A	0.0	T	C	-116.3	13.0
5792	3UNB_12	Z	S	0.2076923076923077	H	H	-61.1	-31.1
5793	3UNB_12	Z	A	0.0754716981132075	H	H	-71.4	-17.5
5794	3UNB_12	Z	M	0.0212765957446808	H	H	-94.3	-37.2
5795	3UNB_12	Z	L	0.0	H	H	-73.9	-43.7
5796	3UNB_12	Z	Q	0.0	H	H	-55.2	-50.3
5797	3UNB_12	Z	P	0.0	H	H	-61.7	-33.8
5798	3UNB_12	Z	L	0.0	H	H	-69.3	-41.6
5799	3UNB_12	Z	L	0.0	H	H	-63.9	-43.5
5800	3UNB_12	Z	D	0.0429447852760736	H	H	-57.8	-29.0
5801	3UNB_12	Z	N	0.0063694267515923	H	H	-84.5	-44.6
5802	3UNB_12	Z	Q	0.0959595959595959	H	H	-88.5	-46.5
5803	3UNB_12	Z	V	0.0845070422535211	T	C	-83.2	-39.4
5804	3UNB_12	Z	G	0.3452380952380952	S	C	-87.9	-7.9
5805	3UNB_12	Z	F	0.1319796954314721	-	C	53.7	24.0
5806	3UNB_12	Z	K	0.4390243902439024	T	C	-74.2	150.7
5807	3UNB_12	Z	N	0.2420382165605095	T	C	67.3	-3.8
5808	3UNB_12	Z	M	0.1968085106382978	-	C	-99.0	140.6
5809	3UNB_12	Z	Q	0.5404040404040404	S	C	-71.9	-63.0
5810	3UNB_12	Z	N	0.732484076433121	S	C	-129.6	78.6
5811	3UNB_12	Z	V	0.352112676056338	-	C	-129.9	118.4
5812	3UNB_12	Z	E	0.8144329896907216	-	C	-69.9	127.8
5813	3UNB_12	Z	H	0.7717391304347826	-	C	-64.0	90.2
5814	3UNB_12	Z	V	0.5492957746478874	P	P	-73.9	128.3
5815	3UNB_12	Z	P	0.6985294117647058	P	P	-58.0	141.7
5816	3UNB_12	Z	L	0.1890243902439024	P	P	-64.9	133.5
5817	3UNB_12	Z	T	0.5563380281690141	-	C	-104.1	155.3
5818	3UNB_12	Z	L	0.3841463414634146	H	H	-58.2	-41.2
5819	3UNB_12	Z	D	0.6196319018404908	H	H	-63.7	-47.1
5820	3UNB_12	Z	R	0.2459677419354838	H	H	-67.2	-36.8
5821	3UNB_12	Z	A	0.0	H	H	-69.2	-34.7
5822	3UNB_12	Z	M	0.0797872340425532	H	H	-69.3	-39.0
5823	3UNB_12	Z	R	0.3467741935483871	H	H	-68.4	-37.4
5824	3UNB_12	Z	L	0.0	H	H	-66.6	-41.5
5825	3UNB_12	Z	V	0.0070422535211267	H	H	-61.8	-48.3
5826	3UNB_12	Z	K	0.1658536585365853	H	H	-62.2	-40.5
5827	3UNB_12	Z	D	0.0061349693251533	H	H	-69.6	-39.4
5828	3UNB_12	Z	V	0.0211267605633802	H	H	-69.0	-36.2
5829	3UNB_12	Z	F	0.0	H	H	-71.2	-38.8
5830	3UNB_12	Z	I	0.1183431952662721	H	H	-59.8	-42.3
5831	3UNB_12	Z	S	0.0307692307692307	H	H	-66.3	-35.4
5832	3UNB_12	Z	A	0.0094339622641509	H	H	-71.0	-38.0
5833	3UNB_12	Z	A	0.0471698113207547	H	H	-63.7	-19.9
5834	3UNB_12	Z	E	0.0463917525773195	H	H	-75.5	-31.7
5835	3UNB_12	Z	R	0.0201612903225806	H	H	-116.0	-44.2
5836	3UNB_12	Z	D	0.0552147239263803	B	E	-81.4	128.5
5837	3UNB_12	Z	V	0.0211267605633802	T	C	-74.1	-25.6
5838	3UNB_12	Z	Y	0.1171171171171171	T	C	-79.1	-15.1
5839	3UNB_12	Z	T	0.0140845070422535	-	C	-105.6	131.3
5840	3UNB_12	Z	G	0.0	-	C	163.5	-155.6
5841	3UNB_12	Z	D	0.0	S	C	68.4	-76.0
5842	3UNB_12	Z	A	0.160377358490566	E	E	-151.4	154.4
5843	3UNB_12	Z	L	0.0060975609756097	E	E	-111.3	122.3
5844	3UNB_12	Z	R	0.1854838709677419	E	E	-99.5	132.1
5845	3UNB_12	Z	I	0.0	E	E	-123.2	124.4
5846	3UNB_12	Z	C	0.0296296296296296	E	E	-103.5	133.1
5847	3UNB_12	Z	I	0.0059171597633136	E	E	-120.5	121.3
5848	3UNB_12	Z	V	0.0	E	E	-107.0	122.8
5849	3UNB_12	Z	T	0.1267605633802817	-	C	-139.6	-165.4
5850	3UNB_12	Z	K	0.6292682926829268	S	C	-59.4	-37.2
5851	3UNB_12	Z	E	0.7577319587628866	S	C	-113.2	93.6
5852	3UNB_12	Z	G	0.3214285714285714	-	C	60.2	-161.3
5853	3UNB_12	Z	I	0.2307692307692307	E	E	-124.5	135.7
5854	3UNB_12	Z	R	0.4717741935483871	E	E	-111.0	150.5
5855	3UNB_12	Z	E	0.6237113402061856	E	E	-123.7	138.7
5856	3UNB_12	Z	E	0.3402061855670103	E	E	-138.9	143.2
5857	3UNB_12	Z	T	0.528169014084507	E	E	-132.7	122.5
5858	3UNB_12	Z	V	0.2535211267605634	E	E	-118.9	129.0
5859	3UNB_12	Z	P	0.7352941176470589	E	E	-67.4	152.9
5860	3UNB_12	Z	L	0.1036585365853658	-	C	-129.7	176.4
5861	3UNB_12	Z	R	0.1209677419354838	-	C	-52.7	137.3
5862	3UNB_12	Z	K	0.3951219512195122	-	C	-99.7	-2.0
5863	3UNB_12	Z	D	0.0245398773006134	-	C	-89.6	360.0
2723	3UNB_13	M	T	0.0211267605633802	-	C	360.0	124.8
2724	3UNB_13	M	Q	0.3484848484848485	-	C	-95.0	-43.6
2725	3UNB_13	M	N	0.6496815286624203	S	C	-122.1	107.5
2726	3UNB_13	M	P	0.2941176470588235	-	C	-64.8	144.4
2727	3UNB_13	M	M	0.2446808510638297	-	C	-108.3	-98.1
2728	3UNB_13	M	V	0.0140845070422535	E	E	-73.0	118.2
2729	3UNB_13	M	T	0.2676056338028169	E	E	-123.2	150.0
2730	3UNB_13	M	G	0.0714285714285714	E	E	-104.7	143.5
2731	3UNB_13	M	T	0.1549295774647887	-	C	-81.1	-133.9
2732	3UNB_13	M	S	0.023076923076923	-	C	-70.3	147.4
2733	3UNB_13	M	V	0.0	E	E	-129.3	125.9
2734	3UNB_13	M	L	0.0060975609756097	E	E	-102.1	165.4
2735	3UNB_13	M	G	0.0	E	E	-168.7	136.7
2736	3UNB_13	M	V	0.0	E	E	-149.2	138.0
2737	3UNB_13	M	K	0.2439024390243902	E	E	-80.4	138.0
2738	3UNB_13	M	F	0.0609137055837563	E	E	-123.8	-178.1
2739	3UNB_13	M	D	0.7852760736196319	T	C	-73.8	98.3
2740	3UNB_13	M	G	0.2738095238095238	T	C	101.1	22.4
2741	3UNB_13	M	G	0.0	E	E	160.9	-172.3
2742	3UNB_13	M	V	0.0	E	E	-136.8	153.7
2743	3UNB_13	M	V	0.0211267605633802	E	E	-130.8	127.6
2744	3UNB_13	M	I	0.0	E	E	-119.4	139.9
2745	3UNB_13	M	A	0.0	E	E	-133.2	145.5
2746	3UNB_13	M	A	0.0094339622641509	E	E	-156.1	139.4
2747	3UNB_13	M	D	0.0061349693251533	E	E	-72.6	160.2
2748	3UNB_13	M	M	0.0691489361702127	-	C	-98.3	44.9
2749	3UNB_13	M	L	0.0121951219512195	-	C	-116.3	135.6
2750	3UNB_13	M	G	0.0	E	E	-108.9	97.4
2751	3UNB_13	M	S	0.023076923076923	E	E	-82.4	126.8
2752	3UNB_13	M	Y	0.3288288288288288	E	E	-102.7	86.3
2753	3UNB_13	M	G	0.5595238095238095	T	C	74.1	-119.7
2754	3UNB_13	M	S	0.2461538461538461	T	C	-86.7	-30.9
2755	3UNB_13	M	L	0.0670731707317073	E	E	-64.4	129.5
2756	3UNB_13	M	A	0.0660377358490566	E	E	-86.9	82.3
2757	3UNB_13	M	R	0.1612903225806451	E	E	-80.0	-51.4
2758	3UNB_13	M	F	0.015228426395939	E	E	-106.1	102.1
2759	3UNB_13	M	R	0.0564516129032258	-	C	-90.4	0.3
2760	3UNB_13	M	N	0.3503184713375796	S	C	-144.0	66.0
2761	3UNB_13	M	I	0.029585798816568	-	C	-127.5	138.6
2762	3UNB_13	M	S	0.2538461538461538	-	C	-83.4	125.4
2763	3UNB_13	M	R	0.0080645161290322	-	C	-107.9	5.8
2764	3UNB_13	M	I	0.0118343195266272	E	E	-117.6	138.1
2765	3UNB_13	M	M	0.0585106382978723	E	E	-129.4	151.9
2766	3UNB_13	M	R	0.3991935483870967	E	E	-93.4	117.3
2767	3UNB_13	M	V	0.0422535211267605	E	E	-78.0	-63.3
2768	3UNB_13	M	N	0.0573248407643312	E	E	-143.9	-169.2
2769	3UNB_13	M	D	0.6380368098159509	T	C	-64.1	-21.4
2770	3UNB_13	M	S	0.1923076923076923	T	C	-111.2	-10.1
2771	3UNB_13	M	T	0.0	E	E	-137.8	149.5
2772	3UNB_13	M	M	0.0	E	E	-135.8	164.2
2773	3UNB_13	M	L	0.0	E	E	-142.8	134.6
2774	3UNB_13	M	G	0.0	E	E	-125.1	140.3
2775	3UNB_13	M	A	0.0377358490566037	E	E	-130.8	142.0
2776	3UNB_13	M	S	0.0461538461538461	E	E	-102.9	175.1
2777	3UNB_13	M	G	0.1785714285714285	E	E	76.6	-147.8
2778	3UNB_13	M	D	0.0061349693251533	E	E	-58.4	128.0
2779	3UNB_13	M	Y	0.0765765765765765	H	H	-79.6	-33.6
2780	3UNB_13	M	A	0.0377358490566037	H	H	-63.3	-37.6
2781	3UNB_13	M	D	0.0	H	H	-68.6	-34.5
2782	3UNB_13	M	F	0.015228426395939	H	H	-67.3	-42.6
2783	3UNB_13	M	Q	0.2171717171717171	H	H	-60.0	-35.9
2784	3UNB_13	M	Y	0.3963963963963964	H	H	-65.2	-44.4
2785	3UNB_13	M	L	0.0182926829268292	H	H	-66.9	-35.6
2786	3UNB_13	M	K	0.4390243902439024	H	H	-65.1	-33.8
2787	3UNB_13	M	Q	0.2626262626262626	H	H	-72.6	-45.1
2788	3UNB_13	M	V	0.2746478873239437	H	H	-69.2	-50.9
2789	3UNB_13	M	L	0.0060975609756097	H	H	-61.8	-34.2
2790	3UNB_13	M	G	0.3333333333333333	H	H	-56.1	-50.4
2791	3UNB_13	M	Q	0.0656565656565656	H	H	-64.1	-41.1
2792	3UNB_13	M	M	0.1276595744680851	H	H	-60.3	-38.9
2793	3UNB_13	M	V	0.0704225352112676	H	H	-69.6	-43.0
2794	3UNB_13	M	I	0.1183431952662721	H	H	-58.1	-47.2
2795	3UNB_13	M	D	0.3926380368098159	H	H	-56.5	-40.2
2796	3UNB_13	M	E	0.056701030927835	H	H	-66.3	-39.9
2797	3UNB_13	M	E	0.4432989690721649	H	H	-72.3	-22.6
2798	3UNB_13	M	L	0.0609756097560975	H	H	-62.8	-47.0
2799	3UNB_13	M	L	0.4024390243902439	H	H	-64.1	-49.2
2800	3UNB_13	M	G	0.7142857142857143	-	C	50.3	53.9
2801	3UNB_13	M	D	0.1840490797546012	S	C	-102.7	19.0
2802	3UNB_13	M	G	0.6309523809523809	S	C	81.1	5.3
2803	3UNB_13	M	H	0.092391304347826	-	C	-113.1	134.4
2804	3UNB_13	M	S	0.6230769230769231	-	C	-145.9	149.3
2805	3UNB_13	M	Y	0.1081081081081081	-	C	-58.3	126.8
2806	3UNB_13	M	S	0.3307692307692307	-	C	-80.4	163.6
2807	3UNB_13	M	P	0.0367647058823529	H	H	-52.2	-41.3
2808	3UNB_13	M	R	0.4556451612903225	H	H	-71.3	-28.6
2809	3UNB_13	M	A	0.0	H	H	-69.7	-41.0
2810	3UNB_13	M	I	0.0	H	H	-65.8	-45.8
2811	3UNB_13	M	H	0.0760869565217391	H	H	-58.8	-41.0
2812	3UNB_13	M	S	0.0615384615384615	H	H	-66.0	-43.3
2813	3UNB_13	M	W	0.1674008810572687	H	H	-63.3	-43.1
2814	3UNB_13	M	L	0.0	H	H	-65.9	-35.0
2815	3UNB_13	M	T	0.0352112676056338	H	H	-63.5	-44.2
2816	3UNB_13	M	R	0.0967741935483871	H	H	-65.1	-38.5
2817	3UNB_13	M	A	0.2075471698113207	H	H	-68.3	-47.2
2818	3UNB_13	M	M	0.0	H	H	-69.1	-35.5
2819	3UNB_13	M	Y	0.054054054054054	H	H	-71.7	-33.2
2820	3UNB_13	M	S	0.3846153846153846	H	H	-63.9	-41.0
2821	3UNB_13	M	R	0.189516129032258	H	H	-72.7	-36.2
2822	3UNB_13	M	R	0.0	H	H	-60.3	-42.1
2823	3UNB_13	M	S	0.2538461538461538	H	H	-74.8	-20.0
2824	3UNB_13	M	K	0.7073170731707317	T	C	-88.4	2.6
2825	3UNB_13	M	M	0.4202127659574468	T	C	59.5	21.7
2826	3UNB_13	M	N	0.3630573248407643	-	C	-130.5	76.7
2827	3UNB_13	M	P	0.0	-	C	-77.4	157.4
2828	3UNB_13	M	L	0.0304878048780487	-	C	-87.8	115.2
2829	3UNB_13	M	W	0.3083700440528634	-	C	-73.3	76.2
2830	3UNB_13	M	N	0.0063694267515923	E	E	-143.1	156.1
2831	3UNB_13	M	T	0.2112676056338028	E	E	-137.6	108.6
2832	3UNB_13	M	M	0.0	E	E	-93.8	152.6
2833	3UNB_13	M	V	0.0	E	E	-124.8	121.0
2834	3UNB_13	M	I	0.0	E	E	-108.8	128.0
2835	3UNB_13	M	G	0.0	E	E	-120.2	136.6
2836	3UNB_13	M	G	0.0	E	E	-149.7	159.2
2837	3UNB_13	M	Y	0.2252252252252252	E	E	-138.9	112.4
2838	3UNB_13	M	A	0.2924528301886792	E	E	-141.5	127.2
2839	3UNB_13	M	D	1.0	T	C	54.7	40.8
2840	3UNB_13	M	G	0.5595238095238095	T	C	79.2	-2.3
2841	3UNB_13	M	E	0.654639175257732	E	E	-98.6	136.5
2842	3UNB_13	M	S	0.2153846153846154	E	E	-95.2	130.4
2843	3UNB_13	M	F	0.0406091370558375	E	E	-120.9	137.0
2844	3UNB_13	M	L	0.0	E	E	-143.0	111.1
2845	3UNB_13	M	G	0.0	E	E	-113.3	157.2
2846	3UNB_13	M	Y	0.0675675675675675	E	E	-128.5	139.1
2847	3UNB_13	M	V	0.0	E	E	-137.0	128.1
2848	3UNB_13	M	D	0.0674846625766871	-	C	-81.6	169.2
2849	3UNB_13	M	M	0.202127659574468	S	C	-74.5	-11.2
2850	3UNB_13	M	L	0.0609756097560975	S	C	-96.1	-18.9
2851	3UNB_13	M	G	0.0	-	C	109.5	11.4
2852	3UNB_13	M	V	0.0	-	C	-74.9	118.5
2853	3UNB_13	M	A	0.0754716981132075	E	E	-135.4	143.8
2854	3UNB_13	M	Y	0.0855855855855855	E	E	-163.5	166.7
2855	3UNB_13	M	E	0.4123711340206185	E	E	-109.6	144.2
2856	3UNB_13	M	A	0.0660377358490566	-	C	-152.9	151.5
2857	3UNB_13	M	P	0.5367647058823529	S	C	-65.8	-31.1
2858	3UNB_13	M	S	0.0461538461538461	E	E	-133.5	140.9
2859	3UNB_13	M	L	0.0	E	E	-138.3	149.6
2860	3UNB_13	M	A	0.0471698113207547	E	E	-157.8	133.3
2861	3UNB_13	M	T	0.0070422535211267	-	C	-107.6	161.3
2862	3UNB_13	M	G	0.5238095238095238	T	C	55.9	-126.7
2863	3UNB_13	M	Y	0.2837837837837837	T	C	-68.7	-20.2
2864	3UNB_13	M	G	0.0	H	H	-63.0	-30.1
2865	3UNB_13	M	A	0.320754716981132	H	H	-67.7	-30.7
2866	3UNB_13	M	Y	0.5	H	H	-88.8	-32.3
2867	3UNB_13	M	L	0.0	H	H	-110.3	-51.2
2868	3UNB_13	M	A	0.0	H	H	-80.2	-44.9
2869	3UNB_13	M	Q	0.0454545454545454	H	H	-53.4	-45.0
2870	3UNB_13	M	P	0.0073529411764705	H	H	-54.0	-38.5
2871	3UNB_13	M	L	0.0121951219512195	H	H	-72.8	-38.5
2872	3UNB_13	M	L	0.0060975609756097	H	H	-62.1	-43.4
2873	3UNB_13	M	R	0.1532258064516129	H	H	-68.5	-41.2
2874	3UNB_13	M	E	0.2319587628865979	H	H	-71.1	-21.8
2875	3UNB_13	M	V	0.204225352112676	H	H	-82.1	-39.5
2876	3UNB_13	M	L	0.1341463414634146	H	H	-71.4	-21.9
2877	3UNB_13	M	E	0.788659793814433	H	H	-66.0	-46.3
2878	3UNB_13	M	K	0.697560975609756	H	H	-74.5	-41.4
2879	3UNB_13	M	Q	0.4292929292929293	-	C	-137.1	94.7
2880	3UNB_13	M	P	0.6985294117647058	S	C	-60.4	-43.3
2881	3UNB_13	M	V	0.7746478873239436	S	C	-98.0	119.0
2882	3UNB_13	M	L	0.048780487804878	-	C	-113.8	149.6
2883	3UNB_13	M	S	0.3615384615384615	-	C	-85.1	158.0
2884	3UNB_13	M	Q	0.4343434343434343	H	H	-53.1	-42.5
2885	3UNB_13	M	T	0.8028169014084507	H	H	-63.1	-44.2
2886	3UNB_13	M	E	0.3865979381443299	H	H	-68.7	-37.1
2887	3UNB_13	M	A	0.0	H	H	-67.8	-38.3
2888	3UNB_13	M	R	0.2177419354838709	H	H	-68.6	-44.8
2889	3UNB_13	M	E	0.5103092783505154	H	H	-68.3	-26.9
2890	3UNB_13	M	L	0.0060975609756097	H	H	-67.8	-44.5
2891	3UNB_13	M	V	0.0070422535211267	H	H	-61.9	-45.6
2892	3UNB_13	M	E	0.3144329896907216	H	H	-65.8	-31.5
2893	3UNB_13	M	R	0.1935483870967742	H	H	-66.8	-38.9
2894	3UNB_13	M	C	0.0074074074074074	H	H	-69.0	-38.2
2895	3UNB_13	M	M	0.0425531914893617	H	H	-63.8	-31.7
2896	3UNB_13	M	R	0.2459677419354838	H	H	-64.7	-44.5
2897	3UNB_13	M	V	0.0140845070422535	H	H	-63.4	-43.4
2898	3UNB_13	M	L	0.0060975609756097	H	H	-60.3	-41.8
2899	3UNB_13	M	Y	0.3018018018018018	H	H	-64.3	-32.8
2900	3UNB_13	M	Y	0.0225225225225225	H	H	-73.8	-36.1
2901	3UNB_13	M	R	0.0201612903225806	H	H	-118.3	-21.4
2902	3UNB_13	M	D	0.0122699386503067	B	E	-91.2	122.5
2903	3UNB_13	M	A	0.0283018867924528	T	C	-78.1	-18.1
2904	3UNB_13	M	R	0.25	T	C	-109.6	28.6
2905	3UNB_13	M	S	0.1076923076923077	-	C	-105.0	173.8
2906	3UNB_13	M	Y	0.1261261261261261	-	C	-148.6	144.4
2907	3UNB_13	M	N	0.197452229299363	S	C	-86.8	45.0
2908	3UNB_13	M	R	0.189516129032258	-	C	-145.5	102.2
2909	3UNB_13	M	F	0.0101522842639593	E	E	-129.7	168.8
2910	3UNB_13	M	Q	0.0909090909090909	E	E	-115.0	151.8
2911	3UNB_13	M	I	0.0	E	E	-121.4	118.3
2912	3UNB_13	M	A	0.0	E	E	-105.6	144.1
2913	3UNB_13	M	T	0.0704225352112676	E	E	-137.0	131.4
2914	3UNB_13	M	V	0.0	E	E	-99.1	142.1
2915	3UNB_13	M	T	0.2746478873239437	E	E	-163.1	-177.9
2916	3UNB_13	M	E	0.8144329896907216	T	C	-66.9	-27.6
2917	3UNB_13	M	K	0.8341463414634146	T	C	-63.7	-30.6
2918	3UNB_13	M	G	0.0833333333333333	E	E	128.1	-143.2
2919	3UNB_13	M	V	0.1901408450704225	E	E	-109.5	125.9
2920	3UNB_13	M	E	0.6237113402061856	E	E	-128.2	116.8
2921	3UNB_13	M	I	0.378698224852071	E	E	-97.9	118.2
2922	3UNB_13	M	E	0.2628865979381443	E	E	-86.8	141.3
2923	3UNB_13	M	G	0.5119047619047619	E	E	-59.2	-164.7
2924	3UNB_13	M	P	0.5808823529411765	E	E	-59.4	124.2
2925	3UNB_13	M	L	0.2865853658536585	E	E	-126.6	136.7
2926	3UNB_13	M	S	0.7	-	C	-118.5	135.5
2927	3UNB_13	M	A	0.0660377358490566	-	C	-84.5	144.1
2928	3UNB_13	M	Q	0.7878787878787878	-	C	-62.3	130.5
2929	3UNB_13	M	T	0.2676056338028169	-	C	-121.0	146.1
2930	3UNB_13	M	N	0.5159235668789809	-	C	-122.0	133.7
2931	3UNB_13	M	W	0.066079295154185	-	C	-128.5	32.1
2932	3UNB_13	M	D	0.4785276073619632	G	H	-68.0	-26.6
2933	3UNB_13	M	I	0.0532544378698224	G	H	-65.7	-3.0
2934	3UNB_13	M	A	0.0188679245283018	G	H	-70.3	-25.7
2935	3UNB_13	M	H	0.6086956521739131	S	C	-98.7	-19.5
2936	3UNB_13	M	M	0.3829787234042553	S	C	-89.9	65.2
2937	3UNB_13	M	I	0.2189349112426035	-	C	-126.5	-50.4
2938	3UNB_13	M	S	1.0	-	C	-69.0	360.0
