dssp_index,Protein_id,chain,aa,eight_hot_ss,three_hot_ss,rsa,phi,psi
1,1B41_1,A,D,-,C,0.8404907975460123,360.0,12.2
2,1B41_1,A,A,-,C,0.8207547169811321,-87.4,-23.7
3,1B41_1,A,E,T,C,0.1855670103092783,-85.4,-8.2
4,1B41_1,A,L,T,C,0.0975609756097561,-86.1,3.5
5,1B41_1,A,L,E,E,0.5365853658536586,-115.1,120.3
6,1B41_1,A,V,E,E,0.0704225352112676,-140.8,148.0
7,1B41_1,A,T,E,E,0.6619718309859155,-115.0,131.5
8,1B41_1,A,V,E,E,0.0492957746478873,-119.5,166.0
9,1B41_1,A,R,T,C,0.7782258064516129,-42.5,-29.7
10,1B41_1,A,G,T,C,0.2023809523809523,-79.0,-43.3
11,1B41_1,A,G,E,E,0.1428571428571428,167.5,-157.8
12,1B41_1,A,R,E,E,0.5362903225806451,-89.7,143.2
13,1B41_1,A,L,E,E,0.0060975609756097,-128.7,148.5
14,1B41_1,A,R,E,E,0.4112903225806452,-126.8,113.3
15,1B41_1,A,G,-,C,0.0476190476190476,-97.5,-151.2
16,1B41_1,A,I,E,E,0.2426035502958579,-153.1,149.1
17,1B41_1,A,R,E,E,0.4516129032258064,-95.6,143.5
18,1B41_1,A,L,E,E,0.1280487804878048,-113.5,137.7
19,1B41_1,A,K,-,C,0.6585365853658537,-75.7,148.3
20,1B41_1,A,T,-,C,0.1549295774647887,-150.1,145.3
21,1B41_1,A,P,T,C,0.6397058823529411,-55.8,-3.3
22,1B41_1,A,G,T,C,0.6071428571428571,-124.3,-14.5
23,1B41_1,A,G,-,C,0.2261904761904762,152.3,161.6
24,1B41_1,A,P,-,C,0.3161764705882353,-71.3,161.6
25,1B41_1,A,V,E,E,0.0070422535211267,-140.8,143.5
26,1B41_1,A,S,E,E,0.0,-92.7,127.5
27,1B41_1,A,A,E,E,0.0,-127.0,144.0
28,1B41_1,A,F,E,E,0.0,-127.9,106.3
29,1B41_1,A,L,E,E,0.048780487804878,-107.5,136.0
30,1B41_1,A,G,E,E,0.0476190476190476,83.7,34.8
31,1B41_1,A,I,E,E,0.0,-77.7,119.9
32,1B41_1,A,P,E,E,0.0808823529411764,-68.4,121.7
33,1B41_1,A,F,-,C,0.0253807106598984,-112.7,-5.6
34,1B41_1,A,A,B,E,0.0377358490566037,-144.9,158.0
35,1B41_1,A,E,-,C,0.1546391752577319,-75.2,130.1
36,1B41_1,A,P,-,C,0.2426470588235294,-48.2,128.1
37,1B41_1,A,P,-,C,0.0294117647058823,-75.8,50.2
38,1B41_1,A,M,-,C,0.4468085106382978,-82.7,155.8
39,1B41_1,A,G,G,H,0.3333333333333333,32.3,-110.8
40,1B41_1,A,P,G,H,0.7058823529411765,-48.6,-27.7
41,1B41_1,A,R,G,H,0.3306451612903225,-84.1,-21.5
42,1B41_1,A,R,T,C,0.0282258064516129,-48.7,131.3
43,1B41_1,A,F,T,C,0.015228426395939,83.8,-14.1
44,1B41_1,A,L,S,C,0.25,-90.5,153.9
45,1B41_1,A,P,P,P,0.3970588235294117,-55.5,154.5
46,1B41_1,A,P,P,P,0.1691176470588235,-75.7,150.8
47,1B41_1,A,E,-,C,0.4329896907216495,-109.4,140.2
48,1B41_1,A,P,B,E,0.6397058823529411,-52.9,139.6
49,1B41_1,A,K,P,P,0.3463414634146341,-64.7,125.3
50,1B41_1,A,Q,P,P,0.6313131313131313,-72.1,150.1
51,1B41_1,A,P,P,P,0.7794117647058824,-54.0,146.3
52,1B41_1,A,W,-,C,0.1806167400881057,-123.7,149.2
53,1B41_1,A,S,S,C,0.9384615384615383,-91.5,149.3
54,1B41_1,A,G,S,C,0.3809523809523809,82.2,-170.5
55,1B41_1,A,V,E,E,0.4788732394366197,-108.9,130.5
56,1B41_1,A,V,E,E,0.2535211267605634,-87.5,135.2
57,1B41_1,A,D,E,E,0.4539877300613497,-75.6,113.9
58,1B41_1,A,A,-,C,0.0,-122.3,51.9
59,1B41_1,A,T,S,C,0.2394366197183098,-102.6,-29.8
60,1B41_1,A,T,S,C,0.4859154929577465,-124.7,153.7
61,1B41_1,A,F,-,C,0.1624365482233502,-59.3,159.3
62,1B41_1,A,Q,-,C,0.3333333333333333,-101.1,-179.9
63,1B41_1,A,S,P,P,0.1461538461538461,-56.0,147.8
64,1B41_1,A,V,E,E,0.0,-86.0,139.2
65,1B41_1,A,C,E,E,0.0148148148148148,-62.0,135.1
66,1B41_1,A,Y,S,C,0.1801801801801801,-43.7,125.8
67,1B41_1,A,Q,-,C,0.0151515151515151,-158.3,169.0
68,1B41_1,A,Y,-,C,0.009009009009009,-75.1,143.8
69,1B41_1,A,V,-,C,0.0352112676056338,-104.5,115.3
70,1B41_1,A,D,-,C,0.0613496932515337,-67.3,108.1
71,1B41_1,A,T,-,C,0.0422535211267605,-113.7,30.5
72,1B41_1,A,L,S,C,0.0853658536585365,-52.7,-54.4
73,1B41_1,A,Y,S,C,0.063063063063063,-116.9,80.1
74,1B41_1,A,P,T,C,0.0808823529411764,-39.3,128.3
75,1B41_1,A,G,T,C,0.7142857142857143,74.1,2.1
76,1B41_1,A,F,-,C,0.1421319796954314,-82.5,146.8
77,1B41_1,A,E,H,H,0.4896907216494845,-82.0,-46.1
78,1B41_1,A,G,H,H,0.0,-59.2,-14.4
79,1B41_1,A,T,H,H,0.0140845070422535,-105.8,-34.8
80,1B41_1,A,E,H,H,0.3917525773195876,-83.3,-22.0
81,1B41_1,A,M,T,C,0.2659574468085106,-63.7,-8.1
82,1B41_1,A,W,T,C,0.2158590308370044,-108.1,-10.0
83,1B41_1,A,N,S,C,0.1273885350318471,-76.0,158.9
84,1B41_1,A,P,-,C,0.2058823529411764,-54.9,129.5
85,1B41_1,A,N,-,C,0.3057324840764331,-115.5,35.8
86,1B41_1,A,R,S,C,0.3911290322580645,-163.9,158.7
87,1B41_1,A,E,-,C,0.7680412371134021,-54.2,140.7
88,1B41_1,A,L,E,E,0.1707317073170731,-82.9,149.0
89,1B41_1,A,S,E,E,0.1692307692307692,-166.7,152.0
90,1B41_1,A,E,S,C,0.1701030927835051,-76.5,-20.6
91,1B41_1,A,D,-,C,0.2760736196319018,-85.7,86.8
92,1B41_1,A,C,-,C,0.0148148148148148,-138.4,2.7
93,1B41_1,A,L,-,C,0.0060975609756097,-81.0,91.2
94,1B41_1,A,Y,E,E,0.1216216216216216,-136.8,163.0
95,1B41_1,A,L,E,E,0.0,-140.6,169.2
96,1B41_1,A,N,E,E,0.0127388535031847,-132.2,146.6
97,1B41_1,A,V,E,E,0.0,-127.0,129.6
98,1B41_1,A,W,E,E,0.0,-116.4,111.6
99,1B41_1,A,T,E,E,0.0,-124.7,144.6
100,1B41_1,A,P,-,C,0.0147058823529411,-49.3,167.7
101,1B41_1,A,Y,S,C,0.4189189189189189,-138.1,121.2
102,1B41_1,A,P,S,C,0.5735294117647058,-68.6,161.3
103,1B41_1,A,R,-,C,0.2419354838709677,-57.0,127.0
104,1B41_1,A,P,-,C,0.1544117647058823,-44.6,141.4
105,1B41_1,A,T,S,C,1.0,-81.2,-37.1
106,1B41_1,A,S,S,C,0.6384615384615384,-108.5,158.1
107,1B41_1,A,P,-,C,0.6397058823529411,-59.6,121.3
108,1B41_1,A,T,E,E,0.1126760563380281,-109.0,138.3
109,1B41_1,A,P,E,E,0.1691176470588235,-47.3,146.4
110,1B41_1,A,V,E,E,0.0,-112.8,145.5
111,1B41_1,A,L,E,E,0.0182926829268292,-122.6,117.2
112,1B41_1,A,V,E,E,0.0070422535211267,-104.3,126.4
113,1B41_1,A,W,E,E,0.0,-105.0,130.0
114,1B41_1,A,I,E,E,0.0,-117.5,119.2
115,1B41_1,A,Y,-,C,0.0,-75.1,166.7
116,1B41_1,A,G,-,C,0.0238095238095238,-96.7,-163.5
117,1B41_1,A,G,S,C,0.238095238095238,125.3,26.7
118,1B41_1,A,G,T,C,0.0357142857142857,52.5,25.0
119,1B41_1,A,F,T,C,0.0,67.6,5.2
120,1B41_1,A,Y,T,C,0.0855855855855855,-118.8,-8.6
121,1B41_1,A,S,-,C,0.123076923076923,-151.1,174.0
122,1B41_1,A,G,-,C,0.0476190476190476,123.5,162.0
123,1B41_1,A,A,-,C,0.0,-168.9,144.7
124,1B41_1,A,S,T,C,0.023076923076923,-74.1,-11.8
125,1B41_1,A,S,T,C,0.0076923076923076,-92.6,9.2
126,1B41_1,A,L,-,C,0.0365853658536585,-69.4,138.9
127,1B41_1,A,D,G,H,0.5950920245398773,-52.4,-38.9
128,1B41_1,A,V,G,H,0.1056338028169014,-66.9,-7.2
129,1B41_1,A,Y,G,H,0.018018018018018,-112.2,24.7
130,1B41_1,A,D,-,C,0.1595092024539877,-74.6,113.9
131,1B41_1,A,G,-,C,0.0,-82.8,8.2
132,1B41_1,A,R,H,H,0.2298387096774193,-59.6,-47.7
133,1B41_1,A,F,H,H,0.0304568527918781,-66.4,-47.1
134,1B41_1,A,L,H,H,0.0,-57.0,-41.3
135,1B41_1,A,V,H,H,0.0,-69.9,-37.3
136,1B41_1,A,Q,H,H,0.2676767676767677,-71.0,-39.7
137,1B41_1,A,A,H,H,0.3773584905660377,-78.2,-46.6
138,1B41_1,A,E,H,H,0.0773195876288659,-100.5,5.4
139,1B41_1,A,R,-,C,0.4193548387096774,46.9,47.0
140,1B41_1,A,T,-,C,0.0070422535211267,-117.2,168.4
141,1B41_1,A,V,E,E,0.0,-91.9,140.9
142,1B41_1,A,L,E,E,0.0,-130.5,129.2
143,1B41_1,A,V,E,E,0.0070422535211267,-127.7,140.8
144,1B41_1,A,S,E,E,0.0076923076923076,-140.8,143.6
145,1B41_1,A,M,E,E,0.0,-134.1,154.8
146,1B41_1,A,N,-,C,0.019108280254777,-91.2,145.4
147,1B41_1,A,Y,-,C,0.0,-140.3,142.9
148,1B41_1,A,R,-,C,0.0362903225806451,-51.9,144.3
149,1B41_1,A,V,-,C,0.0,-133.7,175.6
150,1B41_1,A,G,H,H,0.0238095238095238,58.5,-158.4
151,1B41_1,A,A,H,H,0.0377358490566037,-51.4,-42.6
152,1B41_1,A,F,H,H,0.0456852791878172,-58.4,-29.6
153,1B41_1,A,G,H,H,0.0,-100.9,-32.3
154,1B41_1,A,F,H,H,0.015228426395939,-132.2,1.8
155,1B41_1,A,L,-,C,0.0182926829268292,-54.8,130.2
156,1B41_1,A,A,-,C,0.0188679245283018,-133.1,143.0
157,1B41_1,A,L,-,C,0.0,-125.3,72.6
158,1B41_1,A,P,T,C,0.125,-31.3,124.7
159,1B41_1,A,G,T,C,0.9523809523809524,100.1,-37.0
160,1B41_1,A,S,-,C,0.1153846153846153,-66.4,161.3
161,1B41_1,A,R,S,C,0.875,-99.1,-25.2
162,1B41_1,A,E,S,C,0.2268041237113402,-72.4,-36.3
163,1B41_1,A,A,S,C,0.0,-143.6,70.3
164,1B41_1,A,P,-,C,0.1985294117647058,-65.9,-32.0
165,1B41_1,A,G,S,C,0.0595238095238095,94.9,168.1
166,1B41_1,A,N,-,C,0.0127388535031847,57.2,20.3
167,1B41_1,A,V,H,H,0.0140845070422535,-66.9,-21.1
168,1B41_1,A,G,H,H,0.0,-67.1,-38.2
169,1B41_1,A,L,H,H,0.0,-70.3,-29.5
170,1B41_1,A,L,H,H,0.2378048780487804,-72.0,-28.4
171,1B41_1,A,D,H,H,0.0,-67.8,-52.5
172,1B41_1,A,Q,H,H,0.0,-48.5,-50.0
173,1B41_1,A,R,H,H,0.1451612903225806,-61.2,-46.3
174,1B41_1,A,L,H,H,0.1158536585365853,-57.4,-33.9
175,1B41_1,A,A,H,H,0.0094339622641509,-70.8,-36.4
176,1B41_1,A,L,H,H,0.0060975609756097,-67.7,-33.0
177,1B41_1,A,Q,H,H,0.4444444444444444,-71.5,-35.4
178,1B41_1,A,W,H,H,0.0837004405286343,-62.5,-36.2
179,1B41_1,A,V,H,H,0.0070422535211267,-66.0,-33.7
180,1B41_1,A,Q,H,H,0.3282828282828283,-67.3,-37.7
181,1B41_1,A,E,H,H,0.5824742268041238,-93.9,-19.4
182,1B41_1,A,N,H,H,0.0318471337579617,-116.0,-22.9
183,1B41_1,A,V,G,H,0.0,-53.1,-29.4
184,1B41_1,A,A,G,H,0.6320754716981132,-62.9,-27.8
185,1B41_1,A,A,G,H,0.3113207547169811,-61.6,-28.7
186,1B41_1,A,F,G,H,0.0,-102.1,14.1
187,1B41_1,A,G,T,C,0.1428571428571428,84.0,12.9
188,1B41_1,A,G,E,E,0.0238095238095238,-86.6,148.2
189,1B41_1,A,D,E,E,0.2024539877300613,-100.5,101.2
190,1B41_1,A,P,E,E,0.2205882352941176,-61.6,-9.5
191,1B41_1,A,T,E,E,0.6901408450704225,-93.2,4.8
192,1B41_1,A,S,E,E,0.1076923076923077,-145.7,73.5
193,1B41_1,A,V,E,E,0.0,-108.4,128.2
194,1B41_1,A,T,E,E,0.0,-120.4,123.0
195,1B41_1,A,L,E,E,0.0,-91.7,138.8
196,1B41_1,A,F,E,E,0.0,-142.6,139.4
197,1B41_1,A,G,E,E,0.0,-156.2,168.1
198,1B41_1,A,E,E,E,0.0309278350515463,-127.7,144.9
199,1B41_1,A,S,T,C,0.0615384615384615,59.3,-124.0
200,1B41_1,A,A,H,H,0.0,-60.2,-25.8
201,1B41_1,A,G,H,H,0.0,-69.4,-34.2
202,1B41_1,A,A,H,H,0.0,-71.2,-42.8
203,1B41_1,A,A,H,H,0.0,-57.3,-45.3
204,1B41_1,A,S,H,H,0.0,-58.3,-53.6
205,1B41_1,A,V,H,H,0.0,-46.3,-49.5
206,1B41_1,A,G,H,H,0.0119047619047619,-59.1,-38.4
207,1B41_1,A,M,H,H,0.0,-69.7,-32.5
208,1B41_1,A,H,H,H,0.0,-71.0,-26.5
209,1B41_1,A,L,H,H,0.024390243902439,-70.8,-34.7
210,1B41_1,A,L,S,C,0.1158536585365853,-94.1,1.9
211,1B41_1,A,S,-,C,0.0076923076923076,-112.3,103.9
212,1B41_1,A,P,G,H,0.6985294117647058,-34.7,-56.6
213,1B41_1,A,P,G,H,0.6470588235294118,-53.5,-31.0
214,1B41_1,A,S,G,H,0.0,-81.2,-17.0
215,1B41_1,A,R,G,H,0.3427419354838709,-55.8,-31.1
216,1B41_1,A,G,G,H,0.7142857142857143,-86.6,12.0
217,1B41_1,A,L,G,H,0.0975609756097561,-106.1,-1.9
218,1B41_1,A,F,-,C,0.0456852791878172,-161.0,173.9
219,1B41_1,A,H,S,C,0.3532608695652174,-131.9,-15.1
220,1B41_1,A,R,E,E,0.1290322580645161,-143.8,161.6
221,1B41_1,A,A,E,E,0.0,-143.9,145.2
222,1B41_1,A,V,E,E,0.0140845070422535,-130.9,123.6
223,1B41_1,A,L,E,E,0.0,-115.5,109.9
224,1B41_1,A,Q,E,E,0.0,-104.3,117.7
225,1B41_1,A,S,S,C,0.0,48.0,48.3
226,1B41_1,A,G,-,C,0.0,177.7,153.7
227,1B41_1,A,A,-,C,0.0188679245283018,-152.9,152.1
228,1B41_1,A,P,T,C,0.0073529411764705,-64.8,-15.9
229,1B41_1,A,N,T,C,0.1719745222929936,-98.4,15.5
230,1B41_1,A,G,S,C,0.0476190476190476,-74.5,152.7
231,1B41_1,A,P,T,C,0.3529411764705882,-64.4,-6.2
232,1B41_1,A,W,T,C,0.0220264317180616,-111.0,-20.0
233,1B41_1,A,A,T,C,0.0,-61.4,-28.0
234,1B41_1,A,T,-,C,0.2394366197183098,-145.8,167.4
235,1B41_1,A,V,E,E,0.1408450704225352,-137.4,157.0
236,1B41_1,A,G,E,E,0.4404761904761904,-85.6,162.8
237,1B41_1,A,M,H,H,0.4840425531914893,-52.4,-41.2
238,1B41_1,A,G,H,H,0.6190476190476191,-53.3,-73.9
239,1B41_1,A,E,H,H,0.2835051546391752,-48.5,-39.2
240,1B41_1,A,A,H,H,0.0471698113207547,-51.3,-53.4
241,1B41_1,A,R,H,H,0.3266129032258064,-79.7,-18.0
242,1B41_1,A,R,H,H,0.3911290322580645,-66.0,-44.6
243,1B41_1,A,R,H,H,0.1048387096774193,-68.7,-44.3
244,1B41_1,A,A,H,H,0.0,-60.4,-38.1
245,1B41_1,A,T,H,H,0.2957746478873239,-73.2,-36.6
246,1B41_1,A,Q,H,H,0.2575757575757575,-62.0,-46.8
247,1B41_1,A,L,H,H,0.0,-56.9,-48.1
248,1B41_1,A,A,H,H,0.0,-57.1,-44.9
249,1B41_1,A,H,H,H,0.625,-58.6,-57.6
250,1B41_1,A,L,H,H,0.4024390243902439,-51.4,-27.4
251,1B41_1,A,V,T,C,0.0845070422535211,-100.0,3.5
252,1B41_1,A,G,T,C,0.5714285714285714,90.9,21.0
253,1B41_1,A,C,-,C,0.0222222222222222,-119.7,135.3
254,1B41_1,A,P,-,C,0.8455882352941176,-79.0,360.0
256,1B41_1,A,N,-,C,0.9745222929936306,360.0,113.4
257,1B41_1,A,D,H,H,0.2576687116564417,-58.0,-50.8
258,1B41_1,A,T,H,H,0.5,-51.3,-48.8
259,1B41_1,A,E,H,H,0.2216494845360824,-59.2,-47.1
260,1B41_1,A,L,H,H,0.0548780487804878,-56.4,-51.0
261,1B41_1,A,V,H,H,0.0,-64.6,-48.8
262,1B41_1,A,A,H,H,0.4528301886792453,-47.9,-47.4
263,1B41_1,A,C,H,H,0.1703703703703703,-62.7,-48.9
264,1B41_1,A,L,H,H,0.0,-52.5,-38.2
265,1B41_1,A,R,T,C,0.2016129032258064,-68.3,-17.9
266,1B41_1,A,T,T,C,0.647887323943662,-88.9,-6.7
267,1B41_1,A,R,S,C,0.2661290322580645,-91.8,145.8
268,1B41_1,A,P,-,C,0.5735294117647058,-61.4,146.1
269,1B41_1,A,A,H,H,0.1320754716981132,-52.7,-45.9
270,1B41_1,A,Q,H,H,0.3232323232323232,-66.5,-28.3
271,1B41_1,A,V,H,H,0.3028169014084507,-66.1,-40.7
272,1B41_1,A,L,H,H,0.0121951219512195,-66.1,-47.4
273,1B41_1,A,V,H,H,0.0070422535211267,-60.9,-30.6
274,1B41_1,A,N,H,H,0.3375796178343949,-56.9,-40.7
275,1B41_1,A,H,H,H,0.2391304347826087,-101.7,7.7
276,1B41_1,A,E,T,C,0.0206185567010309,-51.2,-50.6
277,1B41_1,A,W,T,C,0.013215859030837,-73.3,-16.7
278,1B41_1,A,H,T,C,0.092391304347826,-61.9,-46.3
279,1B41_1,A,V,T,C,0.0,-62.5,-2.2
280,1B41_1,A,L,S,C,0.0182926829268292,-77.4,120.5
281,1B41_1,A,P,-,C,0.4485294117647059,-61.6,91.9
282,1B41_1,A,Q,S,C,0.2626262626262626,-11.5,164.3
283,1B41_1,A,E,S,C,0.5154639175257731,41.2,95.9
284,1B41_1,A,S,-,C,0.0153846153846153,-179.4,171.1
285,1B41_1,A,V,S,C,0.0140845070422535,-140.2,143.5
286,1B41_1,A,F,S,C,0.0203045685279187,72.3,47.2
287,1B41_1,A,R,-,C,0.1451612903225806,-144.1,137.0
288,1B41_1,A,F,-,C,0.0761421319796954,-126.1,144.6
289,1B41_1,A,S,S,C,0.0153846153846153,-55.5,-64.5
290,1B41_1,A,F,S,C,0.0355329949238578,-109.8,121.3
291,1B41_1,A,V,-,C,0.0211267605633802,-140.4,-175.8
292,1B41_1,A,P,-,C,0.0,-60.4,144.8
293,1B41_1,A,V,E,E,0.0211267605633802,-111.6,139.7
294,1B41_1,A,V,E,E,0.1197183098591549,-89.4,97.0
295,1B41_1,A,D,-,C,0.2269938650306748,-114.5,-8.1
296,1B41_1,A,G,S,C,0.4761904761904761,98.5,-20.9
297,1B41_1,A,D,S,C,0.8343558282208589,-83.8,-88.8
298,1B41_2,A,F,S,C,0.0558375634517766,-51.4,-42.5
299,1B41_2,A,L,S,C,0.0060975609756097,-123.2,112.6
300,1B41_2,A,S,S,C,0.6307692307692307,-67.4,-19.4
301,1B41_2,A,D,S,C,0.4662576687116564,-155.4,172.2
302,1B41_2,A,T,-,C,0.3873239436619718,-58.2,152.1
303,1B41_2,A,P,H,H,0.0294117647058823,-55.9,-37.1
304,1B41_2,A,E,H,H,0.5824742268041238,-60.8,-49.1
305,1B41_2,A,A,H,H,0.2452830188679245,-53.7,-49.4
306,1B41_2,A,L,H,H,0.1646341463414634,-63.2,-50.1
307,1B41_2,A,I,H,H,0.0118343195266272,-54.1,-21.7
308,1B41_2,A,N,H,H,0.3375796178343949,-96.1,-32.4
309,1B41_2,A,A,H,H,0.8301886792452831,-88.1,-19.2
310,1B41_2,A,G,-,C,0.3095238095238095,-69.5,153.0
311,1B41_2,A,D,-,C,0.6809815950920245,-108.2,115.8
312,1B41_2,A,F,-,C,0.0253807106598984,-104.9,21.9
313,1B41_2,A,H,-,C,0.6847826086956522,-59.6,152.8
314,1B41_2,A,G,S,C,0.9166666666666666,63.2,48.7
315,1B41_2,A,L,-,C,0.0426829268292682,-158.6,133.7
316,1B41_2,A,Q,E,E,0.2525252525252525,-116.8,133.3
317,1B41_2,A,V,E,E,0.0,-130.9,138.5
318,1B41_2,A,L,E,E,0.0,-116.8,116.6
319,1B41_2,A,V,E,E,0.0070422535211267,-124.6,156.4
320,1B41_2,A,G,E,E,0.0357142857142857,-178.0,167.2
321,1B41_2,A,V,E,E,0.0352112676056338,-134.1,176.1
322,1B41_2,A,V,E,E,0.0211267605633802,-106.0,159.8
323,1B41_2,A,K,T,C,0.5024390243902439,-45.4,-51.4
324,1B41_2,A,D,B,E,0.1165644171779141,-123.3,78.8
325,1B41_2,A,E,S,C,0.0206185567010309,-64.0,-35.8
326,1B41_2,A,G,S,C,0.0119047619047619,-78.0,-40.6
327,1B41_2,A,S,H,H,0.0076923076923076,-32.0,-60.8
328,1B41_2,A,Y,H,H,0.1531531531531531,-36.2,-58.5
329,1B41_2,A,F,H,H,0.065989847715736,-65.2,-25.6
330,1B41_2,A,L,H,H,0.0,-57.3,-32.2
331,1B41_2,A,V,T,C,0.0845070422535211,-71.1,2.8
332,1B41_2,A,Y,T,C,0.0495495495495495,-103.9,19.4
333,1B41_2,A,G,T,C,0.1666666666666666,159.8,-31.3
334,1B41_2,A,A,S,C,0.0377358490566037,-59.4,113.8
335,1B41_2,A,P,T,C,0.3529411764705882,-48.7,133.1
336,1B41_2,A,G,T,C,0.4404761904761904,83.2,0.2
337,1B41_2,A,F,-,C,0.0862944162436548,-100.0,141.1
338,1B41_2,A,S,-,C,0.1846153846153846,-169.3,161.3
339,1B41_2,A,K,S,C,0.1512195121951219,-89.0,-18.0
340,1B41_2,A,D,S,C,0.588957055214724,-78.5,-14.1
341,1B41_2,A,N,S,C,0.6114649681528662,-139.9,-163.9
342,1B41_2,A,E,-,C,0.654639175257732,-97.8,19.7
343,1B41_2,A,S,-,C,0.0,37.1,43.5
344,1B41_2,A,L,-,C,0.4634146341463415,-74.3,80.7
345,1B41_2,A,I,-,C,0.0059171597633136,-65.5,162.3
346,1B41_2,A,S,-,C,0.4,-100.9,153.8
347,1B41_2,A,R,H,H,0.1411290322580645,-46.1,-30.8
348,1B41_2,A,A,H,H,0.660377358490566,-68.3,-50.1
349,1B41_2,A,E,H,H,0.3247422680412371,-62.3,-43.0
350,1B41_2,A,F,H,H,0.0,-54.3,-54.2
351,1B41_2,A,L,H,H,0.3597560975609756,-58.9,-33.6
352,1B41_2,A,A,H,H,0.4622641509433962,-75.7,-33.4
353,1B41_2,A,G,H,H,0.0,-69.4,-26.5
354,1B41_2,A,V,H,H,0.0,-63.8,-31.1
355,1B41_2,A,R,H,H,0.3629032258064516,-75.9,-33.0
356,1B41_2,A,V,H,H,0.056338028169014,-76.6,-38.9
357,1B41_2,A,G,H,H,0.0,-77.5,-8.2
358,1B41_2,A,V,S,C,0.0352112676056338,-139.6,76.5
359,1B41_2,A,P,-,C,0.0955882352941176,-57.3,158.4
360,1B41_2,A,Q,S,C,0.6161616161616161,32.1,70.8
361,1B41_2,A,V,-,C,0.1830985915492957,-145.0,147.9
362,1B41_2,A,S,-,C,0.2923076923076923,-67.1,162.7
363,1B41_2,A,D,H,H,0.7361963190184049,-61.0,-37.3
364,1B41_2,A,L,H,H,0.6341463414634146,-69.8,-31.9
365,1B41_2,A,A,H,H,0.0,-66.8,-41.7
366,1B41_2,A,A,H,H,0.0566037735849056,-62.9,-48.0
367,1B41_2,A,E,H,H,0.5876288659793815,-56.6,-32.0
368,1B41_2,A,A,H,H,0.1698113207547169,-67.8,-33.9
369,1B41_2,A,V,H,H,0.0,-72.9,-52.3
370,1B41_2,A,V,H,H,0.028169014084507,-50.8,-42.5
371,1B41_2,A,L,H,H,0.6524390243902439,-57.6,-53.7
372,1B41_2,A,H,H,H,0.4184782608695652,-67.4,-38.5
373,1B41_2,A,Y,T,C,0.081081081081081,-91.4,14.1
374,1B41_2,A,T,-,C,0.0915492957746478,-108.1,136.4
375,1B41_2,A,D,-,C,0.3987730061349693,-90.8,104.9
376,1B41_2,A,W,T,C,0.6035242290748899,-74.5,5.1
377,1B41_2,A,L,T,C,0.7926829268292683,-102.9,-14.9
378,1B41_2,A,H,S,C,0.3532608695652174,-144.2,49.8
379,1B41_2,A,P,T,C,0.2867647058823529,-48.0,-28.7
380,1B41_2,A,E,T,C,0.6649484536082474,-106.6,-12.7
381,1B41_2,A,D,-,C,0.3374233128834356,-50.1,110.3
382,1B41_2,A,P,H,H,0.3529411764705882,-55.9,-36.7
383,1B41_2,A,A,H,H,0.3396226415094339,-63.4,-50.1
384,1B41_2,A,R,H,H,0.4435483870967742,-70.2,-35.4
385,1B41_2,A,L,H,H,0.0365853658536585,-64.8,-32.7
386,1B41_2,A,R,H,H,0.0725806451612903,-68.1,-46.2
387,1B41_2,A,E,H,H,0.3917525773195876,-71.9,-20.3
388,1B41_2,A,A,H,H,0.1037735849056603,-74.9,-47.0
389,1B41_2,A,L,H,H,0.0060975609756097,-68.4,-22.2
390,1B41_2,A,S,H,H,0.0769230769230769,-72.2,-45.7
391,1B41_2,A,D,H,H,0.294478527607362,-65.8,-40.8
392,1B41_2,A,V,H,H,0.0,-50.2,-59.1
393,1B41_2,A,V,H,H,0.0,-62.2,-45.0
394,1B41_2,A,G,H,H,0.0238095238095238,-61.1,-46.4
395,1B41_2,A,D,I,H,0.0184049079754601,-65.7,-46.7
396,1B41_2,A,H,I,H,0.1739130434782608,-61.9,-44.0
397,1B41_2,A,N,I,H,0.0063694267515923,-93.3,-21.1
398,1B41_2,A,V,I,H,0.0,-132.6,-63.9
399,1B41_2,A,V,I,H,0.0845070422535211,-54.1,-53.4
400,1B41_2,A,C,H,H,0.0,-70.2,-33.7
401,1B41_2,A,P,H,H,0.0441176470588235,-66.7,-43.3
402,1B41_2,A,V,H,H,0.0070422535211267,-62.7,-46.5
403,1B41_2,A,A,H,H,0.1132075471698113,-58.7,-34.2
404,1B41_2,A,Q,H,H,0.2676767676767677,-76.4,-46.3
405,1B41_2,A,L,H,H,0.0304878048780487,-56.1,-49.3
406,1B41_2,A,A,H,H,0.0,-53.2,-49.3
407,1B41_2,A,G,H,H,0.1547619047619047,-67.9,-35.5
408,1B41_2,A,R,H,H,0.3870967741935484,-71.3,-39.6
409,1B41_2,A,L,H,H,0.0,-65.0,-59.8
410,1B41_2,A,A,H,H,0.2075471698113207,-51.3,-43.6
411,1B41_2,A,A,H,H,0.6037735849056604,-71.1,-17.0
412,1B41_2,A,Q,T,C,0.1969696969696969,-113.6,31.4
413,1B41_2,A,G,T,C,0.2857142857142857,105.4,10.1
414,1B41_2,A,A,-,C,0.1509433962264151,-115.1,165.8
415,1B41_2,A,R,E,E,0.5403225806451613,-101.6,117.0
416,1B41_2,A,V,E,E,0.0070422535211267,-120.9,144.7
417,1B41_2,A,Y,E,E,0.018018018018018,-130.8,130.8
418,1B41_2,A,A,E,E,0.0094339622641509,-112.7,158.6
419,1B41_2,A,Y,E,E,0.0045045045045045,-157.4,156.4
420,1B41_2,A,V,E,E,0.1197183098591549,-132.1,100.6
421,1B41_2,A,F,E,E,0.0,-67.1,104.5
422,1B41_2,A,E,-,C,0.2474226804123711,-122.2,50.1
423,1B41_2,A,H,-,C,0.1358695652173913,-130.1,119.0
424,1B41_2,A,R,-,C,0.2661290322580645,-77.2,126.3
425,1B41_2,A,A,-,C,0.0188679245283018,-62.6,140.2
426,1B41_2,A,S,T,C,0.5615384615384615,-73.4,-12.4
427,1B41_2,A,T,T,C,0.3732394366197183,-96.6,-2.6
428,1B41_2,A,L,-,C,0.1219512195121951,-49.0,122.5
429,1B41_2,A,S,-,C,0.3,-87.6,-14.4
430,1B41_2,A,W,S,C,0.013215859030837,-75.1,147.3
431,1B41_2,A,P,-,C,0.1838235294117647,-51.3,149.8
432,1B41_2,A,L,G,H,0.823170731707317,-56.9,-30.6
433,1B41_2,A,W,G,H,0.118942731277533,-64.8,-26.1
434,1B41_2,A,M,G,H,0.0053191489361702,-74.9,-7.1
435,1B41_2,A,G,-,C,0.0833333333333333,60.8,-121.8
436,1B41_2,A,V,S,C,0.028169014084507,-106.5,86.0
437,1B41_2,A,P,B,E,0.0,-71.9,165.8
438,1B41_2,A,H,T,C,0.0706521739130434,-45.9,137.2
439,1B41_2,A,G,T,C,0.0238095238095238,65.5,19.8
440,1B41_2,A,Y,-,C,0.036036036036036,-106.3,16.0
441,1B41_2,A,E,S,C,0.0,-106.5,-11.6
442,1B41_2,A,I,H,H,0.0,-63.1,-53.0
443,1B41_2,A,E,H,H,0.0670103092783505,-49.2,-30.5
444,1B41_2,A,F,H,H,0.0,-83.9,-40.1
445,1B41_2,A,I,H,H,0.0,-58.2,-35.5
446,1B41_2,A,F,T,C,0.0050761421319796,-85.5,-1.7
447,1B41_2,A,G,T,C,0.0,69.4,31.5
448,1B41_2,A,I,G,H,0.0355029585798816,-60.2,-24.5
449,1B41_2,A,P,G,H,0.0,-62.8,-21.5
450,1B41_2,A,L,G,H,0.1524390243902439,-72.0,-18.3
451,1B41_2,A,D,-,C,0.2085889570552147,-70.3,122.8
452,1B41_2,A,P,T,C,0.6617647058823529,-62.1,-44.0
453,1B41_2,A,S,T,C,0.7307692307692307,-54.8,-15.9
454,1B41_2,A,R,S,C,0.3508064516129032,-99.4,161.3
455,1B41_2,A,N,-,C,0.8853503184713376,-110.4,38.6
456,1B41_2,A,Y,-,C,0.063063063063063,-71.3,161.2
457,1B41_2,A,T,-,C,0.3309859154929577,-79.4,156.0
458,1B41_2,A,A,H,H,0.6886792452830188,-54.5,-37.9
459,1B41_2,A,E,H,H,0.5618556701030928,-69.8,-35.0
460,1B41_2,A,E,H,H,0.0103092783505154,-70.1,-26.0
461,1B41_2,A,K,H,H,0.3317073170731707,-75.5,-34.2
462,1B41_2,A,I,H,H,0.6094674556213018,-70.3,-45.7
463,1B41_2,A,F,H,H,0.0203045685279187,-55.0,-54.1
464,1B41_2,A,A,H,H,0.0,-50.8,-43.0
465,1B41_2,A,Q,H,H,0.4595959595959596,-64.7,-44.9
466,1B41_2,A,R,H,H,0.2379032258064516,-57.6,-44.0
467,1B41_2,A,L,H,H,0.0,-64.0,-51.4
468,1B41_2,A,M,H,H,0.0,-54.1,-35.6
469,1B41_2,A,R,H,H,0.4314516129032258,-64.2,-46.8
470,1B41_2,A,Y,H,H,0.1216216216216216,-51.8,-58.2
471,1B41_2,A,W,H,H,0.0220264317180616,-52.8,-54.6
472,1B41_2,A,A,H,H,0.0,-58.4,-38.8
473,1B41_2,A,N,H,H,0.0,-63.4,-45.5
474,1B41_2,A,F,H,H,0.0050761421319796,-57.9,-46.3
475,1B41_2,A,A,H,H,0.0094339622641509,-57.3,-46.1
476,1B41_2,A,R,H,H,0.3266129032258064,-70.5,-51.4
477,1B41_2,A,T,H,H,0.4436619718309859,-107.9,-19.6
478,1B41_2,A,G,S,C,0.0357142857142857,90.0,15.9
479,1B41_2,A,D,-,C,0.2699386503067484,-149.5,123.8
480,1B41_2,A,P,S,C,0.0,-55.3,-50.2
481,1B41_2,A,N,S,C,0.1210191082802547,-79.5,153.3
482,1B41_2,A,E,-,C,0.3762886597938144,-36.8,97.0
483,1B41_2,A,P,-,C,0.75,-83.8,360.0
485,1B41_2,A,P,-,C,0.4926470588235294,360.0,-164.8
486,1B41_2,A,K,-,C,0.9317073170731708,-106.9,13.4
487,1B41_2,A,A,S,C,0.5,-97.1,147.7
488,1B41_2,A,P,-,C,0.5514705882352942,-41.7,134.9
489,1B41_2,A,Q,-,C,0.4747474747474747,-95.9,135.4
490,1B41_2,A,W,-,C,0.0176211453744493,-89.5,110.2
491,1B41_2,A,P,P,P,0.1911764705882352,-82.4,157.1
492,1B41_2,A,P,P,P,0.3308823529411764,-70.3,140.8
493,1B41_2,A,Y,P,P,0.0405405405405405,-77.7,121.2
494,1B41_2,A,T,-,C,0.4154929577464789,-113.4,151.5
495,1B41_2,A,A,T,C,0.4339622641509434,-63.3,-27.2
496,1B41_2,A,G,T,C,0.6666666666666666,-70.9,-78.0
497,1B41_2,A,A,T,C,0.2735849056603773,-72.9,-25.5
498,1B41_2,A,Q,-,C,0.2878787878787879,53.8,53.8
499,1B41_2,A,Q,E,E,0.2979797979797979,-87.4,140.6
500,1B41_2,A,Y,E,E,0.1306306306306306,-151.6,168.9
501,1B41_2,A,V,E,E,0.0,-123.2,152.4
502,1B41_2,A,S,E,E,0.0,-87.8,141.5
503,1B41_2,A,L,E,E,0.0,-116.1,88.3
504,1B41_2,A,D,S,C,0.1411042944785276,-133.9,-169.1
505,1B41_2,A,L,S,C,0.3719512195121951,-61.5,-37.3
506,1B41_2,A,R,S,C,0.7620967741935484,-62.2,168.3
507,1B41_2,A,P,P,P,0.6397058823529411,-70.5,170.4
508,1B41_2,A,L,P,P,0.1036585365853658,-58.3,126.6
509,1B41_2,A,E,E,E,0.4690721649484536,-118.3,125.3
510,1B41_2,A,V,E,E,0.4154929577464789,-85.8,139.7
511,1B41_2,A,R,E,E,0.2540322580645161,-138.6,153.1
512,1B41_2,A,R,E,E,0.4838709677419355,-105.5,159.5
513,1B41_2,A,G,-,C,0.2261904761904762,68.3,120.8
514,1B41_2,A,L,S,C,0.0609756097560975,-109.5,70.0
515,1B41_2,A,R,S,C,0.3669354838709677,67.2,37.2
516,1B41_2,A,A,H,H,0.3018867924528302,-49.6,-55.5
517,1B41_2,A,Q,H,H,0.803030303030303,-57.5,-46.8
518,1B41_2,A,A,H,H,0.0094339622641509,-66.4,-49.1
519,1B41_2,A,C,H,H,0.0666666666666666,-61.8,-18.1
520,1B41_2,A,A,H,H,0.3396226415094339,-69.8,-36.8
521,1B41_2,A,F,I,H,0.1015228426395939,-61.5,-59.1
522,1B41_2,A,W,I,H,0.066079295154185,-58.3,-47.7
523,1B41_2,A,N,I,H,0.2993630573248407,-89.2,-27.6
524,1B41_2,A,R,I,H,0.7137096774193549,-105.7,-55.7
525,1B41_2,A,F,I,H,0.5380710659898477,-76.8,-59.2
526,1B41_2,A,L,H,H,0.0975609756097561,-39.9,-44.5
527,1B41_2,A,P,H,H,0.4411764705882353,-55.8,-45.8
528,1B41_2,A,K,H,H,0.6829268292682927,-65.6,-40.8
529,1B41_2,A,L,H,H,0.1158536585365853,-61.0,-49.8
530,1B41_2,A,L,H,H,0.3963414634146341,-62.6,-46.0
531,1B41_2,A,S,H,H,0.8076923076923077,-57.6,-37.9
532,1B41_2,A,A,T,C,0.7735849056603774,-79.5,3.2
533,1B41_2,A,T,-,C,0.7887323943661971,-148.3,360.0
535,1B41_2,B,T,-,C,0.2394366197183098,360.0,148.9
536,1B41_2,B,M,E,E,0.4148936170212766,-90.1,102.0
537,1B41_2,B,C,E,E,0.0,-118.7,175.1
538,1B41_2,B,Y,E,E,0.1171171171171171,-85.2,156.7
539,1B41_2,B,S,E,E,0.3153846153846154,-151.4,136.0
540,1B41_2,B,H,B,E,0.0543478260869565,176.2,171.8
541,1B41_2,B,T,-,C,0.3873239436619718,-117.9,-166.1
542,1B41_2,B,T,T,C,0.0352112676056338,-73.4,-19.8
543,1B41_2,B,T,T,C,0.1549295774647887,-121.8,21.5
544,1B41_2,B,S,S,C,0.3153846153846154,-132.7,151.5
545,1B41_2,B,R,-,C,0.8024193548387096,-79.5,141.4
546,1B41_2,B,A,-,C,0.1698113207547169,-60.6,131.1
547,1B41_2,B,I,E,E,0.5976331360946746,-131.4,163.1
548,1B41_2,B,L,E,E,0.4451219512195122,-82.8,151.0
549,1B41_2,B,T,E,E,0.3098591549295774,-152.6,154.8
550,1B41_2,B,N,E,E,0.6942675159235668,-98.1,104.2
551,1B41_2,B,C,-,C,0.0444444444444444,-78.3,-26.1
552,1B41_2,B,G,T,C,0.2738095238095238,78.8,-132.5
553,1B41_2,B,E,T,C,0.9690721649484536,-80.1,-17.8
554,1B41_2,B,N,S,C,0.6305732484076433,-67.6,167.4
555,1B41_2,B,S,-,C,0.2230769230769231,-91.9,-174.3
556,1B41_2,B,C,E,E,0.0,-125.6,170.7
557,1B41_2,B,Y,E,E,0.2117117117117117,-144.0,161.7
558,1B41_2,B,R,E,E,0.125,-136.4,100.7
559,1B41_2,B,K,E,E,0.3073170731707317,-87.9,123.6
560,1B41_2,B,S,E,E,0.0076923076923076,-139.1,173.7
561,1B41_2,B,R,E,E,0.0120967741935483,-78.2,137.0
562,1B41_2,B,R,S,C,0.3629032258064516,-62.1,-55.8
563,1B41_2,B,H,S,C,0.3097826086956521,-97.3,157.0
564,1B41_2,B,P,S,C,0.0294117647058823,-60.7,143.7
565,1B41_2,B,P,S,C,0.0367647058823529,-69.2,133.7
566,1B41_2,B,K,-,C,0.3853658536585366,-90.8,57.5
567,1B41_2,B,M,-,C,0.026595744680851,-57.0,135.0
568,1B41_2,B,V,E,E,0.0,-76.4,127.3
569,1B41_2,B,L,E,E,0.073170731707317,-101.6,-14.7
570,1B41_2,B,G,E,E,0.0476190476190476,163.2,149.6
571,1B41_2,B,R,E,E,0.0040322580645161,-134.1,162.1
572,1B41_2,B,G,E,E,0.0238095238095238,169.7,-159.8
573,1B41_2,B,C,E,E,0.3925925925925926,-95.4,150.3
574,1B41_2,B,G,S,C,0.2619047619047619,96.4,-179.9
575,1B41_2,B,C,-,C,0.6,-136.6,84.8
576,1B41_2,B,P,-,C,0.2941176470588235,-81.2,156.0
577,1B41_2,B,P,-,C,0.8382352941176471,-67.4,150.6
578,1B41_2,B,G,-,C,0.4285714285714285,-110.0,-155.4
579,1B41_2,B,D,-,C,0.6196319018404908,-166.2,-169.5
580,1B41_2,B,D,S,C,0.7361963190184049,-55.0,-42.1
581,1B41_2,B,N,S,C,0.2420382165605095,-98.6,-12.8
582,1B41_2,B,L,E,E,0.1951219512195122,-110.5,112.4
583,1B41_2,B,E,E,E,0.2268041237113402,-99.7,132.3
584,1B41_2,B,V,E,E,0.2394366197183098,-120.9,126.9
585,1B41_2,B,K,E,E,0.5073170731707317,-115.9,126.6
586,1B41_2,B,C,E,E,0.3777777777777777,-108.5,165.1
587,1B41_2,B,C,E,E,0.2074074074074074,-166.0,173.7
588,1B41_2,B,T,-,C,0.4859154929577465,-149.1,-66.8
589,1B41_2,B,S,T,C,0.8461538461538461,-46.6,-65.6
590,1B41_2,B,P,T,C,0.6985294117647058,-36.7,-42.2
591,1B41_2,B,D,S,C,0.4539877300613497,73.0,104.8
592,1B41_2,B,K,S,C,0.4829268292682926,82.3,23.7
593,1B41_2,B,C,T,C,0.2148148148148148,-77.5,-27.2
594,1B41_2,B,N,T,C,0.0254777070063694,-69.4,12.1
595,1B41_2,B,Y,-,C,0.4144144144144144,-72.0,360.0
