dssp_index,Protein_id,chain,aa,rsa,eight_hot_ss,three_hot_ss,phi,psi,test_interaction_score
1,1SXJ_1,A,D,0.6257668711656442,-,C,360.0,-53.5,0.7786245284324038
2,1SXJ_1,A,K,0.5073170731707317,-,C,-81.7,161.4,0.5182845257758442
3,1SXJ_1,A,L,0.0914634146341463,-,C,-61.2,156.1,0.016538851998171955
4,1SXJ_1,A,W,0.066079295154185,H,H,-72.1,-37.4,0.012878841077534241
5,1SXJ_1,A,T,0.2323943661971831,H,H,-57.8,-24.2,0.06440108838643747
6,1SXJ_1,A,V,0.3732394366197183,H,H,-79.8,-66.9,0.21966740360480913
7,1SXJ_1,A,K,0.5024390243902439,H,H,-53.7,-25.6,0.5060972587151367
8,1SXJ_1,A,Y,0.1261261261261261,T,C,-109.7,32.8,0.023231541276603825
9,1SXJ_1,A,A,0.4056603773584906,-,C,-85.1,132.8,0.2802148314297909
10,1SXJ_1,A,P,0.2426470588235294,-,C,-40.1,148.2,0.07086157461405479
11,1SXJ_1,A,T,0.704225352112676,S,C,-124.2,-8.1,0.8851625368737345
12,1SXJ_1,A,N,0.4076433121019108,S,C,-152.5,148.4,0.28423167592158405
13,1SXJ_1,A,L,0.1463414634146341,G,H,-55.4,-9.5,0.028289000901214872
14,1SXJ_1,A,Q,0.8737373737373737,G,H,-81.8,24.2,0.9767374641691144
15,1SXJ_1,A,Q,0.3131313131313131,G,H,-149.5,15.1,0.13369373589385355
16,1SXJ_1,A,V,0.0633802816901408,-,C,-95.2,98.1,0.012540189102350632
17,1SXJ_1,A,C,0.1703703703703703,-,C,-60.4,99.2,0.03569846687214482
18,1SXJ_1,A,G,0.1309523809523809,S,C,104.8,179.1,0.024352277826418717
19,1SXJ_1,A,N,0.1210191082802547,-,C,49.9,7.0,0.022100451461914118
20,1SXJ_1,A,K,0.7707317073170732,H,H,-37.9,-33.7,0.9374570295046838
21,1SXJ_1,A,G,0.7023809523809523,H,H,-67.0,-47.7,0.8832743478140029
22,1SXJ_1,A,S,0.1692307692307692,H,H,-69.9,-35.2,0.035308238585455606
23,1SXJ_1,A,V,0.056338028169014,H,H,-60.3,-42.5,0.011697430207376304
24,1SXJ_1,A,M,0.4787234042553192,H,H,-60.7,-56.6,0.4470082684206085
25,1SXJ_1,A,K,0.3317073170731707,H,H,-47.2,-33.6,0.1567082972994491
26,1SXJ_1,A,L,0.0,H,H,-73.3,-64.4,0.0066928509242848554
27,1SXJ_1,A,K,0.3024390243902439,H,H,-45.7,-43.7,0.12178761902387682
28,1SXJ_1,A,N,0.4394904458598726,H,H,-57.1,-63.4,0.3531787813209211
29,1SXJ_1,A,W,0.0044052863436123,H,H,-41.4,-45.9,0.006992173201462033
30,1SXJ_1,A,L,0.0,H,H,-69.6,-13.7,0.0066928509242848554
31,1SXJ_1,A,A,0.4716981132075472,H,H,-89.1,-54.3,0.4297138162866601
32,1SXJ_1,A,N,0.5859872611464968,T,C,-75.6,14.3,0.7026340385418175
33,1SXJ_1,A,W,0.0044052863436123,H,H,-65.1,-50.6,0.006992173201462033
34,1SXJ_1,A,E,0.2886597938144329,H,H,-52.2,-45.2,0.10780101973066501
35,1SXJ_1,A,N,0.6496815286624203,H,H,-67.9,-49.5,0.8170990070128783
36,1SXJ_1,A,S,0.0769230769230769,H,H,-48.7,-37.2,0.014332784805640396
37,1SXJ_1,A,K,0.3317073170731707,H,H,-69.4,-55.4,0.1567082972994491
38,1SXJ_1,A,K,0.8292682926829268,H,H,-45.3,-36.3,0.9641769372873589
39,1SXJ_1,A,N,0.4394904458598726,T,C,-97.1,20.6,0.3531787813209211
40,1SXJ_1,A,S,0.6,T,C,57.0,26.6,0.7310585786300049
41,1SXJ_1,A,F,0.0710659898477157,T,C,51.4,33.4,0.013528443444850454
42,1SXJ_1,A,K,0.824390243902439,-,C,-111.8,8.5,0.9624533861881601
43,1SXJ_1,A,H,0.6630434782608695,-,C,-114.8,81.5,0.8362291909297633
44,1SXJ_1,A,A,0.5471698113207547,-,C,-63.3,96.5,0.6157855981823014
45,1SXJ_1,A,G,0.5476190476190477,-,C,-53.2,-171.4,0.6168479085925308
46,1SXJ_1,A,K,1.0,T,C,-65.5,0.6,0.9933071490757153
47,1SXJ_1,A,D,0.4785276073619632,T,C,-116.5,-19.0,0.4465243247727619
48,1SXJ_1,A,G,0.2738095238095238,S,C,90.2,-25.9,0.094327519661927
49,1SXJ_1,A,S,0.0615384615384615,T,C,-71.6,60.9,0.012314153518757795
50,1SXJ_1,A,G,0.0476190476190476,T,C,-145.5,-13.0,0.010731212465450798
51,1SXJ_1,A,V,0.3873239436619718,S,C,-108.2,13.2,0.2447594228086944
52,1SXJ_1,A,F,0.2436548223350254,-,C,-119.3,119.8,0.07152796454207552
53,1SXJ_1,A,R,0.2943548387096774,S,C,-64.8,-45.0,0.11340210313340096
54,1SXJ_1,A,A,0.0,E,E,-126.4,155.5,0.0066928509242848554
55,1SXJ_1,A,A,0.0,E,E,-106.7,145.9,0.0066928509242848554
56,1SXJ_1,A,M,0.0,E,E,-119.3,98.7,0.0066928509242848554
57,1SXJ_1,A,L,0.0,E,E,-81.1,146.4,0.0066928509242848554
58,1SXJ_1,A,Y,0.1711711711711711,E,E,-159.0,153.1,0.035975162543104795
59,1SXJ_1,A,G,0.0476190476190476,-,C,157.7,173.4,0.010731212465450798
60,1SXJ_1,A,P,0.1102941176470588,S,C,-54.7,170.0,0.019897582663597976
61,1SXJ_1,A,P,0.088235294117647,T,C,-65.5,145.8,0.01602190071775948
62,1SXJ_1,A,G,0.1071428571428571,T,C,46.6,55.2,0.019292242724332255
63,1SXJ_1,A,I,0.0236686390532544,S,C,-121.6,5.2,0.008465005223470613
64,1SXJ_1,A,G,0.1904761904761904,S,C,105.3,1.8,0.0433041067580565
65,1SXJ_1,A,K,0.0536585365853658,H,H,-55.2,-57.4,0.011391683584051352
66,1SXJ_1,A,T,0.1901408450704225,H,H,-62.2,-29.9,0.04316538955231333
67,1SXJ_1,A,T,0.3309859154929577,H,H,-72.5,-45.2,0.15575731852487998
68,1SXJ_1,A,A,0.0,H,H,-59.8,-60.9,0.0066928509242848554
69,1SXJ_1,A,A,0.0,H,H,-44.9,-50.3,0.0066928509242848554
70,1SXJ_1,A,H,0.1902173913043478,H,H,-64.0,-49.4,0.043197015841859705
71,1SXJ_1,A,L,0.0792682926829268,H,H,-60.7,-48.0,0.014667903409595414
72,1SXJ_1,A,V,0.0,H,H,-59.4,-31.7,0.0066928509242848554
73,1SXJ_1,A,A,0.0,H,H,-72.9,-49.1,0.0066928509242848554
74,1SXJ_1,A,Q,0.5656565656565656,H,H,-66.5,-20.6,0.6584884894025207
75,1SXJ_1,A,E,0.3917525773195876,H,H,-79.5,-32.9,0.2530380778361336
76,1SXJ_1,A,L,0.2317073170731707,T,C,-91.4,21.0,0.06398835348420835
77,1SXJ_1,A,G,0.3809523809523809,T,C,73.1,-13.4,0.23317378030154548
78,1SXJ_1,A,Y,0.045045045045045,-,C,-59.7,160.7,0.010461368234442287
79,1SXJ_1,A,D,0.1656441717791411,E,E,-99.7,149.9,0.034106740997753696
80,1SXJ_1,A,I,0.1834319526627219,E,E,-104.8,135.3,0.04047785061475503
81,1SXJ_1,A,L,0.024390243902439,E,E,-127.4,102.9,0.008525787363087997
82,1SXJ_1,A,E,0.2577319587628865,E,E,-116.3,159.5,0.08145947162105958
83,1SXJ_1,A,Q,0.1515151515151515,E,E,-146.9,161.1,0.029746425384074193
84,1SXJ_1,A,N,0.0254777070063694,-,C,-155.7,-171.9,0.00861820471145469
85,1SXJ_1,A,A,0.0,T,C,-60.7,-21.3,0.0066928509242848554
86,1SXJ_1,A,S,0.0615384615384615,T,C,-76.1,-9.5,0.012314153518757795
87,1SXJ_1,A,D,0.2085889570552147,S,C,-102.8,158.3,0.05146042583810005
88,1SXJ_1,A,V,0.4154929577464789,-,C,-90.0,110.2,0.300467970230354
89,1SXJ_1,A,R,0.0,-,C,-113.3,51.6,0.0066928509242848554
90,1SXJ_1,A,S,0.1461538461538461,-,C,-77.1,159.6,0.028237472910683816
91,1SXJ_1,A,K,0.5365853658536586,H,H,-51.6,-43.6,0.5904566975056744
92,1SXJ_1,A,T,0.7816901408450704,H,H,-57.5,-63.1,0.943582340357159
93,1SXJ_1,A,L,0.5548780487804879,H,H,-61.2,-36.2,0.6338526086053397
94,1SXJ_1,A,L,0.0060975609756097,H,H,-55.9,-48.1,0.007110658312633755
95,1SXJ_1,A,N,0.2611464968152866,H,H,-74.7,-13.1,0.08405114604008351
96,1SXJ_1,A,A,0.4716981132075472,H,H,-106.2,-1.0,0.4297138162866601
97,1SXJ_1,A,G,0.2619047619047619,T,C,-122.8,-103.7,0.08463675237262304
98,1SXJ_1,A,V,0.0422535211267605,G,H,-50.8,-33.2,0.010176305745842766
99,1SXJ_1,A,K,0.3951219512195122,G,H,-45.2,-33.8,0.2594593493852768
100,1SXJ_1,A,N,0.0700636942675159,G,H,-74.8,-17.3,0.013395332988645342
101,1SXJ_1,A,A,0.0,G,H,-100.0,-4.3,0.0066928509242848554
102,1SXJ_1,A,L,0.073170731707317,T,C,-59.0,-27.6,0.013812225342486025
103,1SXJ_1,A,D,0.3190184049079754,T,C,-129.8,32.4,0.14066037120109526
104,1SXJ_1,A,N,0.0,B,E,-120.6,168.8,0.0066928509242848554
105,1SXJ_1,A,M,0.1063829787234042,-,C,-118.0,160.5,0.01914899726699987
106,1SXJ_1,A,S,0.0,-,C,-66.7,127.1,0.0066928509242848554
107,1SXJ_1,A,V,0.0,S,C,-73.5,-23.8,0.0066928509242848554
108,1SXJ_1,A,V,0.0140845070422535,T,C,-80.7,-25.9,0.007697327911577559
109,1SXJ_1,A,G,0.0119047619047619,T,C,-61.3,-11.1,0.007532611340759874
110,1SXJ_1,A,Y,0.1531531531531531,T,C,-95.5,-52.2,0.03022283750138487
111,1SXJ_1,A,F,0.182741116751269,T,C,-69.9,11.2,0.040210384279065835
112,1SXJ_1,A,K,0.551219512195122,T,C,-117.2,-15.0,0.6253209211493886
113,1SXJ_1,A,H,0.7228260869565217,-,C,-96.3,360.0,0.9027587957367281
115,1SXJ_1,A,Q,1.0,-,C,360.0,114.0,0.9933071490757153
116,1SXJ_1,A,N,0.5095541401273885,-,C,-90.2,131.2,0.5238671977812154
117,1SXJ_1,A,L,0.8170731707317073,S,C,-99.7,-13.2,0.9597178815111688
118,1SXJ_1,A,N,0.1910828025477707,S,C,-125.2,-10.4,0.04355611661896666
119,1SXJ_1,A,G,0.119047619047619,T,C,-37.6,-30.2,0.021678363260693712
120,1SXJ_1,A,K,0.2731707317073171,T,C,-100.9,28.7,0.09378321296871357
121,1SXJ_1,A,H,0.2119565217391304,S,C,-134.5,150.5,0.05312925973860954
122,1SXJ_1,A,F,0.0,E,E,-97.5,153.3,0.0066928509242848554
123,1SXJ_1,A,V,0.0,E,E,-129.1,112.7,0.0066928509242848554
124,1SXJ_1,A,I,0.0118343195266272,E,E,-89.7,117.1,0.00752734698581835
125,1SXJ_1,A,I,0.0,E,E,-104.3,99.5,0.0066928509242848554
126,1SXJ_1,A,M,0.0159574468085106,E,E,-89.2,93.5,0.007841711605437595
127,1SXJ_1,A,D,0.0,-,C,-86.4,167.9,0.0066928509242848554
128,1SXJ_1,A,E,0.0051546391752577,S,C,37.5,59.2,0.007044395571387142
129,1SXJ_1,A,V,0.0,G,H,-77.9,-24.9,0.0066928509242848554
130,1SXJ_1,A,D,0.0920245398773006,G,H,-87.7,21.6,0.01663036883425084
131,1SXJ_1,A,G,0.0595238095238095,G,H,-118.2,-0.4,0.012071513350870458
132,1SXJ_1,A,M,0.0797872340425532,-,C,-71.9,106.6,0.014743093943494786
133,1SXJ_1,A,S,0.1923076923076923,-,C,-93.7,-153.0,0.04406925572663452
134,1SXJ_1,A,G,0.8214285714285714,T,C,-66.9,-5.8,0.9613683488409501
135,1SXJ_1,A,G,0.2857142857142857,T,C,-89.4,8.2,0.10500058502026478
136,1SXJ_1,A,D,0.0368098159509202,S,C,-140.5,60.0,0.009642344701787844
137,1SXJ_1,A,R,0.8508064516129032,T,C,-56.6,122.3,0.9709163601784995
138,1SXJ_1,A,G,0.5595238095238095,T,C,69.9,8.8,0.6445661033555109
139,1SXJ_1,A,G,0.0119047619047619,H,H,-56.1,-52.0,0.007532611340759874
140,1SXJ_1,A,V,0.1478873239436619,H,H,-58.3,-43.8,0.028717051195746423
141,1SXJ_1,A,G,0.4523809523809524,H,H,-58.9,-53.4,0.3831520914074692
142,1SXJ_1,A,Q,0.1313131313131313,H,H,-62.2,-37.0,0.024438136618332742
143,1SXJ_1,A,L,0.0121951219512195,H,H,-67.1,-39.6,0.007554349352109933
144,1SXJ_1,A,A,0.0377358490566037,H,H,-72.3,-21.7,0.009731177773349366
145,1SXJ_1,A,Q,0.3232323232323232,H,H,-78.0,-29.9,0.145831483534915
146,1SXJ_1,A,F,0.0558375634517766,H,H,-68.6,-33.3,0.011639714646322087
147,1SXJ_1,A,C,0.0074074074074074,H,H,-59.6,-15.2,0.007203734315945203
148,1SXJ_1,A,R,0.4919354838709677,H,H,-102.5,-30.8,0.47984962939362447
149,1SXJ_1,A,K,0.7073170731707317,H,H,-113.8,20.7,0.8882680376289396
150,1SXJ_1,A,T,0.0070422535211267,-,C,-84.7,159.9,0.007177666030243104
151,1SXJ_1,A,S,0.3230769230769231,S,C,-126.3,20.4,0.14563801637576332
152,1SXJ_1,A,T,0.0140845070422535,S,C,-147.4,154.6,0.007697327911577559
153,1SXJ_1,A,P,0.0,-,C,-54.3,138.4,0.0066928509242848554
154,1SXJ_1,A,L,0.0121951219512195,E,E,-130.3,119.2,0.007554349352109933
155,1SXJ_1,A,I,0.0,E,E,-117.1,122.3,0.0066928509242848554
156,1SXJ_1,A,L,0.0,E,E,-113.1,135.6,0.0066928509242848554
157,1SXJ_1,A,I,0.0118343195266272,E,E,-120.9,143.2,0.00752734698581835
158,1SXJ_1,A,C,0.0,E,E,-155.4,171.7,0.0066928509242848554
159,1SXJ_1,A,N,0.1719745222929936,S,C,-101.6,-35.4,0.03625481330958183
160,1SXJ_1,A,E,0.4536082474226804,-,C,-122.8,95.1,0.38605689031605134
161,1SXJ_1,A,R,0.0524193548387096,T,C,-69.3,-30.5,0.011252969664687919
162,1SXJ_1,A,N,0.2993630573248407,T,C,-85.2,27.3,0.11853579341906754
163,1SXJ_1,A,L,0.2195121951219512,S,C,-91.7,161.0,0.057061143850556155
164,1SXJ_1,A,P,0.7573529411764706,S,C,-64.9,-42.4,0.9291384253859452
165,1SXJ_1,A,K,0.6536585365853659,T,C,-62.4,-24.6,0.8229677895139874
166,1SXJ_1,A,M,0.0053191489361702,T,C,-92.6,-4.5,0.0070559119909427166
167,1SXJ_1,A,R,0.3951612903225806,G,H,-46.7,-50.8,0.25953494276694666
168,1SXJ_1,A,P,0.4558823529411764,G,H,-52.7,-10.1,0.3914606755941183
169,1SXJ_1,A,F,0.0,G,H,-96.5,-20.0,0.0066928509242848554
170,1SXJ_1,A,D,0.3496932515337423,T,C,-28.4,-88.3,0.1819684649566309
171,1SXJ_1,A,R,0.8911290322580645,T,C,-68.6,-15.6,0.9803780672665972
172,1SXJ_1,A,V,0.1267605633802817,T,C,-77.2,-11.8,0.023375943044335868
173,1SXJ_1,A,C,0.0296296296296296,S,C,-151.9,163.6,0.008980277039013973
174,1SXJ_1,A,L,0.048780487804878,E,E,-74.4,101.6,0.010855214834974031
175,1SXJ_1,A,D,0.3435582822085889,E,E,-95.0,114.3,0.17301372417446453
176,1SXJ_1,A,I,0.0,E,E,-102.4,129.9,0.0066928509242848554
177,1SXJ_1,A,Q,0.3282828282828283,E,E,-93.0,145.3,0.15223582314389064
178,1SXJ_1,A,F,0.0101522842639593,-,C,-121.0,126.7,0.007402722683973941
179,1SXJ_1,A,R,0.6209677419354839,-,C,-104.7,177.9,0.7702418671415088
180,1SXJ_1,A,R,0.314516129032258,-,C,-66.6,116.0,0.13530577739344463
181,1SXJ_1,A,P,0.088235294117647,-,C,-39.9,160.0,0.01602190071775948
182,1SXJ_1,A,D,0.5460122699386503,-,C,-82.4,136.7,0.6130432834407042
183,1SXJ_1,A,A,0.3679245283018867,H,H,-46.1,-47.5,0.21069275564418283
184,1SXJ_1,A,N,0.732484076433121,H,H,-57.9,-37.9,0.9109135511268797
185,1SXJ_1,A,S,0.2769230769230769,H,H,-62.7,-49.3,0.09702122923919279
186,1SXJ_1,A,I,0.0118343195266272,H,H,-69.9,-37.6,0.00752734698581835
187,1SXJ_1,A,K,0.2975609756097561,H,H,-64.7,-47.6,0.11666579281964902
188,1SXJ_1,A,S,0.5769230769230769,H,H,-60.3,-50.7,0.6833544701877828
189,1SXJ_1,A,R,0.2056451612903226,H,H,-56.2,-51.5,0.05004232008097979
190,1SXJ_1,A,L,0.0,H,H,-56.3,-40.2,0.0066928509242848554
191,1SXJ_1,A,M,0.4468085106382978,H,H,-58.2,-57.3,0.3700703803442367
192,1SXJ_1,A,T,0.5352112676056338,H,H,-43.8,-50.5,0.5871298034325303
193,1SXJ_1,A,I,0.0473372781065088,H,H,-53.5,-60.1,0.010701340864187748
194,1SXJ_1,A,A,0.0094339622641509,H,H,-45.6,-57.9,0.007350127272561938
195,1SXJ_1,A,I,0.6449704142011834,H,H,-47.9,-48.6,0.8099528969769338
196,1SXJ_1,A,R,0.6532258064516129,H,H,-69.7,-23.6,0.8223364558094415
197,1SXJ_1,A,E,0.1701030927835051,H,H,-89.0,5.1,0.0356065730973724
198,1SXJ_1,A,K,0.8146341463414634,T,C,69.0,42.8,0.9587643229937899
199,1SXJ_1,A,F,0.0558375634517766,-,C,-156.8,165.3,0.011639714646322087
200,1SXJ_1,A,K,0.8,-,C,-125.6,155.4,0.9525741268224334
201,1SXJ_1,A,L,0.1097560975609756,-,C,-148.6,138.2,0.019792930342322164
202,1SXJ_1,A,D,0.4171779141104294,-,C,-55.7,125.9,0.3040213915731436
203,1SXJ_1,A,P,0.5514705882352942,T,C,-55.0,-10.3,0.6259089935745368
204,1SXJ_1,A,N,0.6815286624203821,T,C,-84.4,-29.2,0.8599995975704107
205,1SXJ_1,A,V,0.0352112676056338,H,H,-79.7,-50.4,0.009490883874186083
206,1SXJ_1,A,I,0.0177514792899408,H,H,-60.4,-22.4,0.007982530848068568
207,1SXJ_1,A,D,0.3926380368098159,H,H,-81.5,-49.6,0.254715339917889
208,1SXJ_1,A,R,0.2620967741935484,H,H,-67.4,-29.6,0.08478562945935275
209,1SXJ_1,A,L,0.0,H,H,-54.3,-65.1,0.0066928509242848554
210,1SXJ_1,A,I,0.0650887573964497,H,H,-42.3,-42.0,0.012753519958854547
211,1SXJ_1,A,Q,0.3939393939393939,H,H,-64.8,-36.2,0.2571936527643822
212,1SXJ_1,A,T,0.1971830985915492,H,H,-75.4,-40.4,0.046169392622775376
213,1SXJ_1,A,T,0.1056338028169014,T,C,-73.5,-4.3,0.01900879044166859
214,1SXJ_1,A,R,0.2096774193548387,T,C,50.4,23.6,0.05199433012931065
215,1SXJ_1,A,G,0.0714285714285714,T,C,103.3,-7.2,0.013576916943744353
216,1SXJ_1,A,D,0.0858895705521472,-,C,-66.7,90.5,0.015656260521409258
217,1SXJ_1,A,I,0.1597633136094674,H,H,-58.7,-28.6,0.032221576189352556
218,1SXJ_1,A,R,0.1774193548387097,H,H,-69.8,-42.2,0.038206046578410306
219,1SXJ_1,A,Q,0.1515151515151515,H,H,-65.6,-48.2,0.029746425384074193
220,1SXJ_1,A,V,0.0140845070422535,H,H,-56.4,-46.8,0.007697327911577559
221,1SXJ_1,A,I,0.0710059171597633,H,H,-55.2,-48.4,0.01352042883194061
222,1SXJ_1,A,N,0.0127388535031847,H,H,-63.8,-46.3,0.0075952237792489665
223,1SXJ_1,A,L,0.0914634146341463,H,H,-63.3,-29.1,0.016538851998171955
224,1SXJ_1,A,L,0.0,H,H,-83.5,-13.6,0.0066928509242848554
225,1SXJ_1,A,S,0.0615384615384615,T,C,-90.9,3.5,0.012314153518757795
226,1SXJ_1,A,T,0.0845070422535211,H,H,-75.6,-32.9,0.015444617693244688
227,1SXJ_1,A,I,0.0650887573964497,H,H,-62.7,-73.0,0.012753519958854547
228,1SXJ_1,A,S,0.2307692307692307,H,H,-51.0,-28.9,0.06342879034513205
229,1SXJ_1,A,T,0.0915492957746478,H,H,-79.0,-32.3,0.016552826640536488
230,1SXJ_1,A,T,0.0845070422535211,H,H,-74.4,-59.6,0.015444617693244688
231,1SXJ_1,A,T,0.2394366197183098,S,C,-72.0,157.3,0.06877671732684434
232,1SXJ_1,A,K,0.7268292682926829,S,C,-83.9,-49.8,0.9062167870312864
233,1SXJ_1,A,T,0.6056338028169014,-,C,-136.9,121.4,0.7419901160211344
234,1SXJ_1,A,I,0.2840236686390532,-,C,-85.8,142.4,0.1034223964289073
235,1SXJ_1,A,N,0.5477707006369427,-,C,-125.6,-172.8,0.6172062717211119
236,1SXJ_1,A,H,0.9619565217391304,T,C,-64.5,-45.3,0.990239132839482
237,1SXJ_1,A,E,0.7731958762886598,T,C,-84.3,-44.8,0.9388863252983837
238,1SXJ_1,A,N,0.2356687898089172,H,H,-41.8,-45.8,0.06640241289188141
239,1SXJ_1,A,I,0.1952662721893491,H,H,-41.4,-47.6,0.04533257009502533
240,1SXJ_1,A,N,0.7643312101910829,H,H,-73.2,-27.1,0.9335975871081186
241,1SXJ_1,A,E,0.6082474226804123,H,H,-96.3,-32.6,0.7469619221638664
242,1SXJ_1,A,I,0.1065088757396449,H,H,-61.3,-28.6,0.019172657959378038
243,1SXJ_1,A,S,0.0307692307692307,H,H,-54.7,-41.0,0.009082266940554922
244,1SXJ_1,A,K,0.6195121951219512,H,H,-57.7,-71.0,0.7676558692920465
245,1SXJ_1,A,A,0.3018867924528302,H,H,-50.3,-31.8,0.12119820971837746
246,1SXJ_1,A,W,0.0,I,H,-78.6,-52.7,0.0066928509242848554
247,1SXJ_1,A,E,0.1494845360824742,I,H,-62.5,-46.5,0.029165920984273636
248,1SXJ_1,A,K,0.4780487804878048,I,H,-80.0,2.5,0.445341255541999
249,1SXJ_1,A,N,0.0955414012738853,I,H,-128.2,-73.6,0.017215394106705265
250,1SXJ_1,A,I,0.0828402366863905,I,H,-75.7,-52.4,0.015193198314243503
251,1SXJ_1,A,A,0.0754716981132075,I,H,-70.0,-91.4,0.014129182096329776
252,1SXJ_1,A,L,0.0060975609756097,S,C,-91.6,46.6,0.007110658312633755
253,1SXJ_1,A,K,0.0878048780487804,H,H,-55.4,-38.8,0.015954185928725082
254,1SXJ_1,A,P,0.0808823529411764,H,H,-58.4,-17.9,0.014903016265360227
255,1SXJ_1,A,F,0.0456852791878172,H,H,-86.5,-49.1,0.010527852960886312
256,1SXJ_1,A,D,0.1717791411042944,H,H,-58.5,-18.9,0.03618660815756447
257,1SXJ_1,A,I,0.0177514792899408,H,H,-78.3,-52.2,0.007982530848068568
258,1SXJ_1,A,A,0.0094339622641509,H,H,-61.0,-31.0,0.007350127272561938
259,1SXJ_1,A,H,0.5217391304347826,H,H,-66.0,-71.2,0.5541347975495562
260,1SXJ_1,A,K,0.375609756097561,H,H,-41.7,-56.1,0.22375744028441844
261,1SXJ_1,A,M,0.0106382978723404,H,H,-50.0,-40.8,0.0074385202187267855
262,1SXJ_1,A,L,0.0,T,C,-91.2,10.4,0.0066928509242848554
263,1SXJ_1,A,D,0.1963190184049079,B,E,-90.3,110.0,0.04579035961406282
264,1SXJ_1,A,G,0.0238095238095238,G,H,-54.0,-20.7,0.008476838365093591
265,1SXJ_1,A,Q,0.7070707070707071,G,H,-62.3,-23.4,0.888023290380253
266,1SXJ_1,A,I,0.1893491124260355,G,H,-81.5,-18.0,0.042839567209086896
267,1SXJ_1,A,Y,0.1081081081081081,T,C,-99.7,-8.1,0.019475718620065918
268,1SXJ_1,A,S,0.4307692307692308,S,C,-80.1,135.5,0.333519912372473
269,1SXJ_1,A,D,0.7730061349693251,T,C,-21.5,-51.7,0.9387773633133811
270,1SXJ_1,A,I,0.6153846153846154,T,C,-62.3,-73.1,0.760212731297414
271,1SXJ_1,A,G,0.119047619047619,G,H,-58.4,-22.4,0.021678363260693712
272,1SXJ_1,A,S,0.1384615384615384,G,H,-56.4,-16.8,0.026201579784669356
273,1SXJ_1,A,R,0.7217741935483871,G,H,-119.1,-5.0,0.9018314672378637
274,1SXJ_1,A,N,0.7643312101910829,T,C,-88.5,-41.2,0.9335975871081186
275,1SXJ_1,A,F,0.2538071065989847,S,C,-117.6,87.2,0.07857057410261319
276,1SXJ_1,A,T,0.3450704225352112,-,C,-63.0,168.8,0.1751880034570593
277,1SXJ_1,A,L,0.0060975609756097,H,H,-57.8,-38.9,0.007110658312633755
278,1SXJ_1,A,N,0.1783439490445859,H,H,-61.8,-34.8,0.03854725558752163
279,1SXJ_1,A,D,0.3067484662576687,H,H,-76.1,-43.6,0.12647243161091512
280,1SXJ_1,A,K,0.0048780487804878,H,H,-54.9,-52.9,0.007025075058941234
281,1SXJ_1,A,I,0.0236686390532544,H,H,-56.4,-41.3,0.008465005223470613
282,1SXJ_1,A,A,0.2169811320754717,H,H,-60.7,-39.2,0.05571447061191384
283,1SXJ_1,A,L,0.0609756097560975,H,H,-50.7,-30.8,0.012245884161601791
284,1SXJ_1,A,Y,0.0135135135135135,H,H,-61.4,-45.1,0.007653837345312235
285,1SXJ_1,A,F,0.0406091370558375,T,C,-75.8,17.6,0.01001199820430545
286,1SXJ_1,A,D,0.1226993865030674,T,C,-97.6,-5.9,0.022466524522020262
287,1SXJ_1,A,D,0.0122699386503067,S,C,170.7,56.3,0.007559960637506617
288,1SXJ_1,A,F,0.1319796954314721,T,C,-55.6,0.0,0.02459755635549526
289,1SXJ_1,A,D,0.1595092024539877,T,C,-84.6,-57.9,0.03214242994987861
290,1SXJ_1,A,F,0.2182741116751269,T,C,-87.6,-33.5,0.05639863259390505
291,1SXJ_1,A,T,0.0140845070422535,H,H,-41.3,-49.8,0.007697327911577559
292,1SXJ_1,A,P,0.0588235294117647,H,H,-62.7,-40.4,0.011988284125125658
293,1SXJ_1,A,L,0.073170731707317,H,H,-65.5,-39.7,0.013812225342486025
294,1SXJ_1,A,M,0.0053191489361702,H,H,-63.4,-53.4,0.0070559119909427166
295,1SXJ_1,A,I,0.0,H,H,-57.4,-52.1,0.0066928509242848554
296,1SXJ_1,A,Q,0.0,H,H,-53.8,-42.0,0.0066928509242848554
297,1SXJ_1,A,E,0.1237113402061855,H,H,-55.2,-48.1,0.022689844837240455
298,1SXJ_1,A,N,0.0063694267515923,H,H,-131.5,49.7,0.007129878042273315
299,1SXJ_1,A,Y,0.0,S,C,-92.5,-9.8,0.0066928509242848554
300,1SXJ_1,A,L,0.0365853658536585,S,C,-106.7,8.8,0.009620934704788107
301,1SXJ_1,A,S,0.2076923076923077,S,C,-116.2,51.2,0.05102450721573804
302,1SXJ_1,A,T,0.028169014084507,S,C,-134.8,160.8,0.008851215547422775
303,1SXJ_1,A,R,0.7056451612903226,E,E,-109.6,92.8,0.886597896866599
304,1SXJ_1,A,P,0.0808823529411764,E,E,-55.7,142.4,0.014903016265360227
305,1SXJ_1,A,S,0.6384615384615384,S,C,-129.9,6.2,0.7997312284440788
306,1SXJ_1,A,V,0.2816901408450704,-,C,-109.2,-2.5,0.10127854172540203
307,1SXJ_1,A,L,0.298780487804878,P,P,-57.0,145.5,0.1179284467325804
308,1SXJ_1,A,K,0.5756097560975609,P,P,-67.8,156.6,0.6805058730662095
309,1SXJ_1,A,P,1.0,T,C,-57.4,126.2,0.9933071490757153
310,1SXJ_1,A,G,1.0,T,C,74.0,40.3,0.9933071490757153
311,1SXJ_1,A,Q,0.1717171717171717,-,C,-124.6,124.8,0.03616500122018774
312,1SXJ_1,A,S,0.3538461538461538,-,C,-77.3,148.5,0.18823213430192093
313,1SXJ_1,A,H,0.3043478260869565,H,H,-47.2,-46.8,0.12384396843341762
314,1SXJ_1,A,L,0.0670731707317073,H,H,-55.5,-57.2,0.013005805885983912
315,1SXJ_1,A,E,0.4536082474226804,H,H,-49.2,-51.0,0.38605689031605134
316,1SXJ_1,A,A,0.0,H,H,-61.4,-34.6,0.0066928509242848554
317,1SXJ_1,A,V,0.0,H,H,-66.1,-45.5,0.0066928509242848554
318,1SXJ_1,A,A,0.0188679245283018,H,H,-58.0,-32.1,0.008071427420686405
319,1SXJ_1,A,E,0.3298969072164948,H,H,-70.2,-40.8,0.15433066794186945
320,1SXJ_1,A,A,0.0,H,H,-74.5,-33.1,0.0066928509242848554
321,1SXJ_1,A,A,0.0,H,H,-57.2,-49.5,0.0066928509242848554
322,1SXJ_1,A,N,0.1847133757961783,H,H,-57.5,-46.3,0.04097848871564314
323,1SXJ_1,A,C,0.0074074074074074,H,H,-63.6,-40.6,0.007203734315945203
324,1SXJ_1,A,I,0.0177514792899408,H,H,-58.1,-41.3,0.007982530848068568
325,1SXJ_1,A,S,0.0,H,H,-61.4,-48.7,0.0066928509242848554
326,1SXJ_1,A,L,0.2560975609756097,H,H,-62.3,-46.5,0.08024488820009108
327,1SXJ_1,A,G,0.0,H,H,-55.4,-32.1,0.0066928509242848554
328,1SXJ_1,A,D,0.0122699386503067,H,H,-62.9,-53.2,0.007559960637506617
329,1SXJ_1,A,I,0.1775147928994082,H,H,-47.5,-42.0,0.038241132037510984
330,1SXJ_1,A,V,0.0352112676056338,H,H,-65.1,-47.0,0.009490883874186083
331,1SXJ_1,A,E,0.0309278350515463,H,H,-55.2,-51.0,0.009096552095694781
332,1SXJ_1,A,K,0.424390243902439,H,H,-47.9,-44.5,0.3194941269337905
333,1SXJ_1,A,K,0.2926829268292683,H,H,-70.4,-39.1,0.11173196237106037
334,1SXJ_1,A,I,0.1479289940828402,H,H,-61.0,-30.7,0.028728676273029278
335,1SXJ_1,A,R,0.5766129032258065,T,C,-95.1,13.6,0.6826829314336993
336,1SXJ_1,A,S,0.6153846153846154,T,C,-108.3,-1.1,0.760212731297414
337,1SXJ_1,A,S,0.3615384615384615,-,C,-155.0,105.4,0.20026877155592107
338,1SXJ_1,A,E,0.4896907216494845,S,C,-45.7,-13.8,0.4742496066117872
339,1SXJ_1,A,Q,0.1111111111111111,S,C,-115.0,60.6,0.02005753653785041
340,1SXJ_1,A,L,0.0792682926829268,-,C,-142.4,9.0,0.014667903409595414
341,1SXJ_1,A,W,0.3348017621145374,G,H,-51.0,-17.5,0.16084120537385796
342,1SXJ_1,A,S,0.1846153846153846,G,H,-75.0,11.1,0.040939996231413193
343,1SXJ_1,A,L,0.0060975609756097,G,H,-112.7,-7.8,0.007110658312633755
344,1SXJ_1,A,L,0.1707317073170731,H,H,-55.1,-40.3,0.035823062712641025
345,1SXJ_1,A,P,0.2941176470588235,H,H,-57.9,-43.1,0.11316384433668733
346,1SXJ_1,A,L,0.0304878048780487,H,H,-62.3,-39.4,0.00905697419165119
347,1SXJ_1,A,H,0.0543478260869565,H,H,-67.1,-32.6,0.011469572785593588
348,1SXJ_1,A,A,0.0,H,H,-60.4,-48.5,0.0066928509242848554
349,1SXJ_1,A,V,0.0,I,H,-64.4,-55.2,0.0066928509242848554
350,1SXJ_1,A,L,0.0670731707317073,I,H,-68.5,-24.3,0.013005805885983912
351,1SXJ_1,A,S,0.0384615384615384,I,H,-103.2,-17.6,0.009801358083433373
352,1SXJ_1,A,S,0.0,I,H,-135.0,-78.3,0.0066928509242848554
353,1SXJ_1,A,V,0.0,I,H,-44.0,-52.7,0.0066928509242848554
354,1SXJ_1,A,Y,0.0405405405405405,H,H,-61.6,-59.3,0.010005201368429683
355,1SXJ_1,A,P,0.0,H,H,-49.7,-43.6,0.0066928509242848554
356,1SXJ_1,A,A,0.0,H,H,-55.8,-62.8,0.0066928509242848554
357,1SXJ_1,A,S,0.1461538461538461,H,H,-44.3,-25.7,0.028237472910683816
358,1SXJ_1,A,K,0.1121951219512195,T,C,-77.7,-17.7,0.02027171356703286
359,1SXJ_1,A,V,0.0,T,C,-141.6,7.4,0.0066928509242848554
360,1SXJ_1,A,A,0.0,-,C,-60.1,156.9,0.0066928509242848554
361,1SXJ_1,A,G,0.0952380952380952,E,E,155.2,-125.7,0.017164152757520028
362,1SXJ_1,A,H,0.7336956521739131,E,E,-91.6,135.5,0.9118918629676566
363,1SXJ_1,A,M,0.1968085106382978,-,C,-78.7,102.3,0.046004712552557496
364,1SXJ_1,A,A,0.5943396226415094,S,C,-62.4,-74.7,0.719785168570209
365,1SXJ_1,A,G,0.5,S,C,-78.7,-123.9,0.5
366,1SXJ_1,A,R,0.7217741935483871,-,C,-148.7,151.7,0.9018314672378637
367,1SXJ_1,A,I,0.0414201183431952,-,C,-61.5,118.5,0.01009270095481055
368,1SXJ_1,A,N,0.4713375796178344,-,C,-107.0,149.3,0.42883051799319516
369,1SXJ_1,A,F,0.0558375634517766,-,C,-63.6,169.5,0.011639714646322087
370,1SXJ_1,A,T,0.0422535211267605,-,C,-71.7,135.2,0.010176305745842766
371,1SXJ_1,A,A,0.3490566037735849,S,C,-84.9,-29.4,0.18102269506469254
372,1SXJ_1,A,W,0.1806167400881057,H,H,-50.6,-43.6,0.03939847377714719
373,1SXJ_1,A,L,0.2682926829268293,H,H,-56.2,-73.7,0.08971880468911418
374,1SXJ_1,A,G,0.3095238095238095,H,H,-55.3,-29.0,0.12957046939970587
375,1SXJ_1,A,Q,0.1262626262626262,H,H,-70.7,-24.5,0.0232625358308855
376,1SXJ_1,A,N,0.4394904458598726,H,H,-80.9,-18.3,0.3531787813209211
377,1SXJ_1,A,S,0.1615384615384615,H,H,-77.9,-50.6,0.03277974697232679
378,1SXJ_1,A,K,0.5317073170731708,H,H,-49.1,-60.4,0.5786107962950144
379,1SXJ_1,A,S,0.1692307692307692,H,H,-53.9,-45.3,0.035308238585455606
380,1SXJ_1,A,A,0.320754716981132,H,H,-67.3,-60.1,0.1427722625372475
381,1SXJ_1,A,K,0.3804878048780488,H,H,-49.9,-17.1,0.23234413070795348
382,1SXJ_1,A,Y,0.3963963963963964,H,H,-98.3,-23.7,0.26191556727356347
383,1SXJ_1,A,Y,0.4504504504504504,H,H,-69.3,-32.5,0.37859982653854407
384,1SXJ_1,A,R,0.2741935483870967,H,H,-65.6,-41.2,0.09465610272894258
385,1SXJ_1,A,L,0.1646341463414634,H,H,-64.0,-62.3,0.03377556477007221
386,1SXJ_1,A,L,0.1402439024390244,H,H,-48.9,-30.4,0.02666021189003611
387,1SXJ_1,A,Q,0.4444444444444444,H,H,-68.2,-57.7,0.3645764407416393
388,1SXJ_1,A,E,0.1958762886597938,H,H,-57.7,-30.5,0.04559730357454676
389,1SXJ_1,A,I,0.1775147928994082,H,H,-67.6,-34.8,0.038241132037510984
390,1SXJ_1,A,H,0.0706521739130434,H,H,-70.9,-46.9,0.013473328980448986
391,1SXJ_1,A,Y,0.3558558558558558,T,C,-74.3,38.7,0.19132223233808968
392,1SXJ_1,A,H,0.5978260869565217,T,C,-152.5,-14.9,0.7267629985849074
393,1SXJ_1,A,T,0.4577464788732394,T,C,-121.0,-9.3,0.39591025578549155
394,1SXJ_1,A,R,0.2096774193548387,T,C,-52.0,-20.2,0.05199433012931065
395,1SXJ_1,A,L,0.774390243902439,T,C,-70.3,-47.0,0.9395680573383925
396,1SXJ_1,A,G,0.4404761904761904,-,C,-66.1,360.0,0.355433896644489
1086,1SXJ_4,D,P,0.6838235294117647,-,C,360.0,118.6,0.8627398650643083
1087,1SXJ_4,D,W,0.158590308370044,H,H,-50.8,-23.4,0.03185779417130824
1088,1SXJ_4,D,V,0.176056338028169,H,H,-55.1,-56.5,0.03770832823314994
1089,1SXJ_4,D,E,0.3917525773195876,H,H,-84.5,-26.2,0.2530380778361336
1090,1SXJ_4,D,K,0.7317073170731707,H,H,-72.7,-12.6,0.9102811953108857
1091,1SXJ_4,D,Y,0.2252252252252252,T,C,-121.2,23.6,0.06021397502231413
1092,1SXJ_4,D,R,0.1975806451612903,-,C,-71.5,119.4,0.04634477950571312
1093,1SXJ_4,D,P,0.1838235294117647,-,C,-41.5,115.6,0.04063021061114461
1094,1SXJ_4,D,K,0.6829268292682927,S,C,-87.5,-16.1,0.861674536591084
1095,1SXJ_4,D,N,0.4777070063694267,S,C,-130.2,150.1,0.4444971895167335
1096,1SXJ_4,D,L,0.0121951219512195,T,C,-52.9,-23.9,0.007554349352109933
1097,1SXJ_4,D,D,0.7055214723926381,T,C,-74.8,-36.2,0.8864734780147036
1098,1SXJ_4,D,E,0.4072164948453608,T,C,-52.6,-39.6,0.283364141953394
1099,1SXJ_4,D,V,0.0915492957746478,-,C,-76.1,99.5,0.016552826640536488
1100,1SXJ_4,D,T,0.4788732394366197,-,C,-84.3,-80.8,0.447378678158078
1101,1SXJ_4,D,A,0.0566037735849056,S,C,1.0,-76.8,0.011728191872328894
1102,1SXJ_4,D,Q,0.0151515151515151,-,C,-98.0,103.9,0.0077792564202182855
1103,1SXJ_4,D,D,0.4355828220858895,-,C,-112.7,-19.6,0.34430411281321727
1104,1SXJ_4,D,H,0.4293478260869565,T,C,-54.0,-24.1,0.3303678637192411
1105,1SXJ_4,D,A,0.0660377358490566,T,C,-102.2,-46.4,0.012873558722285268
1106,1SXJ_4,D,V,0.0704225352112676,H,H,-56.6,-50.2,0.013442839944572649
1107,1SXJ_4,D,T,0.5,H,H,-49.3,-35.0,0.5
1108,1SXJ_4,D,V,0.1971830985915492,H,H,-75.3,-34.4,0.046169392622775376
1109,1SXJ_4,D,L,0.0060975609756097,H,H,-65.9,-39.9,0.007110658312633755
1110,1SXJ_4,D,K,0.3170731707317073,H,H,-53.2,-57.3,0.1383254634089161
1111,1SXJ_4,D,K,0.4926829268292683,H,H,-64.3,-27.9,0.48171547422415595
1112,1SXJ_4,D,T,0.0704225352112676,H,H,-82.0,-18.6,0.013442839944572649
1113,1SXJ_4,D,L,0.1158536585365853,T,C,-51.3,-34.5,0.021011223834173032
1114,1SXJ_4,D,K,0.9609756097560976,T,C,-83.5,15.5,0.9901438645193288
1115,1SXJ_4,D,S,0.3076923076923077,-,C,-134.2,145.7,0.12751884214227768
1116,1SXJ_4,D,A,0.1886792452830188,T,C,-80.8,-0.1,0.042565732224318496
1117,1SXJ_4,D,N,0.3248407643312102,T,C,-83.1,5.2,0.1478464678549341
1118,1SXJ_4,D,L,0.024390243902439,-,C,-44.9,106.8,0.008525787363087997
1119,1SXJ_4,D,P,0.0735294117647058,-,C,-66.0,162.3,0.013861168055877376
1120,1SXJ_4,D,H,0.0489130434782608,-,C,-66.1,158.3,0.010869457072631641
1121,1SXJ_4,D,M,0.0478723404255319,E,E,-137.5,153.8,0.010758135516286835
1122,1SXJ_4,D,L,0.0060975609756097,E,E,-128.7,104.5,0.007110658312633755
1123,1SXJ_4,D,F,0.0,E,E,-91.6,129.9,0.0066928509242848554
1124,1SXJ_4,D,Y,0.081081081081081,E,E,-151.9,143.4,0.014932219520420325
1125,1SXJ_4,D,G,0.0476190476190476,-,C,172.0,-178.8,0.010731212465450798
1126,1SXJ_4,D,P,0.3161764705882353,S,C,-61.4,171.1,0.1372601349356916
1127,1SXJ_4,D,P,0.3014705882352941,T,C,-62.3,141.2,0.12075561235365934
1128,1SXJ_4,D,G,0.2261904761904762,T,C,51.9,45.9,0.06076251800046282
1129,1SXJ_4,D,T,0.0140845070422535,S,C,-99.2,1.7,0.007697327911577559
1130,1SXJ_4,D,G,0.1785714285714285,S,C,105.3,7.6,0.038631651159049686
1131,1SXJ_4,D,K,0.0585365853658536,H,H,-58.4,-62.0,0.011954344400391396
1132,1SXJ_4,D,T,0.1549295774647887,H,H,-59.3,-27.2,0.030747864790870078
1133,1SXJ_4,D,S,0.1307692307692307,H,H,-71.9,-45.0,0.024308800614114
1134,1SXJ_4,D,T,0.0,H,H,-57.1,-33.0,0.0066928509242848554
1135,1SXJ_4,D,I,0.0414201183431952,H,H,-71.0,-65.3,0.01009270095481055
1136,1SXJ_4,D,L,0.4512195121951219,H,H,-47.0,-37.4,0.3804108184566538
1137,1SXJ_4,D,A,0.0188679245283018,H,H,-66.8,-55.3,0.008071427420686405
1138,1SXJ_4,D,L,0.024390243902439,H,H,-51.0,-40.1,0.008525787363087997
1139,1SXJ_4,D,T,0.028169014084507,H,H,-69.1,-49.0,0.008851215547422775
1140,1SXJ_4,D,K,0.424390243902439,H,H,-60.6,-41.1,0.3194941269337905
1141,1SXJ_4,D,E,0.2989690721649484,H,H,-68.5,-20.0,0.11812475607671376
1142,1SXJ_4,D,L,0.0,H,H,-104.2,-41.4,0.0066928509242848554
1143,1SXJ_4,D,Y,0.0,H,H,-102.4,-32.8,0.0066928509242848554
1144,1SXJ_4,D,G,0.0,H,H,76.3,136.1,0.0066928509242848554
1145,1SXJ_4,D,P,0.6470588235294118,H,H,-30.2,-21.8,0.8131467784341403
1146,1SXJ_4,D,D,0.5214723926380368,H,H,-69.9,-70.4,0.5534756752272381
1147,1SXJ_4,D,L,0.0426829268292682,H,H,-76.1,-2.1,0.01021964980279553
1148,1SXJ_4,D,M,0.1702127659574468,H,H,-42.5,-84.6,0.03564425267595824
1149,1SXJ_4,D,K,0.9560975609756096,T,C,-68.4,-1.8,0.9896562543170709
1150,1SXJ_4,D,S,0.4846153846153846,T,C,-83.4,-42.0,0.4616141434373592
1151,1SXJ_4,D,R,0.0161290322580645,S,C,-125.7,34.9,0.00785507260918298
1152,1SXJ_4,D,I,0.1952662721893491,E,E,-139.9,131.7,0.04533257009502533
1153,1SXJ_4,D,L,0.1707317073170731,E,E,-121.0,134.6,0.035823062712641025
1154,1SXJ_4,D,E,0.268041237113402,E,E,-131.7,132.8,0.08951366229102306
1155,1SXJ_4,D,L,0.0304878048780487,E,E,-132.4,127.5,0.00905697419165119
1156,1SXJ_4,D,N,0.0,-,C,-123.4,-174.7,0.0066928509242848554
1157,1SXJ_4,D,A,0.0471698113207547,S,C,-50.2,-28.3,0.010683625973337014
1158,1SXJ_4,D,S,0.0076923076923076,S,C,-74.4,-58.0,0.007224138563296865
1159,1SXJ_4,D,D,0.2883435582822086,S,C,-55.2,154.1,0.10749724154356137
1160,1SXJ_4,D,E,0.5979381443298969,-,C,-82.0,126.6,0.7269854639309292
1161,1SXJ_4,D,R,0.0846774193548387,-,C,-133.1,65.9,0.0154705467741258
1162,1SXJ_4,D,G,0.2738095238095238,-,C,-92.8,176.5,0.094327519661927
1163,1SXJ_4,D,I,0.3372781065088757,H,H,-51.5,-37.8,0.16421169552479878
1164,1SXJ_4,D,S,0.7076923076923077,H,H,-65.8,-39.4,0.8886399079078522
1165,1SXJ_4,D,I,0.2248520710059171,H,H,-73.0,-50.6,0.060003159780791425
1166,1SXJ_4,D,V,0.0070422535211267,I,H,-55.9,-40.3,0.007177666030243104
1167,1SXJ_4,D,R,0.2056451612903226,I,H,-79.9,-9.3,0.05004232008097979
1168,1SXJ_4,D,E,0.5670103092783505,I,H,-114.8,-92.8,0.6615262430175152
1169,1SXJ_4,D,K,0.5853658536585366,I,H,-46.2,-50.0,0.7013340404240428
1170,1SXJ_4,D,V,0.0070422535211267,I,H,-64.5,-52.9,0.007177666030243104
1171,1SXJ_4,D,K,0.1853658536585365,H,H,-59.9,-34.3,0.04123567700621012
1172,1SXJ_4,D,N,0.5222929936305732,H,H,-67.2,-54.4,0.5555028104832663
1173,1SXJ_4,D,F,0.182741116751269,H,H,-63.5,-29.3,0.040210384279065835
1174,1SXJ_4,D,A,0.0,H,H,-68.3,-56.4,0.0066928509242848554
1175,1SXJ_4,D,R,0.6774193548387096,H,H,-61.9,-30.8,0.8549784049312077
1176,1SXJ_4,D,L,0.6219512195121951,S,C,-52.0,151.0,0.771977693436604
1177,1SXJ_4,D,T,0.8309859154929577,P,P,-79.4,147.2,0.9647654933558963
1178,1SXJ_4,D,V,0.2253521126760563,P,P,-57.4,157.0,0.06028581849445303
1179,1SXJ_4,D,S,0.2692307692307692,P,P,-89.8,153.2,0.09048788799089094
1180,1SXJ_4,D,K,0.9707317073170731,P,P,-77.6,123.3,0.9910518236292286
1181,1SXJ_4,D,P,0.4485294117647059,P,P,-68.8,155.5,0.3740910064254633
1182,1SXJ_4,D,S,0.4153846153846154,P,P,-85.5,168.7,0.30024029794365087
1183,1SXJ_4,D,K,0.9121951219512195,T,C,-60.7,-39.3,0.9840458140712749
1184,1SXJ_4,D,H,0.5489130434782609,T,C,-68.2,-41.7,0.6199015636160325
1185,1SXJ_4,D,D,0.0122699386503067,H,H,-57.0,-43.6,0.007559960637506617
1186,1SXJ_4,D,L,0.8780487804878049,H,H,-61.2,-12.1,0.9776972005529152
1187,1SXJ_4,D,E,0.8350515463917526,H,H,-102.2,-21.7,0.9661217113127507
1188,1SXJ_4,D,N,0.6242038216560509,H,H,-118.2,-33.6,0.7759185960857865
1189,1SXJ_4,D,Y,0.2792792792792792,S,C,-122.4,148.5,0.09910514394954445
1190,1SXJ_4,D,P,0.4852941176470588,-,C,-74.1,114.7,0.46330140818023585
1191,1SXJ_4,D,C,0.2666666666666666,-,C,-101.2,84.5,0.08839967720705837
1192,1SXJ_4,D,P,0.0955882352941176,-,C,-53.3,149.8,0.017223319757878695
1193,1SXJ_4,D,P,0.5441176470588235,S,C,-75.7,44.0,0.6085393244058815
1194,1SXJ_4,D,Y,0.0045045045045045,-,C,-156.0,155.3,0.00699906556973704
1195,1SXJ_4,D,K,0.0097560975609756,E,E,-101.4,176.1,0.007373667933952906
1196,1SXJ_4,D,I,0.059171597633136,E,E,-136.2,132.1,0.012029581398859446
1197,1SXJ_4,D,I,0.0,E,E,-112.2,117.9,0.0066928509242848554
1198,1SXJ_4,D,I,0.0236686390532544,E,E,-113.0,115.8,0.008465005223470613
1199,1SXJ_4,D,L,0.0060975609756097,E,E,-105.9,86.4,0.007110658312633755
1200,1SXJ_4,D,D,0.0061349693251533,T,C,-75.0,159.8,0.0071132998653652526
1201,1SXJ_4,D,E,0.0670103092783505,T,C,52.5,29.3,0.01299773904793176
1202,1SXJ_4,D,A,0.0283018867924528,G,H,-59.1,-15.6,0.008862879909868471
1203,1SXJ_4,D,D,0.1779141104294478,G,H,-47.1,-49.1,0.03838826712958358
1204,1SXJ_4,D,S,0.0538461538461538,G,H,-92.1,41.3,0.01141283225804877
1205,1SXJ_4,D,M,0.0691489361702127,S,C,-102.9,136.5,0.013274976069845852
1206,1SXJ_4,D,T,0.3450704225352112,-,C,-59.5,130.6,0.1751880034570593
1207,1SXJ_4,D,A,0.5094339622641509,H,H,-45.9,-34.4,0.5235674291458519
1208,1SXJ_4,D,D,0.4907975460122699,H,H,-56.5,-53.8,0.4770100869449839
1209,1SXJ_4,D,A,0.0,H,H,-61.5,-40.7,0.0066928509242848554
1210,1SXJ_4,D,Q,0.0252525252525252,H,H,-56.1,-45.5,0.008598986610189421
1211,1SXJ_4,D,S,0.1153846153846153,H,H,-58.3,-42.6,0.020914959270220683
1212,1SXJ_4,D,A,0.0,H,H,-64.5,-22.3,0.0066928509242848554
1213,1SXJ_4,D,L,0.0060975609756097,H,H,-70.0,-41.8,0.007110658312633755
1214,1SXJ_4,D,R,0.1048387096774193,H,H,-36.6,-76.6,0.01886109142332105
1215,1SXJ_4,D,R,0.1048387096774193,H,H,-59.5,-30.1,0.01886109142332105
1216,1SXJ_4,D,T,0.0070422535211267,H,H,-60.8,-56.3,0.007177666030243104
1217,1SXJ_4,D,M,0.0,H,H,-82.4,40.5,0.0066928509242848554
1218,1SXJ_4,D,E,0.0360824742268041,H,H,-143.8,-37.8,0.00957313529589123
1219,1SXJ_4,D,T,0.4788732394366197,H,H,-90.5,-8.6,0.447378678158078
1220,1SXJ_4,D,Y,0.2387387387387387,T,C,-117.9,26.9,0.06833109200622133
1221,1SXJ_4,D,S,0.0153846153846153,T,C,-68.6,-24.1,0.0077972694796407315
1222,1SXJ_4,D,G,0.4047619047619047,T,C,-62.5,-21.8,0.2784062453996437
1223,1SXJ_4,D,V,0.3380281690140845,T,C,-140.6,-11.9,0.16524372236742121
1224,1SXJ_4,D,T,0.0070422535211267,E,E,-127.2,145.1,0.007177666030243104
1225,1SXJ_4,D,R,0.0241935483870967,E,E,-143.9,127.4,0.00850917656094539
1226,1SXJ_4,D,F,0.015228426395939,E,E,-92.4,160.2,0.007785195246877879
1227,1SXJ_4,D,C,0.0296296296296296,E,E,-140.4,116.4,0.008980277039013973
1228,1SXJ_4,D,L,0.0060975609756097,E,E,-111.6,129.4,0.007110658312633755
1229,1SXJ_4,D,I,0.0,E,E,-117.7,147.1,0.0066928509242848554
1230,1SXJ_4,D,C,0.0,E,E,-166.7,176.6,0.0066928509242848554
1231,1SXJ_4,D,N,0.2611464968152866,S,C,-106.8,-22.7,0.08405114604008351
1232,1SXJ_4,D,Y,0.4189189189189189,-,C,-131.8,122.7,0.30771774374735283
1233,1SXJ_4,D,V,0.2887323943661972,G,H,-63.2,-34.3,0.10787086679731113
1234,1SXJ_4,D,T,0.3873239436619718,G,H,-50.5,-35.5,0.2447594228086944
1235,1SXJ_4,D,R,0.4879032258064516,G,H,-75.6,-8.8,0.46979488864216423
1236,1SXJ_4,D,I,0.0118343195266272,S,C,-106.9,119.1,0.00752734698581835
1237,1SXJ_4,D,I,0.1834319526627219,-,C,-43.0,128.6,0.04047785061475503
1238,1SXJ_4,D,D,0.5398773006134969,H,H,-39.7,-46.2,0.5983928259871946
1239,1SXJ_4,D,P,0.1029411764705882,H,H,-49.6,-50.2,0.018513133466448273
1240,1SXJ_4,D,L,0.0060975609756097,H,H,-67.4,-41.4,0.007110658312633755
1241,1SXJ_4,D,A,0.2358490566037736,H,H,-56.9,-23.8,0.06651425331260548
1242,1SXJ_4,D,S,0.0538461538461538,H,H,-78.8,-48.4,0.01141283225804877
1243,1SXJ_4,D,Q,0.0353535353535353,H,H,-64.7,-33.3,0.009504267527927606
1244,1SXJ_4,D,C,0.0,S,C,-89.3,150.4,0.0066928509242848554
1245,1SXJ_4,D,S,0.0615384615384615,E,E,-87.6,120.2,0.012314153518757795
1246,1SXJ_4,D,K,0.1609756097560975,E,E,-73.4,134.4,0.03260176201827664
1247,1SXJ_4,D,F,0.0913705583756345,E,E,-130.9,96.1,0.01652375541040027
1248,1SXJ_4,D,R,0.2096774193548387,E,E,-83.5,100.5,0.05199433012931065
1249,1SXJ_4,D,F,0.0,-,C,-73.4,100.5,0.0066928509242848554
1250,1SXJ_4,D,K,0.1170731707317073,-,C,-61.1,158.7,0.02126354523665333
1251,1SXJ_4,D,A,0.4150943396226415,-,C,-60.7,-176.3,0.2996307938518026
1252,1SXJ_4,D,L,0.0670731707317073,-,C,-108.8,98.9,0.013005805885983912
1253,1SXJ_4,D,D,0.3312883435582822,-,C,-52.9,138.3,0.1561554164370442
1254,1SXJ_4,D,A,0.3679245283018867,H,H,-50.8,-21.9,0.21069275564418283
1255,1SXJ_4,D,S,0.4769230769230769,H,H,-81.6,-38.1,0.4425623670886927
1256,1SXJ_4,D,N,0.2420382165605095,H,H,-77.3,-23.7,0.07046175744601128
1257,1SXJ_4,D,A,0.0377358490566037,H,H,-82.5,-48.3,0.009731177773349366
1258,1SXJ_4,D,I,0.0946745562130177,H,H,-49.3,-44.8,0.017069344511397938
1259,1SXJ_4,D,D,0.656441717791411,H,H,-51.8,-58.2,0.8269862758255355
1260,1SXJ_4,D,R,0.125,H,H,-68.5,-17.8,0.022977369910025615
1261,1SXJ_4,D,L,0.0426829268292682,H,H,-83.4,-47.0,0.01021964980279553
1262,1SXJ_4,D,R,0.5201612903225806,H,H,-57.9,-36.2,0.5502331854187981
1263,1SXJ_4,D,F,0.482233502538071,H,H,-66.7,-16.9,0.455700221386143
1264,1SXJ_4,D,I,0.0,H,H,-90.9,-39.7,0.0066928509242848554
1265,1SXJ_4,D,S,0.1307692307692307,H,H,-67.9,-31.3,0.024308800614114
1266,1SXJ_4,D,E,0.6237113402061856,H,H,-70.6,-55.8,0.7750611604750858
1267,1SXJ_4,D,Q,0.5303030303030303,T,C,-65.9,8.0,0.5751831319371523
1268,1SXJ_4,D,E,0.3711340206185567,T,C,-136.9,10.2,0.2160797410085418
1269,1SXJ_4,D,N,0.929936305732484,T,C,37.1,57.2,0.9866046670113546
1270,1SXJ_4,D,V,0.1549295774647887,-,C,-97.6,116.0,0.030747864790870078
1271,1SXJ_4,D,K,0.7170731707317073,-,C,-67.7,75.6,0.8975902461230624
1272,1SXJ_4,D,C,0.2074074074074074,-,C,-87.8,143.8,0.050886731955186865
1273,1SXJ_4,D,D,0.294478527607362,-,C,-85.7,-169.5,0.11352652198529647
1274,1SXJ_4,D,D,0.8466257668711656,H,H,-80.4,-55.8,0.9697122979044637
1275,1SXJ_4,D,G,0.4166666666666667,H,H,-76.3,48.0,0.30294071603459277
1276,1SXJ_4,D,V,0.0211267605633802,H,H,-130.9,-57.4,0.008254300430304179
1277,1SXJ_4,D,L,0.1890243902439024,H,H,-43.5,-45.7,0.04270661451100572
1278,1SXJ_4,D,E,0.5103092783505154,H,H,-85.0,-44.9,0.5257503933882126
1279,1SXJ_4,D,R,0.2862903225806452,H,H,-48.6,-25.9,0.10554315135149023
1280,1SXJ_4,D,I,0.0177514792899408,H,H,-68.7,-44.7,0.007982530848068568
1281,1SXJ_4,D,L,0.0853658536585365,H,H,-66.1,-45.2,0.015575754162744298
1282,1SXJ_4,D,D,0.5644171779141104,H,H,-58.4,-49.2,0.6556958871867823
1283,1SXJ_4,D,I,0.2071005917159763,H,H,-62.8,-35.6,0.050738752369279744
1284,1SXJ_4,D,S,0.0692307692307692,T,C,-119.1,59.8,0.01328569944929433
1285,1SXJ_4,D,A,0.6320754716981132,S,C,-59.3,108.3,0.7893072443558169
1286,1SXJ_4,D,G,0.0952380952380952,S,C,101.1,-58.9,0.017164152757520028
1287,1SXJ_4,D,D,0.0797546012269938,-,C,-68.8,92.2,0.014738354537684108
1288,1SXJ_4,D,L,0.2560975609756097,H,H,-60.5,-37.1,0.08024488820009108
1289,1SXJ_4,D,R,0.1370967741935483,H,H,-52.2,-51.6,0.025855601946647693
1290,1SXJ_4,D,R,0.125,H,H,-67.2,-33.9,0.022977369910025615
1291,1SXJ_4,D,G,0.0238095238095238,H,H,-63.7,-31.2,0.008476838365093591
1292,1SXJ_4,D,I,0.059171597633136,H,H,-86.0,-29.5,0.012029581398859446
1293,1SXJ_4,D,T,0.176056338028169,H,H,-68.6,-20.2,0.03770832823314994
1294,1SXJ_4,D,L,0.0365853658536585,H,H,-85.3,-44.0,0.009620934704788107
1295,1SXJ_4,D,L,0.0426829268292682,H,H,-59.9,-13.3,0.01021964980279553
1296,1SXJ_4,D,Q,0.1919191919191919,H,H,-108.4,-50.9,0.043905881149939006
1297,1SXJ_4,D,S,0.2769230769230769,H,H,-72.3,-3.6,0.09702122923919279
1298,1SXJ_4,D,A,0.0377358490566037,T,C,-106.3,-47.8,0.009731177773349366
1299,1SXJ_4,D,S,0.1384615384615384,H,H,-62.3,-28.1,0.026201579784669356
1300,1SXJ_4,D,K,0.473170731707317,H,H,-75.8,-8.7,0.43332628680303076
1301,1SXJ_4,D,G,0.3928571428571428,H,H,-100.5,-26.4,0.2551315043313165
1302,1SXJ_4,D,A,0.1981132075471698,H,H,-73.6,-24.2,0.04658072527537762
1303,1SXJ_4,D,Q,0.7272727272727273,H,H,-77.5,-34.5,0.9065929952831678
1304,1SXJ_4,D,Y,0.8423423423423423,H,H,-51.5,-45.5,0.9684286095707664
1305,1SXJ_4,D,L,0.676829268292683,H,H,-62.9,-30.5,0.8542452210054118
1306,1SXJ_4,D,G,0.6785714285714286,-,C,56.8,5.3,0.85640103125154
1307,1SXJ_4,D,D,0.7423312883435583,S,C,-66.6,-12.7,0.9185878397582845
1308,1SXJ_4,D,G,0.6785714285714286,-,C,71.5,-5.7,0.85640103125154
1309,1SXJ_4,D,K,0.697560975609756,-,C,-67.4,144.7,0.878212380976123
1310,1SXJ_4,D,N,0.4904458598726114,-,C,-53.4,-179.6,0.47613280221878446
1311,1SXJ_4,D,I,0.0473372781065088,-,C,-124.2,67.1,0.010701340864187748
1312,1SXJ_4,D,T,0.380281690140845,-,C,-41.6,179.7,0.2319767066008319
1313,1SXJ_4,D,S,0.3384615384615385,H,H,-61.4,-69.1,0.16584237207548821
1314,1SXJ_4,D,T,0.5563380281690141,H,H,-45.9,-26.8,0.6372343109050465
1315,1SXJ_4,D,Q,0.303030303030303,H,H,-62.2,-46.8,0.122421438986213
1316,1SXJ_4,D,V,0.028169014084507,H,H,-64.5,-82.8,0.008851215547422775
1317,1SXJ_4,D,E,0.0927835051546391,H,H,-24.0,-41.4,0.016754944918027915
1318,1SXJ_4,D,E,0.5721649484536082,H,H,-55.0,-23.2,0.6729701413398387
1319,1SXJ_4,D,L,0.4024390243902439,H,H,-96.2,-32.8,0.2737637720359328
1320,1SXJ_4,D,A,0.0188679245283018,H,H,-66.8,-25.4,0.008071427420686405
1321,1SXJ_4,D,G,0.1428571428571428,T,C,110.9,-9.8,0.027346786796182864
1322,1SXJ_4,D,V,0.1690140845070422,P,P,-58.5,153.4,0.03523450664410364
1323,1SXJ_4,D,V,0.0211267605633802,P,P,-94.8,147.6,0.008254300430304179
1324,1SXJ_4,D,P,0.3014705882352941,P,P,-51.2,152.4,0.12075561235365934
1325,1SXJ_4,D,H,0.6413043478260869,S,C,-72.0,-35.1,0.8042455362957616
1326,1SXJ_4,D,D,0.7116564417177914,H,H,-73.0,-47.2,0.8925027584564387
1327,1SXJ_4,D,I,0.1834319526627219,H,H,-56.7,-16.2,0.04047785061475503
1328,1SXJ_4,D,L,0.073170731707317,H,H,-84.8,-46.1,0.013812225342486025
1329,1SXJ_4,D,I,0.4497041420118343,H,H,-54.2,-29.3,0.3768456438615907
1330,1SXJ_4,D,E,0.5154639175257731,H,H,-62.5,-47.9,0.538582937409488
1331,1SXJ_4,D,I,0.0355029585798816,H,H,-53.1,-70.2,0.009518344450024387
1332,1SXJ_4,D,V,0.0915492957746478,H,H,-37.4,-53.7,0.016552826640536488
1333,1SXJ_4,D,E,0.6288659793814433,H,H,-68.7,-38.9,0.7839202589914582
1334,1SXJ_4,D,K,0.3317073170731707,H,H,-63.0,-14.8,0.1567082972994491
1335,1SXJ_4,D,V,0.0422535211267605,H,H,-106.3,-36.6,0.010176305745842766
1336,1SXJ_4,D,K,0.7560975609756098,H,H,-52.3,-24.6,0.9283074143946993
1337,1SXJ_4,D,S,0.6153846153846154,S,C,-163.9,140.8,0.760212731297414
1338,1SXJ_4,D,G,0.5119047619047619,-,C,142.9,134.5,0.5297268048639515
1339,1SXJ_4,D,D,0.5030674846625767,-,C,-69.4,178.4,0.5076681103925829
1340,1SXJ_4,D,F,0.0304568527918781,H,H,-56.4,-80.9,0.009054196680898761
1341,1SXJ_4,D,D,0.3251533742331288,H,H,-28.8,-43.6,0.1482407522071227
1342,1SXJ_4,D,E,0.2835051546391752,H,H,-57.7,-51.1,0.10294258579242051
1343,1SXJ_4,D,I,0.0177514792899408,H,H,-60.8,-59.4,0.007982530848068568
1344,1SXJ_4,D,K,0.0975609756097561,H,H,-45.7,-41.5,0.017560438905678027
1345,1SXJ_4,D,K,0.6292682926829268,H,H,-61.3,-55.8,0.7846009561786902
1346,1SXJ_4,D,Y,0.1216216216216216,H,H,-60.5,-53.8,0.022231042404446726
1347,1SXJ_4,D,V,0.0211267605633802,H,H,-46.8,-47.3,0.008254300430304179
1348,1SXJ_4,D,N,0.2738853503184713,H,H,-50.3,-43.6,0.09439231805556277
1349,1SXJ_4,D,T,0.5211267605633803,H,H,-57.6,-51.9,0.5526213218419218
1350,1SXJ_4,D,F,0.0406091370558375,H,H,-54.3,-50.1,0.01001199820430545
1351,1SXJ_4,D,M,0.1648936170212765,H,H,-59.8,-51.9,0.0338603449575603
1352,1SXJ_4,D,K,0.1609756097560975,H,H,-27.6,-50.7,0.03260176201827664
1353,1SXJ_4,D,S,0.2307692307692307,T,C,-150.8,-39.4,0.06342879034513205
1354,1SXJ_4,D,G,0.1071428571428571,S,C,-31.7,150.0,0.019292242724332255
1355,1SXJ_4,D,W,0.1674008810572687,-,C,-39.6,102.4,0.034690222447699294
1356,1SXJ_4,D,S,0.1076923076923077,-,C,-64.9,56.0,0.019396474093550782
1357,1SXJ_4,D,A,0.160377358490566,-,C,-107.9,114.5,0.03241360691035636
1358,1SXJ_4,D,A,0.2169811320754717,T,C,-68.9,-12.3,0.05571447061191384
1359,1SXJ_4,D,S,0.3230769230769231,T,C,-57.9,-17.1,0.14563801637576332
1360,1SXJ_4,D,V,0.0211267605633802,H,H,-51.0,-33.8,0.008254300430304179
1361,1SXJ_4,D,V,0.0422535211267605,H,H,-63.7,-51.0,0.010176305745842766
1362,1SXJ_4,D,N,0.2929936305732484,H,H,-54.7,-41.6,0.11204070161168855
1363,1SXJ_4,D,Q,0.1161616161616161,H,H,-74.8,-36.0,0.021074663483429377
1364,1SXJ_4,D,L,0.024390243902439,H,H,-62.7,-30.2,0.008525787363087997
1365,1SXJ_4,D,H,0.0217391304347826,H,H,-65.2,-71.3,0.008304581304152738
1366,1SXJ_4,D,E,0.5670103092783505,H,H,-41.3,-39.3,0.6615262430175152
1367,1SXJ_4,D,Y,0.3243243243243243,H,H,-61.4,-83.3,0.14719699859656984
1368,1SXJ_4,D,Y,0.0225225225225225,H,H,-39.4,-40.1,0.00836934760454895
1369,1SXJ_4,D,I,0.0236686390532544,H,H,-72.3,-23.0,0.008465005223470613
1370,1SXJ_4,D,T,0.6408450704225352,H,H,-94.2,-43.8,0.8035214640103362
1371,1SXJ_4,D,N,0.2292993630573248,-,C,-44.3,137.4,0.06256118995068172
1372,1SXJ_4,D,D,0.9631901840490796,S,C,-99.3,9.6,0.9903576552982122
1373,1SXJ_4,D,N,0.732484076433121,S,C,-99.8,-7.1,0.9109135511268797
1374,1SXJ_4,D,F,0.1675126903553299,S,C,-101.3,131.6,0.03472768330139161
1375,1SXJ_4,D,D,0.7668711656441718,-,C,-64.1,161.6,0.9351549498068695
1376,1SXJ_4,D,T,0.4225352112676056,H,H,-59.6,-49.3,0.31547453359199956
1377,1SXJ_4,D,N,0.6815286624203821,H,H,-51.3,-24.6,0.8599995975704107
1378,1SXJ_4,D,F,0.182741116751269,H,H,-83.6,-48.6,0.040210384279065835
1379,1SXJ_4,D,K,0.0682926829268292,H,H,-47.0,-59.1,0.013163283760026687
1380,1SXJ_4,D,N,0.0764331210191082,H,H,-43.5,-71.9,0.014263731444848224
1381,1SXJ_4,D,Q,0.5555555555555556,H,H,-53.1,-41.1,0.6354235592583607
1382,1SXJ_4,D,I,0.0059171597633136,H,H,-64.5,-36.7,0.007097933130732629
1383,1SXJ_4,D,S,0.0076923076923076,H,H,-55.6,-55.8,0.007224138563296865
1384,1SXJ_4,D,W,0.2422907488986784,H,H,-56.7,-36.2,0.07062733781525622
1385,1SXJ_4,D,L,0.1463414634146341,H,H,-67.8,-46.0,0.028289000901214872
1386,1SXJ_4,D,L,0.024390243902439,H,H,-60.2,-39.8,0.008525787363087997
1387,1SXJ_4,D,F,0.0304568527918781,H,H,-59.9,-51.6,0.009054196680898761
1388,1SXJ_4,D,T,0.1690140845070422,H,H,-55.2,-60.1,0.03523450664410364
1389,1SXJ_4,D,T,0.0070422535211267,H,H,-55.5,-41.3,0.007177666030243104
1390,1SXJ_4,D,D,0.0674846625766871,H,H,-57.8,-53.2,0.013058733663543333
1391,1SXJ_4,D,S,0.1384615384615384,H,H,-57.5,-40.7,0.026201579784669356
1392,1SXJ_4,D,R,0.1411290322580645,H,H,-62.5,-39.6,0.026890863012123085
1393,1SXJ_4,D,L,0.1036585365853658,H,H,-67.6,-24.3,0.0186439318658453
1394,1SXJ_4,D,N,0.4267515923566879,T,C,-87.3,33.3,0.32464985082490033
1395,1SXJ_4,D,N,0.2356687898089172,T,C,-135.9,24.2,0.06640241289188141
1396,1SXJ_4,D,G,0.8214285714285714,-,C,58.2,48.6,0.9613683488409501
1397,1SXJ_4,D,T,0.1056338028169014,-,C,-91.5,170.5,0.01900879044166859
1398,1SXJ_4,D,N,0.1656050955414012,-,C,-73.7,106.5,0.034093870271946665
1399,1SXJ_4,D,E,0.1494845360824742,H,H,-36.5,-57.2,0.029165920984273636
1400,1SXJ_4,D,H,0.1630434782608695,H,H,-50.5,-70.8,0.0332602860199881
1401,1SXJ_4,D,I,0.0,H,H,-36.9,-67.0,0.0066928509242848554
1402,1SXJ_4,D,Q,0.0,H,H,-44.5,-51.6,0.0066928509242848554
1403,1SXJ_4,D,L,0.0792682926829268,H,H,-63.2,-40.3,0.014667903409595414
1404,1SXJ_4,D,L,0.0,H,H,-57.4,-59.8,0.0066928509242848554
1405,1SXJ_4,D,N,0.0,H,H,-49.3,-46.5,0.0066928509242848554
1406,1SXJ_4,D,L,0.0182926829268292,H,H,-54.5,-44.2,0.008025502055605578
1407,1SXJ_4,D,L,0.0304878048780487,H,H,-71.8,-36.8,0.00905697419165119
1408,1SXJ_4,D,V,0.0211267605633802,H,H,-69.4,-31.6,0.008254300430304179
1409,1SXJ_4,D,K,0.1414634146341463,H,H,-79.7,-43.8,0.026978501900443933
1410,1SXJ_4,D,I,0.0532544378698224,H,H,-61.1,-31.9,0.0113462640785512
1411,1SXJ_4,D,S,0.1923076923076923,H,H,-64.2,-45.8,0.04406925572663452
1412,1SXJ_4,D,Q,0.5353535353535354,H,H,-55.4,-27.4,0.5874746295981818
1413,1SXJ_4,D,L,0.5121951219512195,-,C,-68.2,360.0,0.5304500761807918
