dssp_index,Protein_id,chain,aa,eight_hot_ss,three_hot_ss,rsa,phi,psi,test_interaction_score,avg_volume_buried,norm_vdw_volume,num_hb_donors,positive_charge,negative_charge,avg_accessible_surface_area,hydrophobicity,avg_interactions_per_atom,polarity
1,2B4X_2,I,V,-,C,1.0,360.0,97.0,0.9933071490757152,155.0,4.11,0.0,0.0,4.86,64.0,0.291,0.85,5.96
2,2B4X_2,I,D,-,C,0.5521472392638037,-114.4,169.6,0.627491996450901,150.0,4.74,4.0,1.0,5.69,19.0,0.335,0.87,2.77
3,2B4X_2,I,I,T,C,0.2544378698224852,-38.4,-40.8,0.0790284448649564,175.0,4.92,0.0,0.0,4.81,66.0,0.278,0.76,6.02
4,2B4X_2,I,C,T,C,0.4444444444444444,-82.2,0.8,0.3645764407416393,135.0,4.47,0.0,0.0,3.67,74.0,0.339,0.85,5.05
5,2B4X_2,I,T,T,C,0.5211267605633803,-124.4,-7.3,0.5526213218419218,140.0,4.11,2.0,0.0,3.87,30.0,0.251,0.92,5.66
6,2B4X_2,I,A,-,C,0.0660377358490566,-56.2,132.4,0.0128735587222852,115.0,2.87,0.0,0.0,4.76,51.0,0.305,0.89,6.0
7,2B4X_2,I,K,-,C,0.5804878048780487,-115.7,149.9,0.6910169749106708,200.0,6.89,1.0,0.0,4.27,3.0,0.391,0.97,9.74
8,2B4X_2,I,P,G,H,0.5808823529411765,-32.3,-31.6,0.6918587489061792,145.0,4.11,0.0,0.0,0.0,25.0,0.346,0.82,6.3
9,2B4X_2,I,R,G,H,0.7459677419354839,-70.9,-18.3,0.92126626770834,225.0,7.82,3.0,0.0,4.3,5.0,0.227,0.88,10.76
10,2B4X_2,I,D,G,H,0.294478527607362,-91.8,2.7,0.1135265219852964,150.0,4.74,4.0,1.0,5.69,19.0,0.335,0.87,2.77
11,2B4X_2,I,I,S,C,0.059171597633136,-134.2,66.6,0.0120295813988594,175.0,4.92,0.0,0.0,4.81,66.0,0.278,0.76,6.02
12,2B4X_2,I,P,-,C,0.5808823529411765,-75.8,158.6,0.6918587489061792,145.0,4.11,0.0,0.0,0.0,25.0,0.346,0.82,6.3
13,2B4X_2,I,M,-,C,0.1702127659574468,-155.6,132.9,0.0356442526759582,185.0,6.36,0.0,0.0,4.25,52.0,0.28,0.74,5.74
14,2B4X_2,I,N,-,C,0.4267515923566879,-41.6,114.5,0.3246498508249003,160.0,4.58,3.0,0.0,3.64,22.0,0.322,0.89,5.41
15,2B4X_2,I,P,T,C,0.7426470588235294,-58.8,178.1,0.9188236743333666,145.0,4.11,0.0,0.0,0.0,25.0,0.346,0.82,6.3
16,2B4X_2,I,M,T,C,0.6808510638297872,53.2,13.4,0.8591817750760197,185.0,6.36,0.0,0.0,4.25,52.0,0.28,0.74,5.74
17,2B4X_2,I,C,S,C,0.1555555555555555,-147.7,55.6,0.0309349704919535,135.0,4.47,0.0,0.0,3.67,74.0,0.339,0.85,5.05
18,2B4X_2,I,I,-,C,0.3254437869822485,-140.7,159.9,0.1486078178374663,175.0,4.92,0.0,0.0,4.81,66.0,0.278,0.76,6.02
19,2B4X_2,I,Y,-,C,0.1756756756756756,-123.5,154.4,0.0375704423443908,230.0,4.73,2.0,0.0,4.3,24.0,0.293,0.49,5.66
20,2B4X_2,I,R,B,E,0.7298387096774194,-131.8,109.7,0.908743370916065,225.0,7.82,3.0,0.0,4.3,5.0,0.227,0.88,10.76
21,2B4X_2,I,S,P,P,0.0461538461538461,-83.6,149.5,0.0105767757778774,115.0,3.97,2.0,0.0,3.83,35.0,0.326,0.96,5.68
22,2B4X_2,I,P,P,P,0.6102941176470589,-61.4,168.0,0.7508107877445399,145.0,4.11,0.0,0.0,0.0,25.0,0.346,0.82,6.3
23,2B4X_2,I,E,P,P,0.7731958762886598,-84.8,137.7,0.9388863252983836,190.0,5.97,4.0,1.0,5.48,16.0,0.282,0.84,3.22
24,2B4X_2,I,K,-,C,0.3902439024390244,-84.4,107.8,0.2501971730029189,200.0,6.89,1.0,0.0,4.27,3.0,0.391,0.97,9.74
25,2B4X_2,I,K,-,C,1.0,-50.4,360.0,0.9933071490757152,200.0,6.89,1.0,0.0,4.27,3.0,0.391,0.97,9.74
27,2B4X_2,I,E,-,C,1.0,360.0,-52.4,0.9933071490757152,190.0,5.97,4.0,1.0,5.48,16.0,0.282,0.84,3.22
28,2B4X_2,I,Q,-,C,0.2474747474747475,-178.4,94.2,0.0741067363250473,180.0,6.11,3.0,0.0,4.54,16.0,0.306,0.82,5.65
29,2B4X_2,I,K,-,C,0.2878048780487804,-72.1,-8.6,0.106981514857625,200.0,6.89,1.0,0.0,4.27,3.0,0.391,0.97,9.74
30,2B4X_2,I,I,-,C,0.3964497041420118,-17.1,106.0,0.2620186326483574,175.0,4.92,0.0,0.0,4.81,66.0,0.278,0.76,6.02
31,2B4X_2,I,P,-,C,0.5367647058823529,-75.6,-158.1,0.5908903027757125,145.0,4.11,0.0,0.0,0.0,25.0,0.346,0.82,6.3
32,2B4X_2,I,E,S,C,0.4690721649484536,-57.2,-138.5,0.4232908950874288,190.0,5.97,4.0,1.0,5.48,16.0,0.282,0.84,3.22
33,2B4X_2,I,A,S,C,0.9433962264150944,-64.7,76.0,0.9882718081276712,115.0,2.87,0.0,0.0,4.76,51.0,0.305,0.89,6.0
34,2B4X_2,I,T,-,C,0.2112676056338028,-126.6,107.0,0.0527837548976189,140.0,4.11,2.0,0.0,3.87,30.0,0.251,0.92,5.66
35,2B4X_2,I,N,-,C,0.2802547770700637,-46.2,113.1,0.0999795131889506,160.0,4.58,3.0,0.0,3.64,22.0,0.322,0.89,5.41
36,2B4X_2,I,R,H,H,0.4435483870967742,-50.8,-37.1,0.3625031599138431,225.0,7.82,3.0,0.0,4.3,5.0,0.227,0.88,10.76
37,2B4X_2,I,R,H,H,0.1290322580645161,-65.6,-37.5,0.0239002137367078,225.0,7.82,3.0,0.0,4.3,5.0,0.227,0.88,10.76
38,2B4X_2,I,V,H,H,0.0140845070422535,-69.3,-34.9,0.0076973279115775,155.0,4.11,0.0,0.0,4.86,64.0,0.291,0.85,5.96
39,2B4X_2,I,W,H,H,0.0616740088105726,-67.1,-50.9,0.0123306503788915,255.0,7.68,0.0,0.0,4.75,49.0,0.291,0.2,5.89
40,2B4X_2,I,E,H,H,0.2525773195876288,-58.3,-48.4,0.0776848438840443,190.0,5.97,4.0,1.0,5.48,16.0,0.282,0.84,3.22
41,2B4X_2,I,L,H,H,0.0,-59.0,-51.6,0.0066928509242848,170.0,4.92,0.0,0.0,4.79,60.0,0.262,0.73,5.98
42,2B4X_2,I,S,H,H,0.0,-56.0,-27.7,0.0066928509242848,115.0,3.97,2.0,0.0,3.83,35.0,0.326,0.96,5.68
43,2B4X_2,I,K,H,H,0.2146341463414634,-72.0,-38.4,0.0544925106277724,200.0,6.89,1.0,0.0,4.27,3.0,0.391,0.97,9.74
44,2B4X_2,I,A,H,H,0.0,-68.6,-42.7,0.0066928509242848,115.0,2.87,0.0,0.0,4.76,51.0,0.305,0.89,6.0
45,2B4X_2,I,N,H,H,0.0509554140127388,-61.0,-36.4,0.0110912466372711,160.0,4.58,3.0,0.0,3.64,22.0,0.322,0.89,5.41
46,2B4X_2,I,S,H,H,0.0923076923076923,-71.0,-40.7,0.0166767384493212,115.0,3.97,2.0,0.0,3.83,35.0,0.326,0.96,5.68
47,2B4X_2,I,R,H,H,0.2379032258064516,-57.2,-40.7,0.067801102717438,225.0,7.82,3.0,0.0,4.3,5.0,0.227,0.88,10.76
48,2B4X_2,I,F,H,H,0.0,-71.5,-44.5,0.0066928509242848,210.0,4.62,0.0,0.0,4.31,58.0,0.195,0.52,5.48
49,2B4X_2,I,A,H,H,0.0094339622641509,-51.8,-44.4,0.0073501272725619,115.0,2.87,0.0,0.0,4.76,51.0,0.305,0.89,6.0
50,2B4X_2,I,T,H,H,0.0070422535211267,-71.3,-48.4,0.0071776660302431,140.0,4.11,2.0,0.0,3.87,30.0,0.251,0.92,5.66
51,2B4X_2,I,T,H,H,0.2957746478873239,-57.5,-60.5,0.1148374631262655,140.0,4.11,2.0,0.0,3.87,30.0,0.251,0.92,5.66
52,2B4X_2,I,F,H,H,0.0050761421319796,-47.6,-50.5,0.0070389070062468,210.0,4.62,0.0,0.0,4.31,58.0,0.195,0.52,5.48
53,2B4X_2,I,Y,H,H,0.036036036036036,-55.9,-42.2,0.0095687332659235,230.0,4.73,2.0,0.0,4.3,24.0,0.293,0.49,5.66
54,2B4X_2,I,Q,H,H,0.2676767676767677,-66.5,-30.6,0.0892170602511984,180.0,6.11,3.0,0.0,4.54,16.0,0.306,0.82,5.65
55,2B4X_2,I,H,H,H,0.3695652173913043,-75.2,-38.5,0.2134341943356733,195.0,5.23,1.0,0.0,2.84,34.0,0.215,0.83,7.59
56,2B4X_2,I,L,H,H,0.048780487804878,-71.5,-20.9,0.010855214834974,170.0,4.92,0.0,0.0,4.79,60.0,0.262,0.73,5.98
57,2B4X_2,I,A,H,H,0.0754716981132075,-75.2,-46.7,0.0141291820963297,115.0,2.87,0.0,0.0,4.76,51.0,0.305,0.89,6.0
58,2B4X_2,I,D,H,H,0.6196319018404908,-60.4,-44.8,0.7678693101846205,150.0,4.74,4.0,1.0,5.69,19.0,0.335,0.87,2.77
59,2B4X_2,I,S,T,C,0.6230769230769231,-65.3,4.3,0.7739531792866866,115.0,3.97,2.0,0.0,3.83,35.0,0.326,0.96,5.68
60,2B4X_2,I,K,S,C,0.2048780487804878,-129.4,161.8,0.0496789056472351,200.0,6.89,1.0,0.0,4.27,3.0,0.391,0.97,9.74
61,2B4X_2,I,N,-,C,0.5286624203821656,-77.6,145.5,0.5711694820068048,160.0,4.58,3.0,0.0,3.64,22.0,0.322,0.89,5.41
62,2B4X_2,I,D,T,C,0.4662576687116564,-55.4,-31.8,0.4164355206345919,150.0,4.74,4.0,1.0,5.69,19.0,0.335,0.87,2.77
63,2B4X_2,I,N,T,C,0.2547770700636942,-83.4,-2.4,0.0792756776017337,160.0,4.58,3.0,0.0,3.64,22.0,0.322,0.89,5.41
64,2B4X_2,I,D,S,C,0.4601226993865031,-85.4,142.0,0.4016071740128055,150.0,4.74,4.0,1.0,5.69,19.0,0.335,0.87,2.77
65,2B4X_2,I,N,-,C,0.2738853503184713,-80.2,175.2,0.0943923180555627,160.0,4.58,3.0,0.0,3.64,22.0,0.322,0.89,5.41
66,2B4X_2,I,I,E,E,0.0,-154.0,159.2,0.0066928509242848,175.0,4.92,0.0,0.0,4.81,66.0,0.278,0.76,6.02
67,2B4X_2,I,F,E,E,0.015228426395939,173.3,119.6,0.0077851952468778,210.0,4.62,0.0,0.0,4.31,58.0,0.195,0.52,5.48
68,2B4X_2,I,L,E,E,0.0,-141.8,-159.8,0.0066928509242848,170.0,4.92,0.0,0.0,4.79,60.0,0.262,0.73,5.98
69,2B4X_2,I,S,-,C,0.0,-152.0,83.5,0.0066928509242848,115.0,3.97,2.0,0.0,3.83,35.0,0.326,0.96,5.68
70,2B4X_2,I,P,H,H,0.0147058823529411,-50.5,-36.6,0.0077449345267421,145.0,4.11,0.0,0.0,0.0,25.0,0.346,0.82,6.3
71,2B4X_2,I,L,H,H,0.0121951219512195,-55.7,-42.1,0.0075543493521099,170.0,4.92,0.0,0.0,4.79,60.0,0.262,0.73,5.98
72,2B4X_2,I,S,H,H,0.0,-54.6,-75.9,0.0066928509242848,115.0,3.97,2.0,0.0,3.83,35.0,0.326,0.96,5.68
73,2B4X_2,I,I,H,H,0.0,-38.9,-42.3,0.0066928509242848,175.0,4.92,0.0,0.0,4.81,66.0,0.278,0.76,6.02
74,2B4X_2,I,S,H,H,0.0,-68.1,-45.8,0.0066928509242848,115.0,3.97,2.0,0.0,3.83,35.0,0.326,0.96,5.68
75,2B4X_2,I,T,H,H,0.0070422535211267,-68.2,-24.7,0.0071776660302431,140.0,4.11,2.0,0.0,3.87,30.0,0.251,0.92,5.66
76,2B4X_2,I,A,H,H,0.0,-68.9,-76.4,0.0066928509242848,115.0,2.87,0.0,0.0,4.76,51.0,0.305,0.89,6.0
77,2B4X_2,I,F,H,H,0.0101522842639593,-53.2,-9.8,0.0074027226839739,210.0,4.62,0.0,0.0,4.31,58.0,0.195,0.52,5.48
78,2B4X_2,I,A,H,H,0.0,-79.5,-48.2,0.0066928509242848,115.0,2.87,0.0,0.0,4.76,51.0,0.305,0.89,6.0
79,2B4X_2,I,M,H,H,0.0159574468085106,-52.7,-54.1,0.0078417116054375,185.0,6.36,0.0,0.0,4.25,52.0,0.28,0.74,5.74
80,2B4X_2,I,T,H,H,0.0211267605633802,-55.9,-54.3,0.0082543004303041,140.0,4.11,2.0,0.0,3.87,30.0,0.251,0.92,5.66
81,2B4X_2,I,K,H,H,0.0048780487804878,-47.2,-25.3,0.0070250750589412,200.0,6.89,1.0,0.0,4.27,3.0,0.391,0.97,9.74
82,2B4X_2,I,L,T,C,0.0975609756097561,-50.4,-36.8,0.017560438905678,170.0,4.92,0.0,0.0,4.79,60.0,0.262,0.73,5.98
83,2B4X_2,I,G,T,C,0.0714285714285714,-106.4,17.5,0.0135769169437443,75.0,2.06,0.0,0.0,3.77,52.0,0.352,0.92,5.97
84,2B4X_2,I,A,-,C,0.0471698113207547,-76.8,174.7,0.010683625973337,115.0,2.87,0.0,0.0,4.76,51.0,0.305,0.89,6.0
85,2B4X_2,I,C,-,C,0.0148148148148148,-172.4,158.1,0.0077533104230743,135.0,4.47,0.0,0.0,3.67,74.0,0.339,0.85,5.05
86,2B4X_2,I,N,H,H,0.7197452229299363,48.7,-147.2,0.9000204868110493,160.0,4.58,3.0,0.0,3.64,22.0,0.322,0.89,5.41
87,2B4X_2,I,D,H,H,0.6503067484662577,-52.5,-16.8,0.818031535043369,150.0,4.74,4.0,1.0,5.69,19.0,0.335,0.87,2.77
88,2B4X_2,I,T,H,H,0.0140845070422535,-78.1,-47.9,0.0076973279115775,140.0,4.11,2.0,0.0,3.87,30.0,0.251,0.92,5.66
89,2B4X_2,I,L,H,H,0.0121951219512195,-64.0,-47.7,0.0075543493521099,170.0,4.92,0.0,0.0,4.79,60.0,0.262,0.73,5.98
90,2B4X_2,I,Q,H,H,0.1464646464646464,-51.2,-22.7,0.0283228820443031,180.0,6.11,3.0,0.0,4.54,16.0,0.306,0.82,5.65
91,2B4X_2,I,Q,H,H,0.1414141414141414,-89.9,-36.7,0.0269655703680902,180.0,6.11,3.0,0.0,4.54,16.0,0.306,0.82,5.65
92,2B4X_2,I,L,H,H,0.0,-61.7,-43.7,0.0066928509242848,170.0,4.92,0.0,0.0,4.79,60.0,0.262,0.73,5.98
93,2B4X_2,I,M,H,H,0.0,-63.0,-65.8,0.0066928509242848,185.0,6.36,0.0,0.0,4.25,52.0,0.28,0.74,5.74
94,2B4X_2,I,E,H,H,0.4948453608247423,-45.2,-38.2,0.4871162546442348,190.0,5.97,4.0,1.0,5.48,16.0,0.282,0.84,3.22
95,2B4X_2,I,V,H,H,0.0985915492957746,-82.1,-27.5,0.0177391210054818,155.0,4.11,0.0,0.0,4.86,64.0,0.291,0.85,5.96
96,2B4X_2,I,F,T,C,0.0,-102.7,19.0,0.0066928509242848,210.0,4.62,0.0,0.0,4.31,58.0,0.195,0.52,5.48
97,2B4X_2,I,K,T,C,0.2780487804878049,52.3,10.6,0.0980119205170635,200.0,6.89,1.0,0.0,4.27,3.0,0.391,0.97,9.74
98,2B4X_2,I,F,G,H,0.0,-61.6,-26.3,0.0066928509242848,210.0,4.62,0.0,0.0,4.31,58.0,0.195,0.52,5.48
99,2B4X_2,I,D,G,H,0.1656441717791411,-75.1,4.5,0.0341067409977536,150.0,4.74,4.0,1.0,5.69,19.0,0.335,0.87,2.77
100,2B4X_2,I,T,G,H,0.323943661971831,-100.5,3.1,0.1467197944406345,140.0,4.11,2.0,0.0,3.87,30.0,0.251,0.92,5.66
101,2B4X_2,I,I,S,C,0.0177514792899408,-94.0,89.4,0.0079825308480685,175.0,4.92,0.0,0.0,4.81,66.0,0.278,0.76,6.02
102,2B4X_2,I,S,T,C,0.3153846153846154,-24.4,121.6,0.1363251122851137,115.0,3.97,2.0,0.0,3.83,35.0,0.326,0.96,5.68
103,2B4X_2,I,E,T,C,0.5618556701030928,66.4,-38.6,0.649890221628919,190.0,5.97,4.0,1.0,5.48,16.0,0.282,0.84,3.22
104,2B4X_2,I,K,-,C,0.2439024390243902,-35.4,136.2,0.0716925856053006,200.0,6.89,1.0,0.0,4.27,3.0,0.391,0.97,9.74
105,2B4X_2,I,T,B,E,0.1126760563380281,-100.6,145.1,0.0203674515452521,140.0,4.11,2.0,0.0,3.87,30.0,0.251,0.92,5.66
106,2B4X_2,I,S,H,H,0.0,-37.8,-31.2,0.0066928509242848,115.0,3.97,2.0,0.0,3.83,35.0,0.326,0.96,5.68
107,2B4X_2,I,D,H,H,0.2883435582822086,-73.3,-33.4,0.1074972415435613,150.0,4.74,4.0,1.0,5.69,19.0,0.335,0.87,2.77
108,2B4X_2,I,Q,H,H,0.2777777777777778,-69.0,-38.5,0.0977725998507993,180.0,6.11,3.0,0.0,4.54,16.0,0.306,0.82,5.65
109,2B4X_2,I,I,H,H,0.0,-45.1,-44.2,0.0066928509242848,175.0,4.92,0.0,0.0,4.81,66.0,0.278,0.76,6.02
110,2B4X_2,I,H,H,H,0.0217391304347826,-69.6,-21.8,0.0083045813041527,195.0,5.23,1.0,0.0,2.84,34.0,0.215,0.83,7.59
111,2B4X_2,I,F,H,H,0.1218274111675127,-80.8,-29.4,0.0222758185221276,210.0,4.62,0.0,0.0,4.31,58.0,0.195,0.52,5.48
112,2B4X_2,I,F,H,H,0.0101522842639593,-70.7,-49.5,0.0074027226839739,210.0,4.62,0.0,0.0,4.31,58.0,0.195,0.52,5.48
113,2B4X_2,I,F,H,H,0.0,-56.8,-33.7,0.0066928509242848,210.0,4.62,0.0,0.0,4.31,58.0,0.195,0.52,5.48
114,2B4X_2,I,A,H,H,0.0283018867924528,-57.5,-52.1,0.0088628799098684,115.0,2.87,0.0,0.0,4.76,51.0,0.305,0.89,6.0
115,2B4X_2,I,K,H,H,0.2926829268292683,-62.4,-42.6,0.1117319623710603,200.0,6.89,1.0,0.0,4.27,3.0,0.391,0.97,9.74
116,2B4X_2,I,L,H,H,0.0,-69.3,-47.8,0.0066928509242848,170.0,4.92,0.0,0.0,4.79,60.0,0.262,0.73,5.98
117,2B4X_2,I,N,H,H,0.0445859872611464,-60.3,-37.0,0.0104139535397916,160.0,4.58,3.0,0.0,3.64,22.0,0.322,0.89,5.41
118,2B4X_2,I,C,H,H,0.1629629629629629,-56.2,-62.4,0.0332344068260992,135.0,4.47,0.0,0.0,3.67,74.0,0.339,0.85,5.05
119,2B4X_2,I,R,H,H,0.5282258064516129,-64.2,-30.7,0.5700997313810358,225.0,7.82,3.0,0.0,4.3,5.0,0.227,0.88,10.76
120,2B4X_2,I,L,H,H,0.0975609756097561,-62.4,-78.9,0.017560438905678,170.0,4.92,0.0,0.0,4.79,60.0,0.262,0.73,5.98
121,2B4X_2,I,Y,T,C,0.2477477477477477,-87.7,65.7,0.0742942731964145,230.0,4.73,2.0,0.0,4.3,24.0,0.293,0.49,5.66
122,2B4X_2,I,R,-,C,0.2379032258064516,-129.4,53.2,0.067801102717438,225.0,7.82,3.0,0.0,4.3,5.0,0.227,0.88,10.76
123,2B4X_2,I,K,-,C,1.0,37.7,360.0,0.9933071490757152,200.0,6.89,1.0,0.0,4.27,3.0,0.391,0.97,9.74
125,2B4X_2,I,K,-,C,0.8829268292682927,360.0,-54.2,0.9787364547633468,200.0,6.89,1.0,0.0,4.27,3.0,0.391,0.97,9.74
126,2B4X_2,I,S,-,C,0.3230769230769231,-129.5,163.5,0.1456380163757633,115.0,3.97,2.0,0.0,3.83,35.0,0.326,0.96,5.68
127,2B4X_2,I,S,-,C,0.2307692307692307,70.0,65.8,0.063428790345132,115.0,3.97,2.0,0.0,3.83,35.0,0.326,0.96,5.68
128,2B4X_2,I,K,E,E,0.1707317073170731,-92.5,141.1,0.035823062712641,200.0,6.89,1.0,0.0,4.27,3.0,0.391,0.97,9.74
129,2B4X_2,I,L,E,E,0.1341463414634146,-125.2,127.2,0.0251227786586126,170.0,4.92,0.0,0.0,4.79,60.0,0.262,0.73,5.98
130,2B4X_2,I,V,E,E,0.4084507042253521,-127.0,135.0,0.2858771245896798,155.0,4.11,0.0,0.0,4.86,64.0,0.291,0.85,5.96
131,2B4X_2,I,S,E,E,0.3,-97.7,125.6,0.1192029220221175,115.0,3.97,2.0,0.0,3.83,35.0,0.326,0.96,5.68
132,2B4X_2,I,A,E,E,0.0,-120.7,73.7,0.0066928509242848,115.0,2.87,0.0,0.0,4.76,51.0,0.305,0.89,6.0
133,2B4X_2,I,N,E,E,0.0254777070063694,-120.8,135.7,0.0086182047114546,160.0,4.58,3.0,0.0,3.64,22.0,0.322,0.89,5.41
134,2B4X_2,I,R,E,E,0.2096774193548387,-164.4,149.3,0.0519943301293106,225.0,7.82,3.0,0.0,4.3,5.0,0.227,0.88,10.76
135,2B4X_2,I,L,E,E,0.0853658536585365,-102.8,145.9,0.0155757541627442,170.0,4.92,0.0,0.0,4.79,60.0,0.262,0.73,5.98
136,2B4X_2,I,F,E,E,0.0304568527918781,-130.5,123.3,0.0090541966808987,210.0,4.62,0.0,0.0,4.31,58.0,0.195,0.52,5.48
137,2B4X_2,I,G,E,E,0.1666666666666666,-140.2,163.0,0.0344451956662111,75.0,2.06,0.0,0.0,3.77,52.0,0.352,0.92,5.97
138,2B4X_2,I,D,E,E,0.3067484662576687,-53.0,151.5,0.1264724316109151,150.0,4.74,4.0,1.0,5.69,19.0,0.335,0.87,2.77
139,2B4X_2,I,K,S,C,0.2926829268292683,-71.6,20.9,0.1117319623710603,200.0,6.89,1.0,0.0,4.27,3.0,0.391,0.97,9.74
140,2B4X_2,I,S,-,C,0.6846153846153846,-86.0,-146.4,0.8636748877148862,115.0,3.97,2.0,0.0,3.83,35.0,0.326,0.96,5.68
141,2B4X_2,I,L,S,C,0.5365853658536586,-23.9,-179.8,0.5904566975056744,170.0,4.92,0.0,0.0,4.79,60.0,0.262,0.73,5.98
142,2B4X_2,I,T,-,C,0.6971830985915493,-41.9,131.6,0.8778076431585103,140.0,4.11,2.0,0.0,3.87,30.0,0.251,0.92,5.66
143,2B4X_2,I,F,-,C,0.2131979695431472,-127.9,71.1,0.0537572650922644,210.0,4.62,0.0,0.0,4.31,58.0,0.195,0.52,5.48
144,2B4X_2,I,N,-,C,0.4331210191082802,-32.0,110.4,0.3387678757670804,160.0,4.58,3.0,0.0,3.64,22.0,0.322,0.89,5.41
145,2B4X_2,I,E,H,H,0.7783505154639175,-52.3,-44.6,0.941777937864698,190.0,5.97,4.0,1.0,5.48,16.0,0.282,0.84,3.22
146,2B4X_2,I,T,H,H,0.6338028169014085,-49.3,-43.4,0.7921654875354571,140.0,4.11,2.0,0.0,3.87,30.0,0.251,0.92,5.66
147,2B4X_2,I,Y,H,H,0.0495495495495495,-51.6,-75.7,0.0109381033138114,230.0,4.73,2.0,0.0,4.3,24.0,0.293,0.49,5.66
148,2B4X_2,I,Q,H,H,0.0353535353535353,-40.7,-54.2,0.0095042675279276,180.0,6.11,3.0,0.0,4.54,16.0,0.306,0.82,5.65
149,2B4X_2,I,D,H,H,0.5828220858895705,-43.4,-29.5,0.6959786084268562,150.0,4.74,4.0,1.0,5.69,19.0,0.335,0.87,2.77
150,2B4X_2,I,I,H,H,0.0946745562130177,-100.2,-37.5,0.0170693445113979,175.0,4.92,0.0,0.0,4.81,66.0,0.278,0.76,6.02
151,2B4X_2,I,S,H,H,0.0153846153846153,-67.9,13.8,0.0077972694796407,115.0,3.97,2.0,0.0,3.83,35.0,0.326,0.96,5.68
152,2B4X_2,I,E,H,H,0.5463917525773195,-116.2,-49.3,0.6139431096839484,190.0,5.97,4.0,1.0,5.48,16.0,0.282,0.84,3.22
153,2B4X_2,I,L,H,H,0.2317073170731707,-65.5,-51.2,0.0639883534842083,170.0,4.92,0.0,0.0,4.79,60.0,0.262,0.73,5.98
154,2B4X_2,I,V,T,C,0.0140845070422535,-77.6,-63.9,0.0076973279115775,155.0,4.11,0.0,0.0,4.86,64.0,0.291,0.85,5.96
155,2B4X_2,I,Y,S,C,0.0585585585585585,-90.5,-6.3,0.0119569400287781,230.0,4.73,2.0,0.0,4.3,24.0,0.293,0.49,5.66
156,2B4X_2,I,G,-,C,0.6547619047619048,55.2,62.6,0.824569582270483,75.0,2.06,0.0,0.0,3.77,52.0,0.352,0.92,5.97
157,2B4X_2,I,A,-,C,0.0660377358490566,174.8,121.2,0.0128735587222852,115.0,2.87,0.0,0.0,4.76,51.0,0.305,0.89,6.0
158,2B4X_2,I,K,-,C,0.3073170731707317,-81.5,167.0,0.1271019476906755,200.0,6.89,1.0,0.0,4.27,3.0,0.391,0.97,9.74
159,2B4X_2,I,L,-,C,0.2256097560975609,-37.6,-84.3,0.0604319426616074,170.0,4.92,0.0,0.0,4.79,60.0,0.262,0.73,5.98
160,2B4X_2,I,Q,-,C,0.398989898989899,83.6,94.4,0.2669600833870328,180.0,6.11,3.0,0.0,4.54,16.0,0.306,0.82,5.65
161,2B4X_2,I,P,E,E,0.5,-89.4,141.5,0.5,145.0,4.11,0.0,0.0,0.0,25.0,0.346,0.82,6.3
162,2B4X_2,I,L,E,E,0.1402439024390244,-124.3,173.6,0.0266602118900361,170.0,4.92,0.0,0.0,4.79,60.0,0.262,0.73,5.98
163,2B4X_2,I,D,-,C,0.3435582822085889,-99.3,88.3,0.1730137241744645,150.0,4.74,4.0,1.0,5.69,19.0,0.335,0.87,2.77
164,2B4X_2,I,F,T,C,0.0304568527918781,-83.4,80.8,0.0090541966808987,210.0,4.62,0.0,0.0,4.31,58.0,0.195,0.52,5.48
165,2B4X_2,I,K,T,C,0.2390243902439024,175.0,-88.9,0.0685131677237394,200.0,6.89,1.0,0.0,4.27,3.0,0.391,0.97,9.74
166,2B4X_2,I,E,T,C,0.3195876288659793,-73.0,-25.0,0.1413498292261858,190.0,5.97,4.0,1.0,5.48,16.0,0.282,0.84,3.22
167,2B4X_2,I,N,T,C,0.4267515923566879,-128.2,38.5,0.3246498508249003,160.0,4.58,3.0,0.0,3.64,22.0,0.322,0.89,5.41
168,2B4X_2,I,A,S,C,0.0754716981132075,-64.0,-16.6,0.0141291820963297,115.0,2.87,0.0,0.0,4.76,51.0,0.305,0.89,6.0
169,2B4X_2,I,E,T,C,0.5824742268041238,-98.6,-42.7,0.695242063709919,190.0,5.97,4.0,1.0,5.48,16.0,0.282,0.84,3.22
170,2B4X_2,I,Q,T,C,0.5909090909090909,-76.4,11.9,0.7128140986174974,180.0,6.11,3.0,0.0,4.54,16.0,0.306,0.82,5.65
171,2B4X_2,I,S,T,C,0.0153846153846153,-94.1,-63.4,0.0077972694796407,115.0,3.97,2.0,0.0,3.83,35.0,0.326,0.96,5.68
172,2B4X_2,I,R,T,C,0.2096774193548387,-63.9,54.4,0.0519943301293106,225.0,7.82,3.0,0.0,4.3,5.0,0.227,0.88,10.76
173,2B4X_2,I,A,T,C,0.4056603773584906,-175.6,-29.6,0.2802148314297909,115.0,2.87,0.0,0.0,4.76,51.0,0.305,0.89,6.0
174,2B4X_2,I,A,H,H,0.4339622641509434,-75.8,-32.0,0.340654848293303,115.0,2.87,0.0,0.0,4.76,51.0,0.305,0.89,6.0
175,2B4X_2,I,I,H,H,0.0,-76.0,-72.6,0.0066928509242848,175.0,4.92,0.0,0.0,4.81,66.0,0.278,0.76,6.02
176,2B4X_2,I,N,H,H,0.1273885350318471,-43.1,-28.5,0.023519735793205,160.0,4.58,3.0,0.0,3.64,22.0,0.322,0.89,5.41
177,2B4X_2,I,K,H,H,0.2878048780487804,-74.9,-37.7,0.106981514857625,200.0,6.89,1.0,0.0,4.27,3.0,0.391,0.97,9.74
178,2B4X_2,I,W,H,H,0.2819383259911894,-64.7,-61.0,0.1015046664700368,255.0,7.68,0.0,0.0,4.75,49.0,0.291,0.2,5.89
179,2B4X_2,I,V,H,H,0.0,-50.8,-62.3,0.0066928509242848,155.0,4.11,0.0,0.0,4.86,64.0,0.291,0.85,5.96
180,2B4X_2,I,S,H,H,0.2461538461538461,-53.3,-7.7,0.0732054840509603,115.0,3.97,2.0,0.0,3.83,35.0,0.326,0.96,5.68
181,2B4X_2,I,N,H,H,0.7834394904458599,-93.7,-49.7,0.9445064073513728,160.0,4.58,3.0,0.0,3.64,22.0,0.322,0.89,5.41
182,2B4X_2,I,K,H,H,0.1463414634146341,-62.7,-43.3,0.0282890009012148,200.0,6.89,1.0,0.0,4.27,3.0,0.391,0.97,9.74
183,2B4X_2,I,T,T,C,0.0,-76.3,31.3,0.0066928509242848,140.0,4.11,2.0,0.0,3.87,30.0,0.251,0.92,5.66
184,2B4X_2,I,E,T,C,0.7010309278350515,41.6,33.6,0.8818752439232861,190.0,5.97,4.0,1.0,5.48,16.0,0.282,0.84,3.22
185,2B4X_2,I,G,T,C,0.4761904761904761,89.9,-4.8,0.4407558026152069,75.0,2.06,0.0,0.0,3.77,52.0,0.352,0.92,5.97
186,2B4X_2,I,R,S,C,0.3024193548387097,-69.1,-55.8,0.1217665829423612,225.0,7.82,3.0,0.0,4.3,5.0,0.227,0.88,10.76
187,2B4X_2,I,I,-,C,0.0059171597633136,-89.4,117.0,0.0070979331307326,175.0,4.92,0.0,0.0,4.81,66.0,0.278,0.76,6.02
188,2B4X_2,I,T,-,C,0.4225352112676056,-105.1,-78.5,0.3154745335919995,140.0,4.11,2.0,0.0,3.87,30.0,0.251,0.92,5.66
189,2B4X_2,I,D,-,C,0.4539877300613497,-71.0,62.3,0.3869567165592955,150.0,4.74,4.0,1.0,5.69,19.0,0.335,0.87,2.77
190,2B4X_2,I,V,-,C,0.0422535211267605,-48.7,-57.7,0.0101763057458427,155.0,4.11,0.0,0.0,4.86,64.0,0.291,0.85,5.96
191,2B4X_2,I,I,S,C,0.0,-100.2,125.7,0.0066928509242848,175.0,4.92,0.0,0.0,4.81,66.0,0.278,0.76,6.02
192,2B4X_2,I,P,-,C,0.4558823529411764,-55.7,-174.1,0.3914606755941183,145.0,4.11,0.0,0.0,0.0,25.0,0.346,0.82,6.3
193,2B4X_2,I,S,T,C,0.6461538461538462,-91.9,141.9,0.8117678656980791,115.0,3.97,2.0,0.0,3.83,35.0,0.326,0.96,5.68
194,2B4X_2,I,E,T,C,0.9072164948453608,63.8,43.7,0.983245055081972,190.0,5.97,4.0,1.0,5.48,16.0,0.282,0.84,3.22
195,2B4X_2,I,A,-,C,0.2075471698113207,-111.9,-23.8,0.0509542757698936,115.0,2.87,0.0,0.0,4.76,51.0,0.305,0.89,6.0
196,2B4X_2,I,I,-,C,0.0710059171597633,-122.4,127.0,0.0135204288319406,175.0,4.92,0.0,0.0,4.81,66.0,0.278,0.76,6.02
197,2B4X_2,I,N,S,C,0.4267515923566879,-140.0,-134.5,0.3246498508249003,160.0,4.58,3.0,0.0,3.64,22.0,0.322,0.89,5.41
198,2B4X_2,I,E,S,C,0.5876288659793815,-97.1,-34.5,0.7060525503131313,190.0,5.97,4.0,1.0,5.48,16.0,0.282,0.84,3.22
199,2B4X_2,I,L,S,C,0.8658536585365854,-72.1,-13.9,0.9748772213413872,170.0,4.92,0.0,0.0,4.79,60.0,0.262,0.73,5.98
200,2B4X_2,I,T,-,C,0.0492957746478873,-64.7,113.0,0.0109106828212528,140.0,4.11,2.0,0.0,3.87,30.0,0.251,0.92,5.66
201,2B4X_2,I,V,-,C,0.2464788732394366,-97.9,-59.7,0.0734263094954869,155.0,4.11,0.0,0.0,4.86,64.0,0.291,0.85,5.96
202,2B4X_2,I,L,E,E,0.073170731707317,-133.3,142.5,0.013812225342486,170.0,4.92,0.0,0.0,4.79,60.0,0.262,0.73,5.98
203,2B4X_2,I,V,E,E,0.0070422535211267,-143.1,126.9,0.0071776660302431,155.0,4.11,0.0,0.0,4.86,64.0,0.291,0.85,5.96
204,2B4X_2,I,L,E,E,0.024390243902439,-100.2,129.0,0.0085257873630879,170.0,4.92,0.0,0.0,4.79,60.0,0.262,0.73,5.98
205,2B4X_2,I,V,E,E,0.0,-123.0,121.6,0.0066928509242848,155.0,4.11,0.0,0.0,4.86,64.0,0.291,0.85,5.96
206,2B4X_2,I,N,E,E,0.0,-135.9,145.5,0.0066928509242848,160.0,4.58,3.0,0.0,3.64,22.0,0.322,0.89,5.41
207,2B4X_2,I,T,E,E,0.0,-169.8,167.0,0.0066928509242848,140.0,4.11,2.0,0.0,3.87,30.0,0.251,0.92,5.66
208,2B4X_2,I,I,E,E,0.0177514792899408,-134.5,155.5,0.0079825308480685,175.0,4.92,0.0,0.0,4.81,66.0,0.278,0.76,6.02
209,2B4X_2,I,L,E,E,0.048780487804878,-126.9,107.9,0.010855214834974,170.0,4.92,0.0,0.0,4.79,60.0,0.262,0.73,5.98
210,2B4X_2,I,F,E,E,0.0710659898477157,-112.5,127.9,0.0135284434448504,210.0,4.62,0.0,0.0,4.31,58.0,0.195,0.52,5.48
211,2B4X_2,I,K,E,E,0.0682926829268292,-136.4,135.1,0.0131632837600266,200.0,6.89,1.0,0.0,4.27,3.0,0.391,0.97,9.74
212,2B4X_2,I,G,-,C,0.0,-174.4,162.8,0.0066928509242848,75.0,2.06,0.0,0.0,3.77,52.0,0.352,0.92,5.97
213,2B4X_2,I,L,B,E,0.2317073170731707,-103.9,145.3,0.0639883534842083,170.0,4.92,0.0,0.0,4.79,60.0,0.262,0.73,5.98
214,2B4X_2,I,W,B,E,0.026431718061674,-61.5,134.5,0.0087000980416609,255.0,7.68,0.0,0.0,4.75,49.0,0.291,0.2,5.89
215,2B4X_2,I,K,T,C,0.5463414634146342,-68.6,-19.3,0.613823909007632,200.0,6.89,1.0,0.0,4.27,3.0,0.391,0.97,9.74
216,2B4X_2,I,S,T,C,0.3230769230769231,-136.0,71.6,0.1456380163757633,115.0,3.97,2.0,0.0,3.83,35.0,0.326,0.96,5.68
217,2B4X_2,I,K,-,C,0.1073170731707317,-47.8,143.2,0.0193252321068369,200.0,6.89,1.0,0.0,4.27,3.0,0.391,0.97,9.74
218,2B4X_2,I,F,-,C,0.0050761421319796,-80.8,171.4,0.0070389070062468,210.0,4.62,0.0,0.0,4.31,58.0,0.195,0.52,5.48
219,2B4X_2,I,S,-,C,0.023076923076923,-116.0,128.0,0.0084154846117665,115.0,3.97,2.0,0.0,3.83,35.0,0.326,0.96,5.68
220,2B4X_2,I,P,G,H,0.2720588235294117,-50.2,-48.2,0.0928424840512077,145.0,4.11,0.0,0.0,0.0,25.0,0.346,0.82,6.3
221,2B4X_2,I,E,G,H,0.2783505154639175,-49.3,-14.1,0.0982789948268078,190.0,5.97,4.0,1.0,5.48,16.0,0.282,0.84,3.22
222,2B4X_2,I,N,G,H,0.4012738853503185,-106.5,-3.1,0.2714533918022379,160.0,4.58,3.0,0.0,3.64,22.0,0.322,0.89,5.41
223,2B4X_2,I,T,-,C,0.2464788732394366,-76.6,136.9,0.0734263094954869,140.0,4.11,2.0,0.0,3.87,30.0,0.251,0.92,5.66
224,2B4X_2,I,R,E,E,0.3387096774193548,-146.7,132.4,0.1661859289261099,225.0,7.82,3.0,0.0,4.3,5.0,0.227,0.88,10.76
225,2B4X_2,I,K,E,E,0.7121951219512195,-49.5,136.6,0.8930184851423748,200.0,6.89,1.0,0.0,4.27,3.0,0.391,0.97,9.74
226,2B4X_2,I,E,E,E,0.1701030927835051,-150.1,152.2,0.0356065730973724,190.0,5.97,4.0,1.0,5.48,16.0,0.282,0.84,3.22
227,2B4X_2,I,L,E,E,0.5182926829268293,-73.6,127.8,0.5456046088769826,170.0,4.92,0.0,0.0,4.79,60.0,0.262,0.73,5.98
228,2B4X_2,I,F,E,E,0.0,-108.7,120.2,0.0066928509242848,210.0,4.62,0.0,0.0,4.31,58.0,0.195,0.52,5.48
229,2B4X_2,I,Y,-,C,0.5180180180180181,-85.2,113.1,0.5449235741535944,230.0,4.73,2.0,0.0,4.3,24.0,0.293,0.49,5.66
230,2B4X_2,I,K,-,C,0.248780487804878,-83.6,175.0,0.0750076664380109,200.0,6.89,1.0,0.0,4.27,3.0,0.391,0.97,9.74
231,2B4X_2,I,A,S,C,0.3962264150943396,-53.4,-38.0,0.261587099564372,115.0,2.87,0.0,0.0,4.76,51.0,0.305,0.89,6.0
232,2B4X_2,I,D,S,C,0.5030674846625767,-67.3,-87.7,0.5076681103925829,150.0,4.74,4.0,1.0,5.69,19.0,0.335,0.87,2.77
233,2B4X_2,I,G,S,C,0.7738095238095238,-165.0,-23.0,0.9392374819995372,75.0,2.06,0.0,0.0,3.77,52.0,0.352,0.92,5.97
234,2B4X_2,I,E,-,C,0.6597938144329897,-59.7,-162.7,0.8317300150585601,190.0,5.97,4.0,1.0,5.48,16.0,0.282,0.84,3.22
235,2B4X_2,I,S,-,C,0.3923076923076923,-165.4,158.2,0.254088737289696,115.0,3.97,2.0,0.0,3.83,35.0,0.326,0.96,5.68
236,2B4X_2,I,C,E,E,0.2,-150.8,179.0,0.0474258731775667,135.0,4.47,0.0,0.0,3.67,74.0,0.339,0.85,5.05
237,2B4X_2,I,S,E,E,0.5076923076923077,-90.9,111.4,0.5192212922106081,115.0,3.97,2.0,0.0,3.83,35.0,0.326,0.96,5.68
238,2B4X_2,I,A,E,E,0.0188679245283018,-120.1,156.0,0.0080714274206864,115.0,2.87,0.0,0.0,4.76,51.0,0.305,0.89,6.0
239,2B4X_2,I,S,E,E,0.1538461538461538,-95.8,95.2,0.030426614561138,115.0,3.97,2.0,0.0,3.83,35.0,0.326,0.96,5.68
240,2B4X_2,I,M,E,E,0.0053191489361702,-79.3,122.3,0.0070559119909427,185.0,6.36,0.0,0.0,4.25,52.0,0.28,0.74,5.74
241,2B4X_2,I,M,E,E,0.0,-86.8,154.4,0.0066928509242848,185.0,6.36,0.0,0.0,4.25,52.0,0.28,0.74,5.74
242,2B4X_2,I,Y,E,E,0.2702702702702703,-143.2,145.2,0.0913470451753679,230.0,4.73,2.0,0.0,4.3,24.0,0.293,0.49,5.66
243,2B4X_2,I,Q,E,E,0.0858585858585858,-178.9,166.7,0.0156514861428183,180.0,6.11,3.0,0.0,4.54,16.0,0.306,0.82,5.65
244,2B4X_2,I,E,E,E,0.2628865979381443,-136.8,156.1,0.0854005225214367,190.0,5.97,4.0,1.0,5.48,16.0,0.282,0.84,3.22
245,2B4X_2,I,G,E,E,0.0952380952380952,156.1,-179.1,0.01716415275752,75.0,2.06,0.0,0.0,3.77,52.0,0.352,0.92,5.97
246,2B4X_2,I,K,E,E,0.5707317073170731,-72.7,134.9,0.669808060260865,200.0,6.89,1.0,0.0,4.27,3.0,0.391,0.97,9.74
247,2B4X_2,I,F,E,E,0.0456852791878172,-155.2,130.8,0.0105278529608863,210.0,4.62,0.0,0.0,4.31,58.0,0.195,0.52,5.48
248,2B4X_2,I,R,E,E,0.3185483870967742,-60.2,131.1,0.1400931960057973,225.0,7.82,3.0,0.0,4.3,5.0,0.227,0.88,10.76
249,2B4X_2,I,Y,E,E,0.0315315315315315,-144.6,176.9,0.0091511296968126,230.0,4.73,2.0,0.0,4.3,24.0,0.293,0.49,5.66
250,2B4X_2,I,R,-,C,0.2419354838709677,177.4,131.6,0.0703945004057864,225.0,7.82,3.0,0.0,4.3,5.0,0.227,0.88,10.76
251,2B4X_2,I,R,E,E,0.5282258064516129,-97.9,131.9,0.5700997313810358,225.0,7.82,3.0,0.0,4.3,5.0,0.227,0.88,10.76
252,2B4X_2,I,V,E,E,0.1338028169014084,-124.7,-168.8,0.0250387810219217,155.0,4.11,0.0,0.0,4.86,64.0,0.291,0.85,5.96
253,2B4X_2,I,A,G,H,0.6037735849056604,-29.4,124.0,0.7384129004356279,115.0,2.87,0.0,0.0,4.76,51.0,0.305,0.89,6.0
254,2B4X_2,I,E,G,H,0.5309278350515464,51.1,47.0,0.5767091049125712,190.0,5.97,4.0,1.0,5.48,16.0,0.282,0.84,3.22
255,2B4X_2,I,G,G,H,0.1309523809523809,58.0,23.1,0.0243522778264187,75.0,2.06,0.0,0.0,3.77,52.0,0.352,0.92,5.97
256,2B4X_2,I,T,E,E,0.0070422535211267,-78.5,130.7,0.0071776660302431,140.0,4.11,2.0,0.0,3.87,30.0,0.251,0.92,5.66
257,2B4X_2,I,Q,E,E,0.0656565656565656,-94.4,137.2,0.0128252100927646,180.0,6.11,3.0,0.0,4.54,16.0,0.306,0.82,5.65
258,2B4X_2,I,V,E,E,0.0070422535211267,-121.8,106.2,0.0071776660302431,155.0,4.11,0.0,0.0,4.86,64.0,0.291,0.85,5.96
259,2B4X_2,I,L,E,E,0.0,-111.6,127.3,0.0066928509242848,170.0,4.92,0.0,0.0,4.79,60.0,0.262,0.73,5.98
260,2B4X_2,I,E,E,E,0.0670103092783505,-106.9,116.1,0.0129977390479317,190.0,5.97,4.0,1.0,5.48,16.0,0.282,0.84,3.22
261,2B4X_2,I,L,E,E,0.0121951219512195,-104.4,120.3,0.0075543493521099,170.0,4.92,0.0,0.0,4.79,60.0,0.262,0.73,5.98
262,2B4X_2,I,P,E,E,0.1617647058823529,-93.2,165.3,0.0328515541474149,145.0,4.11,0.0,0.0,0.0,25.0,0.346,0.82,6.3
263,2B4X_2,I,F,B,E,0.0050761421319796,-103.5,161.5,0.0070389070062468,210.0,4.62,0.0,0.0,4.31,58.0,0.195,0.52,5.48
264,2B4X_2,I,K,T,C,0.2341463414634146,-55.1,119.4,0.0654648069997911,200.0,6.89,1.0,0.0,4.27,3.0,0.391,0.97,9.74
265,2B4X_2,I,G,T,C,0.5,124.3,-37.9,0.5,75.0,2.06,0.0,0.0,3.77,52.0,0.352,0.92,5.97
266,2B4X_2,I,D,S,C,0.4601226993865031,78.4,-14.9,0.4016071740128055,150.0,4.74,4.0,1.0,5.69,19.0,0.335,0.87,2.77
267,2B4X_2,I,D,S,C,0.4846625766871165,-76.9,-21.3,0.4617314303762752,150.0,4.74,4.0,1.0,5.69,19.0,0.335,0.87,2.77
268,2B4X_2,I,I,E,E,0.0710059171597633,-119.2,122.9,0.0135204288319406,175.0,4.92,0.0,0.0,4.81,66.0,0.278,0.76,6.02
269,2B4X_2,I,T,E,E,0.0070422535211267,-132.9,166.2,0.0071776660302431,140.0,4.11,2.0,0.0,3.87,30.0,0.251,0.92,5.66
270,2B4X_2,I,M,E,E,0.0106382978723404,-116.3,125.4,0.0074385202187267,185.0,6.36,0.0,0.0,4.25,52.0,0.28,0.74,5.74
271,2B4X_2,I,V,E,E,0.0,-108.6,129.0,0.0066928509242848,155.0,4.11,0.0,0.0,4.86,64.0,0.291,0.85,5.96
272,2B4X_2,I,L,E,E,0.0,-106.5,142.6,0.0066928509242848,170.0,4.92,0.0,0.0,4.79,60.0,0.262,0.73,5.98
273,2B4X_2,I,I,E,E,0.0,-128.3,102.5,0.0066928509242848,175.0,4.92,0.0,0.0,4.81,66.0,0.278,0.76,6.02
274,2B4X_2,I,L,E,E,0.0,-112.2,118.3,0.0066928509242848,170.0,4.92,0.0,0.0,4.79,60.0,0.262,0.73,5.98
275,2B4X_2,I,P,-,C,0.0220588235294117,-84.0,159.7,0.0083309514265203,145.0,4.11,0.0,0.0,0.0,25.0,0.346,0.82,6.3
276,2B4X_2,I,K,-,C,0.2731707317073171,-58.5,163.8,0.0937832129687135,200.0,6.89,1.0,0.0,4.27,3.0,0.391,0.97,9.74
277,2B4X_2,I,P,T,C,0.6029411764705882,-58.0,-47.1,0.7368018382600304,145.0,4.11,0.0,0.0,0.0,25.0,0.346,0.82,6.3
278,2B4X_2,I,E,T,C,0.7422680412371134,-61.9,-25.6,0.9185405283789404,190.0,5.97,4.0,1.0,5.48,16.0,0.282,0.84,3.22
279,2B4X_2,I,K,S,C,0.1024390243902439,-94.2,148.8,0.0184221107038864,200.0,6.89,1.0,0.0,4.27,3.0,0.391,0.97,9.74
280,2B4X_2,I,S,-,C,0.4307692307692308,-96.8,141.9,0.333519912372473,115.0,3.97,2.0,0.0,3.83,35.0,0.326,0.96,5.68
281,2B4X_2,I,L,H,H,0.0975609756097561,-56.4,-28.3,0.017560438905678,170.0,4.92,0.0,0.0,4.79,60.0,0.262,0.73,5.98
282,2B4X_2,I,A,H,H,0.1886792452830188,-56.1,-63.4,0.0425657322243184,115.0,2.87,0.0,0.0,4.76,51.0,0.305,0.89,6.0
283,2B4X_2,I,K,H,H,0.6097560975609756,-43.5,-55.4,0.7498028269970811,200.0,6.89,1.0,0.0,4.27,3.0,0.391,0.97,9.74
284,2B4X_2,I,V,H,H,0.0211267605633802,-54.6,-47.6,0.0082543004303041,155.0,4.11,0.0,0.0,4.86,64.0,0.291,0.85,5.96
285,2B4X_2,I,E,H,H,0.0721649484536082,-57.4,-45.6,0.0136758909258096,190.0,5.97,4.0,1.0,5.48,16.0,0.282,0.84,3.22
286,2B4X_2,I,K,H,H,0.5853658536585366,-68.4,-41.5,0.7013340404240428,200.0,6.89,1.0,0.0,4.27,3.0,0.391,0.97,9.74
287,2B4X_2,I,E,H,H,0.4896907216494845,-75.5,-16.3,0.4742496066117872,190.0,5.97,4.0,1.0,5.48,16.0,0.282,0.84,3.22
288,2B4X_2,I,L,-,C,0.048780487804878,-72.0,99.4,0.010855214834974,170.0,4.92,0.0,0.0,4.79,60.0,0.262,0.73,5.98
289,2B4X_2,I,T,-,C,0.3309859154929577,-103.9,158.8,0.1557573185248799,140.0,4.11,2.0,0.0,3.87,30.0,0.251,0.92,5.66
290,2B4X_2,I,P,H,H,0.1985294117647058,-51.4,-41.0,0.0467659147824655,145.0,4.11,0.0,0.0,0.0,25.0,0.346,0.82,6.3
291,2B4X_2,I,E,H,H,0.6185567010309279,-76.2,-24.4,0.7659472902417176,190.0,5.97,4.0,1.0,5.48,16.0,0.282,0.84,3.22
292,2B4X_2,I,V,H,H,0.352112676056338,-77.2,-47.4,0.1855976701456373,155.0,4.11,0.0,0.0,4.86,64.0,0.291,0.85,5.96
293,2B4X_2,I,L,H,H,0.0426829268292682,-61.5,-43.6,0.0102196498027955,170.0,4.92,0.0,0.0,4.79,60.0,0.262,0.73,5.98
294,2B4X_2,I,Q,H,H,0.207070707070707,-59.8,-41.6,0.0507243605620543,180.0,6.11,3.0,0.0,4.54,16.0,0.306,0.82,5.65
295,2B4X_2,I,E,H,H,0.5051546391752577,-67.0,-45.7,0.5128837453557652,190.0,5.97,4.0,1.0,5.48,16.0,0.282,0.84,3.22
296,2B4X_2,I,W,H,H,0.105726872246696,-51.1,-51.1,0.0190261532942718,255.0,7.68,0.0,0.0,4.75,49.0,0.291,0.2,5.89
297,2B4X_2,I,L,H,H,0.0670731707317073,-63.5,-29.7,0.0130058058859839,170.0,4.92,0.0,0.0,4.79,60.0,0.262,0.73,5.98
298,2B4X_2,I,D,H,H,0.6134969325153374,-66.0,-23.5,0.7567548041314431,150.0,4.74,4.0,1.0,5.69,19.0,0.335,0.87,2.77
299,2B4X_2,I,E,T,C,0.3505154639175257,-109.5,33.3,0.1831955788120567,190.0,5.97,4.0,1.0,5.48,16.0,0.282,0.84,3.22
300,2B4X_2,I,L,-,C,0.073170731707317,-87.8,127.1,0.013812225342486,170.0,4.92,0.0,0.0,4.79,60.0,0.262,0.73,5.98
301,2B4X_2,I,E,E,E,0.6082474226804123,-115.2,148.1,0.7469619221638664,190.0,5.97,4.0,1.0,5.48,16.0,0.282,0.84,3.22
302,2B4X_2,I,E,E,E,0.5257731958762887,-67.1,138.6,0.5640786755240539,190.0,5.97,4.0,1.0,5.48,16.0,0.282,0.84,3.22
303,2B4X_2,I,M,E,E,0.3351063829787234,-157.8,152.0,0.1612527810514698,185.0,6.36,0.0,0.0,4.25,52.0,0.28,0.74,5.74
304,2B4X_2,I,M,E,E,0.175531914893617,-86.9,134.2,0.0375184945643532,185.0,6.36,0.0,0.0,4.25,52.0,0.28,0.74,5.74
305,2B4X_2,I,L,E,E,0.0,-162.2,169.6,0.0066928509242848,170.0,4.92,0.0,0.0,4.79,60.0,0.262,0.73,5.98
306,2B4X_2,I,V,E,E,0.1126760563380281,-101.7,110.8,0.0203674515452521,155.0,4.11,0.0,0.0,4.86,64.0,0.291,0.85,5.96
307,2B4X_2,I,V,E,E,0.0,-97.4,130.5,0.0066928509242848,155.0,4.11,0.0,0.0,4.86,64.0,0.291,0.85,5.96
308,2B4X_2,I,H,E,E,0.1467391304347826,-123.7,111.2,0.0283985198234686,195.0,5.23,1.0,0.0,2.84,34.0,0.215,0.83,7.59
309,2B4X_2,I,M,E,E,0.0,-144.1,127.5,0.0066928509242848,185.0,6.36,0.0,0.0,4.25,52.0,0.28,0.74,5.74
310,2B4X_2,I,P,E,E,0.0,-65.3,151.3,0.0066928509242848,145.0,4.11,0.0,0.0,0.0,25.0,0.346,0.82,6.3
311,2B4X_2,I,R,-,C,0.3790322580645161,-84.3,151.4,0.2297581328584912,225.0,7.82,3.0,0.0,4.3,5.0,0.227,0.88,10.76
312,2B4X_2,I,F,E,E,0.0507614213197969,-162.8,152.3,0.0110699892389962,210.0,4.62,0.0,0.0,4.31,58.0,0.195,0.52,5.48
313,2B4X_2,I,R,E,E,0.5725806451612904,-124.6,142.1,0.6738843535201645,225.0,7.82,3.0,0.0,4.3,5.0,0.227,0.88,10.76
314,2B4X_2,I,I,E,E,0.059171597633136,-149.7,120.8,0.0120295813988594,175.0,4.92,0.0,0.0,4.81,66.0,0.278,0.76,6.02
315,2B4X_2,I,E,E,E,0.4278350515463917,-120.5,148.2,0.3270298586601609,190.0,5.97,4.0,1.0,5.48,16.0,0.282,0.84,3.22
316,2B4X_2,I,D,E,E,0.2085889570552147,-156.3,138.5,0.0514604258381,150.0,4.74,4.0,1.0,5.69,19.0,0.335,0.87,2.77
317,2B4X_2,I,G,E,E,0.5,-115.7,144.6,0.5,75.0,2.06,0.0,0.0,3.77,52.0,0.352,0.92,5.97
318,2B4X_2,I,F,E,E,0.1319796954314721,-133.7,155.3,0.0245975563554952,210.0,4.62,0.0,0.0,4.31,58.0,0.195,0.52,5.48
319,2B4X_2,I,S,E,E,0.4461538461538462,-124.4,73.5,0.3685455401468715,115.0,3.97,2.0,0.0,3.83,35.0,0.326,0.96,5.68
320,2B4X_2,I,L,H,H,0.0121951219512195,-39.0,-33.8,0.0075543493521099,170.0,4.92,0.0,0.0,4.79,60.0,0.262,0.73,5.98
321,2B4X_2,I,K,H,H,0.3024390243902439,-47.7,-59.7,0.1217876190238768,200.0,6.89,1.0,0.0,4.27,3.0,0.391,0.97,9.74
322,2B4X_2,I,E,H,H,0.7731958762886598,-54.6,-51.5,0.9388863252983836,190.0,5.97,4.0,1.0,5.48,16.0,0.282,0.84,3.22
323,2B4X_2,I,Q,H,H,0.1212121212121212,-64.6,-53.9,0.0221422039581321,180.0,6.11,3.0,0.0,4.54,16.0,0.306,0.82,5.65
324,2B4X_2,I,L,H,H,0.0,-42.7,-51.6,0.0066928509242848,170.0,4.92,0.0,0.0,4.79,60.0,0.262,0.73,5.98
325,2B4X_2,I,Q,H,H,0.3282828282828283,-52.6,-66.1,0.1522358231438906,180.0,6.11,3.0,0.0,4.54,16.0,0.306,0.82,5.65
326,2B4X_2,I,D,H,H,0.6809815950920245,-43.6,-20.0,0.8593396287989047,150.0,4.74,4.0,1.0,5.69,19.0,0.335,0.87,2.77
327,2B4X_2,I,M,T,C,0.2127659574468085,-95.9,-1.9,0.0535379348490269,185.0,6.36,0.0,0.0,4.25,52.0,0.28,0.74,5.74
328,2B4X_2,I,G,T,C,0.4285714285714285,120.6,-22.1,0.3286525465172698,75.0,2.06,0.0,0.0,3.77,52.0,0.352,0.92,5.97
329,2B4X_2,I,L,-,C,0.0,-80.8,110.1,0.0066928509242848,170.0,4.92,0.0,0.0,4.79,60.0,0.262,0.73,5.98
330,2B4X_2,I,V,-,C,0.4014084507042254,-134.4,-51.4,0.2717195987530656,155.0,4.11,0.0,0.0,4.86,64.0,0.291,0.85,5.96
331,2B4X_2,I,D,T,C,0.1963190184049079,-49.9,-3.7,0.0457903596140628,150.0,4.74,4.0,1.0,5.69,19.0,0.335,0.87,2.77
332,2B4X_2,I,L,T,C,0.0182926829268292,-99.5,-27.6,0.0080255020556055,170.0,4.92,0.0,0.0,4.79,60.0,0.262,0.73,5.98
333,2B4X_2,I,F,T,C,0.0761421319796954,-93.1,1.5,0.0142228753551056,210.0,4.62,0.0,0.0,4.31,58.0,0.195,0.52,5.48
334,2B4X_2,I,S,-,C,0.1384615384615384,-102.3,132.0,0.0262015797846693,115.0,3.97,2.0,0.0,3.83,35.0,0.326,0.96,5.68
335,2B4X_2,I,P,T,C,0.3823529411764705,-65.5,-37.8,0.2356873871782527,145.0,4.11,0.0,0.0,0.0,25.0,0.346,0.82,6.3
336,2B4X_2,I,E,T,C,0.8711340206185567,-93.5,-25.7,0.976138546712756,190.0,5.97,4.0,1.0,5.48,16.0,0.282,0.84,3.22
337,2B4X_2,I,K,T,C,0.2829268292682926,-91.5,-10.4,0.1024097538769374,200.0,6.89,1.0,0.0,4.27,3.0,0.391,0.97,9.74
338,2B4X_2,I,S,-,C,0.1384615384615384,-66.3,175.7,0.0262015797846693,115.0,3.97,2.0,0.0,3.83,35.0,0.326,0.96,5.68
339,2B4X_2,I,K,-,C,0.1804878048780487,177.9,81.8,0.0393497056248542,200.0,6.89,1.0,0.0,4.27,3.0,0.391,0.97,9.74
340,2B4X_2,I,L,-,C,0.0670731707317073,-112.0,67.8,0.0130058058859839,170.0,4.92,0.0,0.0,4.79,60.0,0.262,0.73,5.98
341,2B4X_2,I,P,T,C,0.5808823529411765,-57.5,18.3,0.6918587489061792,145.0,4.11,0.0,0.0,0.0,25.0,0.346,0.82,6.3
342,2B4X_2,I,G,T,C,0.1071428571428571,-100.1,-10.3,0.0192922427243322,75.0,2.06,0.0,0.0,3.77,52.0,0.352,0.92,5.97
343,2B4X_2,I,I,-,C,0.3195266272189349,-129.6,360.0,0.1412758076905275,175.0,4.92,0.0,0.0,4.81,66.0,0.278,0.76,6.02
345,2B4X_2,I,D,-,C,1.0,360.0,-41.7,0.9933071490757152,150.0,4.74,4.0,1.0,5.69,19.0,0.335,0.87,2.77
346,2B4X_2,I,D,-,C,0.6809815950920245,25.6,64.9,0.8593396287989047,150.0,4.74,4.0,1.0,5.69,19.0,0.335,0.87,2.77
347,2B4X_2,I,L,-,C,0.2256097560975609,-110.9,116.3,0.0604319426616074,170.0,4.92,0.0,0.0,4.79,60.0,0.262,0.73,5.98
348,2B4X_2,I,Y,-,C,0.1891891891891892,-132.5,-176.8,0.0427740396649366,230.0,4.73,2.0,0.0,4.3,24.0,0.293,0.49,5.66
349,2B4X_2,I,V,-,C,0.0352112676056338,-95.8,125.7,0.009490883874186,155.0,4.11,0.0,0.0,4.86,64.0,0.291,0.85,5.96
350,2B4X_2,I,S,-,C,0.1769230769230769,-80.4,-34.1,0.0380240999407951,115.0,3.97,2.0,0.0,3.83,35.0,0.326,0.96,5.68
351,2B4X_2,I,D,E,E,0.1779141104294478,-176.6,157.4,0.0383882671295835,150.0,4.74,4.0,1.0,5.69,19.0,0.335,0.87,2.77
352,2B4X_2,I,A,E,E,0.0,-123.4,124.0,0.0066928509242848,115.0,2.87,0.0,0.0,4.76,51.0,0.305,0.89,6.0
353,2B4X_2,I,F,E,E,0.065989847715736,-121.3,134.0,0.0128674745990078,210.0,4.62,0.0,0.0,4.31,58.0,0.195,0.52,5.48
354,2B4X_2,I,H,E,E,0.0054347826086956,-132.3,141.7,0.0070640180514774,195.0,5.23,1.0,0.0,2.84,34.0,0.215,0.83,7.59
355,2B4X_2,I,K,E,E,0.1170731707317073,-133.0,126.9,0.0212635452366533,200.0,6.89,1.0,0.0,4.27,3.0,0.391,0.97,9.74
356,2B4X_2,I,A,E,E,0.0,-119.8,140.3,0.0066928509242848,115.0,2.87,0.0,0.0,4.76,51.0,0.305,0.89,6.0
357,2B4X_2,I,F,E,E,0.1573604060913705,-137.0,130.1,0.0314806332777945,210.0,4.62,0.0,0.0,4.31,58.0,0.195,0.52,5.48
358,2B4X_2,I,L,E,E,0.0426829268292682,-144.8,127.6,0.0102196498027955,170.0,4.92,0.0,0.0,4.79,60.0,0.262,0.73,5.98
359,2B4X_2,I,E,E,E,0.3917525773195876,-130.0,119.0,0.2530380778361336,190.0,5.97,4.0,1.0,5.48,16.0,0.282,0.84,3.22
360,2B4X_2,I,V,E,E,0.028169014084507,-108.9,120.4,0.0088512155474227,155.0,4.11,0.0,0.0,4.86,64.0,0.291,0.85,5.96
361,2B4X_2,I,N,-,C,0.0764331210191082,-125.2,-165.6,0.0142637314448482,160.0,4.58,3.0,0.0,3.64,22.0,0.322,0.89,5.41
362,2B4X_2,I,E,S,C,0.0876288659793814,-69.4,-15.3,0.0159265761801382,190.0,5.97,4.0,1.0,5.48,16.0,0.282,0.84,3.22
363,2B4X_2,I,E,S,C,0.0515463917525773,-100.9,-31.1,0.0111562540797837,190.0,5.97,4.0,1.0,5.48,16.0,0.282,0.84,3.22
364,2B4X_2,I,G,B,E,0.0,144.4,-122.5,0.0066928509242848,75.0,2.06,0.0,0.0,3.77,52.0,0.352,0.92,5.97
365,2B4X_2,I,S,S,C,0.0923076923076923,-96.4,-44.4,0.0166767384493212,115.0,3.97,2.0,0.0,3.83,35.0,0.326,0.96,5.68
366,2B4X_2,I,E,S,C,0.3092783505154639,-64.5,168.9,0.1292938875337415,190.0,5.97,4.0,1.0,5.48,16.0,0.282,0.84,3.22
367,2B4X_2,I,A,-,C,0.7735849056603774,-40.1,148.9,0.9391091649014528,115.0,2.87,0.0,0.0,4.76,51.0,0.305,0.89,6.0
368,2B4X_2,I,A,-,C,0.6226415094339622,-61.3,-161.8,0.773190516095817,115.0,2.87,0.0,0.0,4.76,51.0,0.305,0.89,6.0
369,2B4X_2,I,A,-,C,0.5,-179.5,-144.8,0.5,115.0,2.87,0.0,0.0,4.76,51.0,0.305,0.89,6.0
370,2B4X_2,I,S,-,C,0.6153846153846154,-153.0,7.5,0.760212731297414,115.0,3.97,2.0,0.0,3.83,35.0,0.326,0.96,5.68
371,2B4X_2,I,T,-,C,0.028169014084507,-45.8,101.7,0.0088512155474227,140.0,4.11,2.0,0.0,3.87,30.0,0.251,0.92,5.66
372,2B4X_2,I,A,E,E,0.0094339622641509,-81.8,160.5,0.0073501272725619,115.0,2.87,0.0,0.0,4.76,51.0,0.305,0.89,6.0
373,2B4X_2,I,V,E,E,0.1478873239436619,-117.9,134.8,0.0287170511957464,155.0,4.11,0.0,0.0,4.86,64.0,0.291,0.85,5.96
374,2B4X_2,I,V,E,E,0.0070422535211267,-127.5,112.2,0.0071776660302431,155.0,4.11,0.0,0.0,4.86,64.0,0.291,0.85,5.96
375,2B4X_2,I,I,E,E,0.3195266272189349,-119.3,98.4,0.1412758076905275,175.0,4.92,0.0,0.0,4.81,66.0,0.278,0.76,6.02
376,2B4X_2,I,A,-,C,0.0188679245283018,-100.2,145.5,0.0080714274206864,115.0,2.87,0.0,0.0,4.76,51.0,0.305,0.89,6.0
377,2B4X_2,I,G,S,C,0.0476190476190476,77.0,36.8,0.0107312124654507,75.0,2.06,0.0,0.0,3.77,52.0,0.352,0.92,5.97
378,2B4X_2,I,R,-,C,0.1814516129032258,-130.2,132.1,0.0397156595723216,225.0,7.82,3.0,0.0,4.3,5.0,0.227,0.88,10.76
379,2B4X_2,I,S,-,C,0.0461538461538461,-136.7,113.1,0.0105767757778774,115.0,3.97,2.0,0.0,3.83,35.0,0.326,0.96,5.68
380,2B4X_2,I,L,-,C,0.2378048780487804,-101.0,154.6,0.0677389693046694,170.0,4.92,0.0,0.0,4.79,60.0,0.262,0.73,5.98
381,2B4X_2,I,N,-,C,0.2547770700636942,-49.4,135.3,0.0792756776017337,160.0,4.58,3.0,0.0,3.64,22.0,0.322,0.89,5.41
382,2B4X_2,I,P,S,C,0.8014705882352942,-66.7,-31.2,0.9532340852175344,145.0,4.11,0.0,0.0,0.0,25.0,0.346,0.82,6.3
383,2B4X_2,I,N,S,C,0.8980891719745223,-100.3,92.7,0.9816731590960884,160.0,4.58,3.0,0.0,3.64,22.0,0.322,0.89,5.41
384,2B4X_2,I,R,-,C,0.3104838709677419,-140.1,159.2,0.1306571016402006,225.0,7.82,3.0,0.0,4.3,5.0,0.227,0.88,10.76
385,2B4X_2,I,V,E,E,0.2605633802816901,-56.4,155.1,0.0836033122081305,155.0,4.11,0.0,0.0,4.86,64.0,0.291,0.85,5.96
386,2B4X_2,I,T,E,E,0.5563380281690141,-143.4,124.0,0.6372343109050465,140.0,4.11,2.0,0.0,3.87,30.0,0.251,0.92,5.66
387,2B4X_2,I,F,E,E,0.0,-115.6,101.6,0.0066928509242848,210.0,4.62,0.0,0.0,4.31,58.0,0.195,0.52,5.48
388,2B4X_2,I,K,E,E,0.3463414634146341,-115.2,114.5,0.1770322104860125,200.0,6.89,1.0,0.0,4.27,3.0,0.391,0.97,9.74
389,2B4X_2,I,A,-,C,0.0,-97.8,70.1,0.0066928509242848,115.0,2.87,0.0,0.0,4.76,51.0,0.305,0.89,6.0
390,2B4X_2,I,N,-,C,0.1592356687898089,-101.4,24.6,0.0320574443708086,160.0,4.58,3.0,0.0,3.64,22.0,0.322,0.89,5.41
391,2B4X_2,I,R,S,C,0.1612903225806451,-149.5,163.0,0.0327011650768966,225.0,7.82,3.0,0.0,4.3,5.0,0.227,0.88,10.76
392,2B4X_2,I,P,-,C,0.1176470588235294,-51.1,134.4,0.0213833081317411,145.0,4.11,0.0,0.0,0.0,25.0,0.346,0.82,6.3
393,2B4X_2,I,F,E,E,0.0,-141.8,165.8,0.0066928509242848,210.0,4.62,0.0,0.0,4.31,58.0,0.195,0.52,5.48
394,2B4X_2,I,L,E,E,0.0182926829268292,-92.9,165.9,0.0080255020556055,170.0,4.92,0.0,0.0,4.79,60.0,0.262,0.73,5.98
395,2B4X_2,I,V,E,E,0.0140845070422535,-138.9,148.0,0.0076973279115775,155.0,4.11,0.0,0.0,4.86,64.0,0.291,0.85,5.96
396,2B4X_2,I,F,E,E,0.0253807106598984,-148.1,145.3,0.0086099213589691,210.0,4.62,0.0,0.0,4.31,58.0,0.195,0.52,5.48
397,2B4X_2,I,I,E,E,0.0,-128.7,97.4,0.0066928509242848,175.0,4.92,0.0,0.0,4.81,66.0,0.278,0.76,6.02
398,2B4X_2,I,R,E,E,0.0685483870967741,-112.6,159.1,0.0131965411443986,225.0,7.82,3.0,0.0,4.3,5.0,0.227,0.88,10.76
399,2B4X_2,I,E,E,E,0.0927835051546391,-102.3,109.6,0.0167549449180279,190.0,5.97,4.0,1.0,5.48,16.0,0.282,0.84,3.22
400,2B4X_2,I,V,T,C,0.3169014084507042,-62.3,-61.0,0.1381208644702867,155.0,4.11,0.0,0.0,4.86,64.0,0.291,0.85,5.96
401,2B4X_2,I,P,T,C,0.4558823529411764,-50.3,-27.1,0.3914606755941183,145.0,4.11,0.0,0.0,0.0,25.0,0.346,0.82,6.3
402,2B4X_2,I,L,T,C,0.048780487804878,-104.6,8.4,0.010855214834974,170.0,4.92,0.0,0.0,4.79,60.0,0.262,0.73,5.98
403,2B4X_2,I,N,T,C,0.1146496815286624,37.0,55.4,0.0207649917198127,160.0,4.58,3.0,0.0,3.64,22.0,0.322,0.89,5.41
404,2B4X_2,I,T,E,E,0.0070422535211267,-120.1,131.9,0.0071776660302431,140.0,4.11,2.0,0.0,3.87,30.0,0.251,0.92,5.66
405,2B4X_2,I,I,E,E,0.0769230769230769,-88.1,112.8,0.0143327848056403,175.0,4.92,0.0,0.0,4.81,66.0,0.278,0.76,6.02
406,2B4X_2,I,I,E,E,0.0,-81.4,-72.3,0.0066928509242848,175.0,4.92,0.0,0.0,4.81,66.0,0.278,0.76,6.02
407,2B4X_2,I,F,E,E,0.015228426395939,-112.9,161.4,0.0077851952468778,210.0,4.62,0.0,0.0,4.31,58.0,0.195,0.52,5.48
408,2B4X_2,I,M,E,E,0.0212765957446808,-151.9,145.5,0.0082665752302774,185.0,6.36,0.0,0.0,4.25,52.0,0.28,0.74,5.74
409,2B4X_2,I,G,E,E,0.0238095238095238,-162.6,-169.1,0.0084768383650935,75.0,2.06,0.0,0.0,3.77,52.0,0.352,0.92,5.97
410,2B4X_2,I,R,E,E,0.0161290322580645,-142.0,127.6,0.0078550726091829,225.0,7.82,3.0,0.0,4.3,5.0,0.227,0.88,10.76
411,2B4X_2,I,V,E,E,0.0,-106.6,95.8,0.0066928509242848,155.0,4.11,0.0,0.0,4.86,64.0,0.291,0.85,5.96
412,2B4X_2,I,A,S,C,0.0,-104.4,-7.7,0.0066928509242848,115.0,2.87,0.0,0.0,4.76,51.0,0.305,0.89,6.0
413,2B4X_2,I,N,-,C,0.3057324840764331,-158.5,92.8,0.1253542564585917,160.0,4.58,3.0,0.0,3.64,22.0,0.322,0.89,5.41
414,2B4X_2,I,P,-,C,0.088235294117647,-83.4,-28.5,0.0160219007177594,145.0,4.11,0.0,0.0,0.0,25.0,0.346,0.82,6.3
415,2B4X_2,I,C,-,C,0.1259259259259259,-46.6,177.0,0.0231861555094518,135.0,4.47,0.0,0.0,3.67,74.0,0.339,0.85,5.05
416,2B4X_1,I,V,-,C,1.0,-128.8,360.0,0.9933071490757152,155.0,4.11,0.0,0.0,4.86,64.0,0.291,0.85,5.96
418,2B4X_1,L,V,-,C,1.0,360.0,162.1,0.9933071490757152,155.0,4.11,0.0,0.0,4.86,64.0,0.291,0.85,5.96
419,2B4X_1,L,D,-,C,0.656441717791411,-86.9,110.7,0.8269862758255355,150.0,4.74,4.0,1.0,5.69,19.0,0.335,0.87,2.77
420,2B4X_1,L,I,T,C,0.3905325443786982,-60.5,-21.4,0.2507390514270661,175.0,4.92,0.0,0.0,4.81,66.0,0.278,0.76,6.02
421,2B4X_1,L,C,T,C,0.4222222222222222,-76.0,-65.6,0.3147990233346844,135.0,4.47,0.0,0.0,3.67,74.0,0.339,0.85,5.05
422,2B4X_1,L,T,T,C,0.8591549295774648,-59.9,-24.3,0.9731833436527098,140.0,4.11,2.0,0.0,3.87,30.0,0.251,0.92,5.66
423,2B4X_1,L,A,-,C,0.2547169811320754,-45.5,154.6,0.0792318291494825,115.0,2.87,0.0,0.0,4.76,51.0,0.305,0.89,6.0
424,2B4X_1,L,K,-,C,0.1902439024390244,-107.5,169.1,0.0432079744949263,200.0,6.89,1.0,0.0,4.27,3.0,0.391,0.97,9.74
425,2B4X_1,L,P,T,C,0.5220588235294118,-53.6,-53.9,0.55492452408925,145.0,4.11,0.0,0.0,0.0,25.0,0.346,0.82,6.3
426,2B4X_1,L,R,T,C,0.4193548387096774,-61.8,-18.0,0.3086471504811449,225.0,7.82,3.0,0.0,4.3,5.0,0.227,0.88,10.76
427,2B4X_1,L,D,T,C,0.7055214723926381,-80.6,-47.8,0.8864734780147036,150.0,4.74,4.0,1.0,5.69,19.0,0.335,0.87,2.77
428,2B4X_1,L,I,-,C,0.1775147928994082,-59.6,117.9,0.0382411320375109,175.0,4.92,0.0,0.0,4.81,66.0,0.278,0.76,6.02
429,2B4X_1,L,P,-,C,0.75,-70.3,-20.9,0.9241418199787566,145.0,4.11,0.0,0.0,0.0,25.0,0.346,0.82,6.3
430,2B4X_1,L,M,-,C,0.1223404255319148,-22.4,104.4,0.0223878252914591,185.0,6.36,0.0,0.0,4.25,52.0,0.28,0.74,5.74
431,2B4X_1,L,N,-,C,0.4394904458598726,-136.6,70.2,0.3531787813209211,160.0,4.58,3.0,0.0,3.64,22.0,0.322,0.89,5.41
432,2B4X_1,L,P,-,C,0.2279411764705882,-36.8,-156.8,0.0617693669377394,145.0,4.11,0.0,0.0,0.0,25.0,0.346,0.82,6.3
433,2B4X_1,L,M,S,C,0.5319148936170213,-109.1,-34.2,0.5791168273809838,185.0,6.36,0.0,0.0,4.25,52.0,0.28,0.74,5.74
434,2B4X_1,L,C,-,C,0.1555555555555555,-133.6,132.6,0.0309349704919535,135.0,4.47,0.0,0.0,3.67,74.0,0.339,0.85,5.05
435,2B4X_1,L,I,-,C,0.5680473372781065,-112.3,139.7,0.6638443411141003,175.0,4.92,0.0,0.0,4.81,66.0,0.278,0.76,6.02
436,2B4X_1,L,Y,-,C,0.1621621621621621,-107.3,145.1,0.0329780700032145,230.0,4.73,2.0,0.0,4.3,24.0,0.293,0.49,5.66
437,2B4X_1,L,R,-,C,0.2943548387096774,-120.3,116.9,0.1134021031334009,225.0,7.82,3.0,0.0,4.3,5.0,0.227,0.88,10.76
438,2B4X_1,L,S,-,C,0.2153846153846154,-62.9,158.4,0.0548804706531661,115.0,3.97,2.0,0.0,3.83,35.0,0.326,0.96,5.68
439,2B4X_1,L,P,-,C,1.0,-65.7,360.0,0.9933071490757152,145.0,4.11,0.0,0.0,0.0,25.0,0.346,0.82,6.3
441,2B4X_1,L,A,-,C,0.9528301886792452,360.0,57.8,0.989316374026663,115.0,2.87,0.0,0.0,4.76,51.0,0.305,0.89,6.0
442,2B4X_1,L,T,T,C,0.4014084507042254,41.6,-91.5,0.2717195987530656,140.0,4.11,2.0,0.0,3.87,30.0,0.251,0.92,5.66
443,2B4X_1,L,N,H,H,0.7707006369426752,-56.6,-24.0,0.9374388100493184,160.0,4.58,3.0,0.0,3.64,22.0,0.322,0.89,5.41
444,2B4X_1,L,R,H,H,0.2298387096774193,-80.8,-25.9,0.0628782493867515,225.0,7.82,3.0,0.0,4.3,5.0,0.227,0.88,10.76
445,2B4X_1,L,R,H,H,0.0201612903225806,-82.9,-41.6,0.0081756394907831,225.0,7.82,3.0,0.0,4.3,5.0,0.227,0.88,10.76
446,2B4X_1,L,V,H,H,0.0422535211267605,-58.6,-32.0,0.0101763057458427,155.0,4.11,0.0,0.0,4.86,64.0,0.291,0.85,5.96
447,2B4X_1,L,W,H,H,0.6916299559471366,-73.2,-37.0,0.8717252179493952,255.0,7.68,0.0,0.0,4.75,49.0,0.291,0.2,5.89
448,2B4X_1,L,E,H,H,0.1082474226804123,-71.6,-24.7,0.019502340526427,190.0,5.97,4.0,1.0,5.48,16.0,0.282,0.84,3.22
449,2B4X_1,L,L,H,H,0.0121951219512195,-72.9,-43.6,0.0075543493521099,170.0,4.92,0.0,0.0,4.79,60.0,0.262,0.73,5.98
450,2B4X_1,L,S,H,H,0.0,-59.8,-39.3,0.0066928509242848,115.0,3.97,2.0,0.0,3.83,35.0,0.326,0.96,5.68
451,2B4X_1,L,K,H,H,0.1073170731707317,-69.4,-35.9,0.0193252321068369,200.0,6.89,1.0,0.0,4.27,3.0,0.391,0.97,9.74
452,2B4X_1,L,A,H,H,0.0,-63.0,-46.4,0.0066928509242848,115.0,2.87,0.0,0.0,4.76,51.0,0.305,0.89,6.0
453,2B4X_1,L,N,H,H,0.0509554140127388,-63.7,-48.7,0.0110912466372711,160.0,4.58,3.0,0.0,3.64,22.0,0.322,0.89,5.41
454,2B4X_1,L,S,H,H,0.0538461538461538,-58.4,-38.9,0.0114128322580487,115.0,3.97,2.0,0.0,3.83,35.0,0.326,0.96,5.68
455,2B4X_1,L,R,H,H,0.3911290322580645,-65.3,-43.7,0.2518613324115322,225.0,7.82,3.0,0.0,4.3,5.0,0.227,0.88,10.76
456,2B4X_1,L,F,H,H,0.0203045685279187,-60.7,-39.0,0.0081872658224399,210.0,4.62,0.0,0.0,4.31,58.0,0.195,0.52,5.48
457,2B4X_1,L,A,H,H,0.0188679245283018,-60.5,-47.3,0.0080714274206864,115.0,2.87,0.0,0.0,4.76,51.0,0.305,0.89,6.0
458,2B4X_1,L,T,H,H,0.028169014084507,-70.9,-46.3,0.0088512155474227,140.0,4.11,2.0,0.0,3.87,30.0,0.251,0.92,5.66
459,2B4X_1,L,T,H,H,0.3450704225352112,-52.3,-63.4,0.1751880034570593,140.0,4.11,2.0,0.0,3.87,30.0,0.251,0.92,5.66
460,2B4X_1,L,F,H,H,0.0,-48.3,-46.1,0.0066928509242848,210.0,4.62,0.0,0.0,4.31,58.0,0.195,0.52,5.48
461,2B4X_1,L,Y,H,H,0.009009009009009,-56.3,-43.1,0.0073191870666451,230.0,4.73,2.0,0.0,4.3,24.0,0.293,0.49,5.66
462,2B4X_1,L,Q,H,H,0.2878787878787879,-64.0,-46.9,0.1070521462141771,180.0,6.11,3.0,0.0,4.54,16.0,0.306,0.82,5.65
463,2B4X_1,L,H,H,H,0.3097826086956521,-57.8,-31.2,0.1298626281058728,195.0,5.23,1.0,0.0,2.84,34.0,0.215,0.83,7.59
464,2B4X_1,L,L,H,H,0.0914634146341463,-79.2,-26.8,0.0165388519981719,170.0,4.92,0.0,0.0,4.79,60.0,0.262,0.73,5.98
465,2B4X_1,L,A,H,H,0.0849056603773584,-78.5,-49.0,0.0155053491138149,115.0,2.87,0.0,0.0,4.76,51.0,0.305,0.89,6.0
466,2B4X_1,L,D,T,C,0.852760736196319,-64.6,58.3,0.9714631571925556,150.0,4.74,4.0,1.0,5.69,19.0,0.335,0.87,2.77
467,2B4X_1,L,S,T,C,0.5846153846153846,-176.3,-1.3,0.6997597020563494,115.0,3.97,2.0,0.0,3.83,35.0,0.326,0.96,5.68
468,2B4X_1,L,K,S,C,0.1609756097560975,-132.1,162.2,0.0326017620182766,200.0,6.89,1.0,0.0,4.27,3.0,0.391,0.97,9.74
469,2B4X_1,L,N,-,C,0.4267515923566879,-69.7,135.7,0.3246498508249003,160.0,4.58,3.0,0.0,3.64,22.0,0.322,0.89,5.41
470,2B4X_1,L,D,T,C,0.4723926380368098,-60.3,18.6,0.4314166422061147,150.0,4.74,4.0,1.0,5.69,19.0,0.335,0.87,2.77
471,2B4X_1,L,N,T,C,0.1719745222929936,-132.8,8.6,0.0362548133095818,160.0,4.58,3.0,0.0,3.64,22.0,0.322,0.89,5.41
472,2B4X_1,L,D,-,C,0.2208588957055214,-84.0,139.5,0.0577900754895836,150.0,4.74,4.0,1.0,5.69,19.0,0.335,0.87,2.77
473,2B4X_1,L,N,-,C,0.0891719745222929,-69.7,151.6,0.016170241644935,160.0,4.58,3.0,0.0,3.64,22.0,0.322,0.89,5.41
474,2B4X_1,L,I,E,E,0.029585798816568,-155.4,137.4,0.0089763770974962,175.0,4.92,0.0,0.0,4.81,66.0,0.278,0.76,6.02
475,2B4X_1,L,F,E,E,0.0050761421319796,-157.8,147.5,0.0070389070062468,210.0,4.62,0.0,0.0,4.31,58.0,0.195,0.52,5.48
476,2B4X_1,L,L,E,E,0.0,-172.7,171.7,0.0066928509242848,170.0,4.92,0.0,0.0,4.79,60.0,0.262,0.73,5.98
477,2B4X_1,L,S,-,C,0.0,-122.5,98.8,0.0066928509242848,115.0,3.97,2.0,0.0,3.83,35.0,0.326,0.96,5.68
478,2B4X_1,L,P,H,H,0.0147058823529411,-64.5,-21.2,0.0077449345267421,145.0,4.11,0.0,0.0,0.0,25.0,0.346,0.82,6.3
479,2B4X_1,L,L,H,H,0.0182926829268292,-68.6,-46.4,0.0080255020556055,170.0,4.92,0.0,0.0,4.79,60.0,0.262,0.73,5.98
480,2B4X_1,L,S,H,H,0.0,-54.1,-42.5,0.0066928509242848,115.0,3.97,2.0,0.0,3.83,35.0,0.326,0.96,5.68
481,2B4X_1,L,I,H,H,0.0,-68.6,-51.5,0.0066928509242848,175.0,4.92,0.0,0.0,4.81,66.0,0.278,0.76,6.02
482,2B4X_1,L,S,H,H,0.0,-55.0,-27.4,0.0066928509242848,115.0,3.97,2.0,0.0,3.83,35.0,0.326,0.96,5.68
483,2B4X_1,L,T,H,H,0.0,-76.3,-62.8,0.0066928509242848,140.0,4.11,2.0,0.0,3.87,30.0,0.251,0.92,5.66
484,2B4X_1,L,A,H,H,0.0,-45.1,-37.9,0.0066928509242848,115.0,2.87,0.0,0.0,4.76,51.0,0.305,0.89,6.0
485,2B4X_1,L,F,H,H,0.0050761421319796,-81.1,-24.9,0.0070389070062468,210.0,4.62,0.0,0.0,4.31,58.0,0.195,0.52,5.48
486,2B4X_1,L,A,H,H,0.0,-65.3,-40.8,0.0066928509242848,115.0,2.87,0.0,0.0,4.76,51.0,0.305,0.89,6.0
487,2B4X_1,L,M,H,H,0.0,-59.3,-55.6,0.0066928509242848,185.0,6.36,0.0,0.0,4.25,52.0,0.28,0.74,5.74
488,2B4X_1,L,T,H,H,0.0,-55.2,-36.7,0.0066928509242848,140.0,4.11,2.0,0.0,3.87,30.0,0.251,0.92,5.66
489,2B4X_1,L,K,H,H,0.0146341463414634,-53.8,-25.8,0.007739423596037,200.0,6.89,1.0,0.0,4.27,3.0,0.391,0.97,9.74
490,2B4X_1,L,L,H,H,0.0853658536585365,-57.1,-54.8,0.0155757541627442,170.0,4.92,0.0,0.0,4.79,60.0,0.262,0.73,5.98
491,2B4X_1,L,G,H,H,0.0238095238095238,-82.8,-0.3,0.0084768383650935,75.0,2.06,0.0,0.0,3.77,52.0,0.352,0.92,5.97
492,2B4X_1,L,A,-,C,0.0094339622641509,-74.4,156.2,0.0073501272725619,115.0,2.87,0.0,0.0,4.76,51.0,0.305,0.89,6.0
493,2B4X_1,L,C,-,C,0.0814814814814814,-155.4,158.8,0.0149912299416609,135.0,4.47,0.0,0.0,3.67,74.0,0.339,0.85,5.05
494,2B4X_1,L,N,T,C,0.7452229299363057,25.4,113.7,0.9207243223982664,160.0,4.58,3.0,0.0,3.64,22.0,0.322,0.89,5.41
495,2B4X_1,L,D,T,C,0.558282208588957,75.4,-58.0,0.6417165094194028,150.0,4.74,4.0,1.0,5.69,19.0,0.335,0.87,2.77
496,2B4X_1,L,T,H,H,0.0,-66.6,-37.6,0.0066928509242848,140.0,4.11,2.0,0.0,3.87,30.0,0.251,0.92,5.66
497,2B4X_1,L,L,H,H,0.0365853658536585,-64.1,-29.5,0.0096209347047881,170.0,4.92,0.0,0.0,4.79,60.0,0.262,0.73,5.98
498,2B4X_1,L,Q,H,H,0.2979797979797979,-81.5,-51.8,0.117098103171741,180.0,6.11,3.0,0.0,4.54,16.0,0.306,0.82,5.65
499,2B4X_1,L,Q,H,H,0.0858585858585858,-51.8,-40.8,0.0156514861428183,180.0,6.11,3.0,0.0,4.54,16.0,0.306,0.82,5.65
500,2B4X_1,L,L,H,H,0.0060975609756097,-63.6,-42.3,0.0071106583126337,170.0,4.92,0.0,0.0,4.79,60.0,0.262,0.73,5.98
501,2B4X_1,L,M,H,H,0.0053191489361702,-64.2,-25.7,0.0070559119909427,185.0,6.36,0.0,0.0,4.25,52.0,0.28,0.74,5.74
502,2B4X_1,L,E,H,H,0.4072164948453608,-88.4,-60.3,0.283364141953394,190.0,5.97,4.0,1.0,5.48,16.0,0.282,0.84,3.22
503,2B4X_1,L,V,H,H,0.1197183098591549,-53.1,-24.4,0.0218210633856301,155.0,4.11,0.0,0.0,4.86,64.0,0.291,0.85,5.96
504,2B4X_1,L,F,T,C,0.0050761421319796,-107.6,23.4,0.0070389070062468,210.0,4.62,0.0,0.0,4.31,58.0,0.195,0.52,5.48
505,2B4X_1,L,K,T,C,0.0585365853658536,35.8,43.8,0.0119543444003913,200.0,6.89,1.0,0.0,4.27,3.0,0.391,0.97,9.74
506,2B4X_1,L,F,-,C,0.0050761421319796,-83.3,-16.1,0.0070389070062468,210.0,4.62,0.0,0.0,4.31,58.0,0.195,0.52,5.48
507,2B4X_1,L,D,T,C,0.3312883435582822,-75.2,-20.1,0.1561554164370442,150.0,4.74,4.0,1.0,5.69,19.0,0.335,0.87,2.77
508,2B4X_1,L,T,T,C,0.4366197183098591,-79.1,8.3,0.3466487613941557,140.0,4.11,2.0,0.0,3.87,30.0,0.251,0.92,5.66
509,2B4X_1,L,I,S,C,0.059171597633136,-89.7,158.2,0.0120295813988594,175.0,4.92,0.0,0.0,4.81,66.0,0.278,0.76,6.02
510,2B4X_1,L,S,S,C,0.7461538461538462,-38.9,-96.6,0.9214011521162578,115.0,3.97,2.0,0.0,3.83,35.0,0.326,0.96,5.68
511,2B4X_1,L,E,S,C,0.190721649484536,-46.1,154.6,0.0434059117020222,190.0,5.97,4.0,1.0,5.48,16.0,0.282,0.84,3.22
512,2B4X_1,L,K,S,C,0.2097560975609756,-100.9,29.6,0.0520331250132981,200.0,6.89,1.0,0.0,4.27,3.0,0.391,0.97,9.74
513,2B4X_1,L,T,-,C,0.2957746478873239,-117.3,108.4,0.1148374631262655,140.0,4.11,2.0,0.0,3.87,30.0,0.251,0.92,5.66
514,2B4X_1,L,S,T,C,0.0153846153846153,-38.5,-84.8,0.0077972694796407,115.0,3.97,2.0,0.0,3.83,35.0,0.326,0.96,5.68
515,2B4X_1,L,D,T,C,0.2269938650306748,-24.0,-36.0,0.0612226366866188,150.0,4.74,4.0,1.0,5.69,19.0,0.335,0.87,2.77
516,2B4X_1,L,Q,H,H,0.101010101010101,-57.0,-46.0,0.0181654925071556,180.0,6.11,3.0,0.0,4.54,16.0,0.306,0.82,5.65
517,2B4X_1,L,I,H,H,0.0118343195266272,-42.6,-67.9,0.0075273469858183,175.0,4.92,0.0,0.0,4.81,66.0,0.278,0.76,6.02
518,2B4X_1,L,H,H,H,0.0217391304347826,-35.5,-37.6,0.0083045813041527,195.0,5.23,1.0,0.0,2.84,34.0,0.215,0.83,7.59
519,2B4X_1,L,F,H,H,0.1218274111675127,-68.2,-43.1,0.0222758185221276,210.0,4.62,0.0,0.0,4.31,58.0,0.195,0.52,5.48
520,2B4X_1,L,F,H,H,0.1319796954314721,-68.0,-35.4,0.0245975563554952,210.0,4.62,0.0,0.0,4.31,58.0,0.195,0.52,5.48
521,2B4X_1,L,F,H,H,0.0,-66.3,-35.4,0.0066928509242848,210.0,4.62,0.0,0.0,4.31,58.0,0.195,0.52,5.48
522,2B4X_1,L,A,H,H,0.0377358490566037,-70.5,-34.4,0.0097311777733493,115.0,2.87,0.0,0.0,4.76,51.0,0.305,0.89,6.0
523,2B4X_1,L,K,H,H,0.0536585365853658,-64.9,-42.3,0.0113916835840513,200.0,6.89,1.0,0.0,4.27,3.0,0.391,0.97,9.74
524,2B4X_1,L,L,H,H,0.0,-62.2,-47.0,0.0066928509242848,170.0,4.92,0.0,0.0,4.79,60.0,0.262,0.73,5.98
525,2B4X_1,L,N,H,H,0.1337579617834395,-62.5,-20.4,0.0250278333945963,160.0,4.58,3.0,0.0,3.64,22.0,0.322,0.89,5.41
526,2B4X_1,L,C,H,H,0.1037037037037037,-78.6,-47.0,0.0186521975903782,135.0,4.47,0.0,0.0,3.67,74.0,0.339,0.85,5.05
527,2B4X_1,L,R,H,H,0.2782258064516129,-69.8,-11.4,0.0981685327621362,225.0,7.82,3.0,0.0,4.3,5.0,0.227,0.88,10.76
528,2B4X_1,L,L,H,H,0.048780487804878,-96.9,-72.8,0.010855214834974,170.0,4.92,0.0,0.0,4.79,60.0,0.262,0.73,5.98
529,2B4X_1,L,Y,H,H,0.1981981981981982,-79.2,-17.5,0.0466184849894827,230.0,4.73,2.0,0.0,4.3,24.0,0.293,0.49,5.66
530,2B4X_1,L,R,-,C,0.2419354838709677,-104.3,87.7,0.0703945004057864,225.0,7.82,3.0,0.0,4.3,5.0,0.227,0.88,10.76
531,2B4X_1,L,K,-,C,0.5170731707317073,-138.2,158.6,0.5425795466552017,200.0,6.89,1.0,0.0,4.27,3.0,0.391,0.97,9.74
532,2B4X_1,L,A,S,C,0.9905660377358492,-78.5,49.7,0.992649872727438,115.0,2.87,0.0,0.0,4.76,51.0,0.305,0.89,6.0
533,2B4X_1,L,N,-,C,0.9044585987261148,66.8,161.5,0.9827846058932947,160.0,4.58,3.0,0.0,3.64,22.0,0.322,0.89,5.41
534,2B4X_1,L,K,-,C,0.1756097560975609,177.9,28.9,0.0375466138118399,200.0,6.89,1.0,0.0,4.27,3.0,0.391,0.97,9.74
535,2B4X_1,L,S,S,C,0.5692307692307692,69.5,-43.9,0.666480087627527,115.0,3.97,2.0,0.0,3.83,35.0,0.326,0.96,5.68
536,2B4X_1,L,S,S,C,0.1,-78.8,102.0,0.0179862099620915,115.0,3.97,2.0,0.0,3.83,35.0,0.326,0.96,5.68
537,2B4X_1,L,K,E,E,0.3804878048780488,-76.7,128.0,0.2323441307079534,200.0,6.89,1.0,0.0,4.27,3.0,0.391,0.97,9.74
538,2B4X_1,L,L,E,E,0.0853658536585365,-146.3,99.7,0.0155757541627442,170.0,4.92,0.0,0.0,4.79,60.0,0.262,0.73,5.98
539,2B4X_1,L,V,E,E,0.4366197183098591,-123.6,160.9,0.3466487613941557,155.0,4.11,0.0,0.0,4.86,64.0,0.291,0.85,5.96
540,2B4X_1,L,S,E,E,0.2538461538461538,-137.1,146.0,0.0785988478837421,115.0,3.97,2.0,0.0,3.83,35.0,0.326,0.96,5.68
541,2B4X_1,L,A,E,E,0.1320754716981132,-141.4,128.6,0.0246205459580766,115.0,2.87,0.0,0.0,4.76,51.0,0.305,0.89,6.0
542,2B4X_1,L,N,E,E,0.1019108280254777,-116.9,154.7,0.0183268409039113,160.0,4.58,3.0,0.0,3.64,22.0,0.322,0.89,5.41
543,2B4X_1,L,R,E,E,0.2177419354838709,-166.3,135.5,0.0561160876721577,225.0,7.82,3.0,0.0,4.3,5.0,0.227,0.88,10.76
544,2B4X_1,L,L,E,E,0.0,-99.2,147.3,0.0066928509242848,170.0,4.92,0.0,0.0,4.79,60.0,0.262,0.73,5.98
545,2B4X_1,L,F,E,E,0.0,-133.8,98.2,0.0066928509242848,210.0,4.62,0.0,0.0,4.31,58.0,0.195,0.52,5.48
546,2B4X_1,L,G,E,E,0.0,-100.1,158.9,0.0066928509242848,75.0,2.06,0.0,0.0,3.77,52.0,0.352,0.92,5.97
547,2B4X_1,L,D,E,E,0.0613496932515337,-64.2,150.1,0.0122912156705847,150.0,4.74,4.0,1.0,5.69,19.0,0.335,0.87,2.77
548,2B4X_1,L,K,T,C,0.3024390243902439,-65.7,-26.1,0.1217876190238768,200.0,6.89,1.0,0.0,4.27,3.0,0.391,0.97,9.74
549,2B4X_1,L,S,T,C,0.6,-95.9,-11.5,0.7310585786300049,115.0,3.97,2.0,0.0,3.83,35.0,0.326,0.96,5.68
550,2B4X_1,L,L,-,C,0.298780487804878,-88.3,167.6,0.1179284467325804,170.0,4.92,0.0,0.0,4.79,60.0,0.262,0.73,5.98
551,2B4X_1,L,T,-,C,0.6830985915492958,-118.0,119.0,0.8618791355297133,140.0,4.11,2.0,0.0,3.87,30.0,0.251,0.92,5.66
552,2B4X_1,L,F,-,C,0.0812182741116751,-94.1,140.7,0.0149524130191822,210.0,4.62,0.0,0.0,4.31,58.0,0.195,0.52,5.48
553,2B4X_1,L,N,-,C,0.1910828025477707,-57.4,129.2,0.0435561166189666,160.0,4.58,3.0,0.0,3.64,22.0,0.322,0.89,5.41
554,2B4X_1,L,E,H,H,0.6288659793814433,-67.8,-24.3,0.7839202589914582,190.0,5.97,4.0,1.0,5.48,16.0,0.282,0.84,3.22
555,2B4X_1,L,T,H,H,0.5211267605633803,-73.3,-41.5,0.5526213218419218,140.0,4.11,2.0,0.0,3.87,30.0,0.251,0.92,5.66
556,2B4X_1,L,Y,H,H,0.0405405405405405,-61.9,-56.8,0.0100052013684296,230.0,4.73,2.0,0.0,4.3,24.0,0.293,0.49,5.66
557,2B4X_1,L,Q,H,H,0.2373737373737373,-56.3,-39.5,0.0674672091256987,180.0,6.11,3.0,0.0,4.54,16.0,0.306,0.82,5.65
558,2B4X_1,L,D,H,H,0.6441717791411042,-70.8,-42.7,0.8087205203391791,150.0,4.74,4.0,1.0,5.69,19.0,0.335,0.87,2.77
559,2B4X_1,L,I,H,H,0.1124260355029585,-75.4,-34.2,0.0203176256182286,175.0,4.92,0.0,0.0,4.81,66.0,0.278,0.76,6.02
560,2B4X_1,L,S,H,H,0.0,-58.8,-42.9,0.0066928509242848,115.0,3.97,2.0,0.0,3.83,35.0,0.326,0.96,5.68
561,2B4X_1,L,E,H,H,0.4742268041237113,-81.7,-4.0,0.4359213244759461,190.0,5.97,4.0,1.0,5.48,16.0,0.282,0.84,3.22
562,2B4X_1,L,L,H,H,0.3414634146341463,-91.4,-49.1,0.1700368881445061,170.0,4.92,0.0,0.0,4.79,60.0,0.262,0.73,5.98
563,2B4X_1,L,V,H,H,0.0845070422535211,-89.9,-15.8,0.0154446176932446,155.0,4.11,0.0,0.0,4.86,64.0,0.291,0.85,5.96
564,2B4X_1,L,Y,S,C,0.072072072072072,-129.4,-5.3,0.013663368616844,230.0,4.73,2.0,0.0,4.3,24.0,0.293,0.49,5.66
565,2B4X_1,L,G,-,C,0.5595238095238095,63.8,29.6,0.6445661033555109,75.0,2.06,0.0,0.0,3.77,52.0,0.352,0.92,5.97
566,2B4X_1,L,A,-,C,0.0,-91.6,101.9,0.0066928509242848,115.0,2.87,0.0,0.0,4.76,51.0,0.305,0.89,6.0
567,2B4X_1,L,K,E,E,0.3073170731707317,-82.5,161.5,0.1271019476906755,200.0,6.89,1.0,0.0,4.27,3.0,0.391,0.97,9.74
568,2B4X_1,L,L,E,E,0.1402439024390244,-111.7,102.6,0.0266602118900361,170.0,4.92,0.0,0.0,4.79,60.0,0.262,0.73,5.98
569,2B4X_1,L,Q,E,E,0.3232323232323232,-96.2,137.0,0.145831483534915,180.0,6.11,3.0,0.0,4.54,16.0,0.306,0.82,5.65
570,2B4X_1,L,P,E,E,0.6397058823529411,-75.1,156.6,0.8017167534300188,145.0,4.11,0.0,0.0,0.0,25.0,0.346,0.82,6.3
571,2B4X_1,L,L,E,E,0.1646341463414634,-165.6,137.8,0.0337755647700722,170.0,4.92,0.0,0.0,4.79,60.0,0.262,0.73,5.98
572,2B4X_1,L,D,-,C,0.3006134969325153,-76.5,91.9,0.1198485607501152,150.0,4.74,4.0,1.0,5.69,19.0,0.335,0.87,2.77
573,2B4X_1,L,F,T,C,0.0,-84.4,-27.5,0.0066928509242848,210.0,4.62,0.0,0.0,4.31,58.0,0.195,0.52,5.48
574,2B4X_1,L,K,T,C,0.4195121951219512,-69.1,-22.4,0.3089830250893291,200.0,6.89,1.0,0.0,4.27,3.0,0.391,0.97,9.74
575,2B4X_1,L,E,T,C,0.3969072164948453,-135.4,-28.0,0.2629042635340409,190.0,5.97,4.0,1.0,5.48,16.0,0.282,0.84,3.22
576,2B4X_1,L,N,-,C,0.4840764331210191,-117.2,42.5,0.4602749862993925,160.0,4.58,3.0,0.0,3.64,22.0,0.322,0.89,5.41
577,2B4X_1,L,A,H,H,0.1698113207547169,-44.1,-41.3,0.0355065178870828,115.0,2.87,0.0,0.0,4.76,51.0,0.305,0.89,6.0
578,2B4X_1,L,E,H,H,0.5515463917525774,-71.9,-47.1,0.6260864682322613,190.0,5.97,4.0,1.0,5.48,16.0,0.282,0.84,3.22
579,2B4X_1,L,Q,H,H,0.7424242424242424,-63.7,-16.8,0.918657327700482,180.0,6.11,3.0,0.0,4.54,16.0,0.306,0.82,5.65
580,2B4X_1,L,S,H,H,0.023076923076923,-75.6,-50.0,0.0084154846117665,115.0,3.97,2.0,0.0,3.83,35.0,0.326,0.96,5.68
581,2B4X_1,L,R,H,H,0.0161290322580645,-52.7,-62.2,0.0078550726091829,225.0,7.82,3.0,0.0,4.3,5.0,0.227,0.88,10.76
582,2B4X_1,L,A,H,H,0.3962264150943396,-47.0,-35.8,0.261587099564372,115.0,2.87,0.0,0.0,4.76,51.0,0.305,0.89,6.0
583,2B4X_1,L,A,H,H,0.3396226415094339,-63.2,-52.7,0.1674548649203316,115.0,2.87,0.0,0.0,4.76,51.0,0.305,0.89,6.0
584,2B4X_1,L,I,H,H,0.0,-67.2,-52.8,0.0066928509242848,175.0,4.92,0.0,0.0,4.81,66.0,0.278,0.76,6.02
585,2B4X_1,L,N,H,H,0.1273885350318471,-47.3,-39.8,0.023519735793205,160.0,4.58,3.0,0.0,3.64,22.0,0.322,0.89,5.41
586,2B4X_1,L,K,H,H,0.4292682926829268,-68.0,-39.4,0.3301919397391349,200.0,6.89,1.0,0.0,4.27,3.0,0.391,0.97,9.74
587,2B4X_1,L,W,H,H,0.1674008810572687,-56.9,-31.8,0.0346902224476992,255.0,7.68,0.0,0.0,4.75,49.0,0.291,0.2,5.89
588,2B4X_1,L,V,H,H,0.0,-79.1,-41.4,0.0066928509242848,155.0,4.11,0.0,0.0,4.86,64.0,0.291,0.85,5.96
589,2B4X_1,L,S,H,H,0.2384615384615384,-55.9,-24.5,0.0681548319170871,115.0,3.97,2.0,0.0,3.83,35.0,0.326,0.96,5.68
590,2B4X_1,L,N,H,H,0.7261146496815286,-91.0,-35.0,0.9056076819444372,160.0,4.58,3.0,0.0,3.64,22.0,0.322,0.89,5.41
591,2B4X_1,L,K,H,H,0.4341463414634146,-84.4,2.5,0.3410684239223085,200.0,6.89,1.0,0.0,4.27,3.0,0.391,0.97,9.74
592,2B4X_1,L,T,T,C,0.0,-134.9,38.1,0.0066928509242848,140.0,4.11,2.0,0.0,3.87,30.0,0.251,0.92,5.66
593,2B4X_1,L,E,T,C,0.6185567010309279,42.2,40.2,0.7659472902417176,190.0,5.97,4.0,1.0,5.48,16.0,0.282,0.84,3.22
594,2B4X_1,L,G,T,C,0.4642857142857143,69.5,4.3,0.4116513751852823,75.0,2.06,0.0,0.0,3.77,52.0,0.352,0.92,5.97
595,2B4X_1,L,R,S,C,0.2620967741935484,-72.2,-49.0,0.0847856294593527,225.0,7.82,3.0,0.0,4.3,5.0,0.227,0.88,10.76
596,2B4X_1,L,I,-,C,0.0,-100.2,105.7,0.0066928509242848,175.0,4.92,0.0,0.0,4.81,66.0,0.278,0.76,6.02
597,2B4X_1,L,T,-,C,0.4718309859154929,-128.8,57.3,0.4300394643133379,140.0,4.11,2.0,0.0,3.87,30.0,0.251,0.92,5.66
598,2B4X_1,L,D,-,C,0.3435582822085889,166.3,28.5,0.1730137241744645,150.0,4.74,4.0,1.0,5.69,19.0,0.335,0.87,2.77
599,2B4X_1,L,V,S,C,0.0492957746478873,-44.7,-64.3,0.0109106828212528,155.0,4.11,0.0,0.0,4.86,64.0,0.291,0.85,5.96
600,2B4X_1,L,I,S,C,0.0059171597633136,-83.2,121.6,0.0070979331307326,175.0,4.92,0.0,0.0,4.81,66.0,0.278,0.76,6.02
601,2B4X_1,L,P,-,C,0.2352941176470588,-59.0,-139.1,0.0661705188815136,145.0,4.11,0.0,0.0,0.0,25.0,0.346,0.82,6.3
602,2B4X_1,L,S,S,C,0.6692307692307692,-128.1,141.5,0.8445274028436813,115.0,3.97,2.0,0.0,3.83,35.0,0.326,0.96,5.68
603,2B4X_1,L,E,S,C,0.3711340206185567,72.7,8.2,0.2160797410085418,190.0,5.97,4.0,1.0,5.48,16.0,0.282,0.84,3.22
604,2B4X_1,L,A,S,C,0.0471698113207547,-83.0,-18.0,0.010683625973337,115.0,2.87,0.0,0.0,4.76,51.0,0.305,0.89,6.0
605,2B4X_1,L,I,S,C,0.0473372781065088,-118.1,118.7,0.0107013408641877,175.0,4.92,0.0,0.0,4.81,66.0,0.278,0.76,6.02
606,2B4X_1,L,N,-,C,0.2356687898089172,-124.0,-172.2,0.0664024128918814,160.0,4.58,3.0,0.0,3.64,22.0,0.322,0.89,5.41
607,2B4X_1,L,E,T,C,0.5309278350515464,-53.9,-34.9,0.5767091049125712,190.0,5.97,4.0,1.0,5.48,16.0,0.282,0.84,3.22
608,2B4X_1,L,L,T,C,0.6402439024390244,-81.5,-5.8,0.8025706396535521,170.0,4.92,0.0,0.0,4.79,60.0,0.262,0.73,5.98
609,2B4X_1,L,T,-,C,0.0140845070422535,-59.4,118.4,0.0076973279115775,140.0,4.11,2.0,0.0,3.87,30.0,0.251,0.92,5.66
610,2B4X_1,L,V,-,C,0.0140845070422535,-87.0,-75.4,0.0076973279115775,155.0,4.11,0.0,0.0,4.86,64.0,0.291,0.85,5.96
611,2B4X_1,L,L,-,C,0.0,-123.0,168.1,0.0066928509242848,170.0,4.92,0.0,0.0,4.79,60.0,0.262,0.73,5.98
612,2B4X_1,L,V,E,E,0.0,-149.2,105.4,0.0066928509242848,155.0,4.11,0.0,0.0,4.86,64.0,0.291,0.85,5.96
613,2B4X_1,L,L,E,E,0.0,-83.8,137.6,0.0066928509242848,170.0,4.92,0.0,0.0,4.79,60.0,0.262,0.73,5.98
614,2B4X_1,L,V,E,E,0.0,-139.5,141.0,0.0066928509242848,155.0,4.11,0.0,0.0,4.86,64.0,0.291,0.85,5.96
615,2B4X_1,L,N,E,E,0.0,-129.2,155.9,0.0066928509242848,160.0,4.58,3.0,0.0,3.64,22.0,0.322,0.89,5.41
616,2B4X_1,L,T,E,E,0.0140845070422535,-151.7,142.0,0.0076973279115775,140.0,4.11,2.0,0.0,3.87,30.0,0.251,0.92,5.66
617,2B4X_1,L,I,E,E,0.0,-135.7,139.2,0.0066928509242848,175.0,4.92,0.0,0.0,4.81,66.0,0.278,0.76,6.02
618,2B4X_1,L,Y,E,E,0.063063063063063,-133.4,134.0,0.0125009688128034,230.0,4.73,2.0,0.0,4.3,24.0,0.293,0.49,5.66
619,2B4X_1,L,F,E,E,0.0,-130.4,159.1,0.0066928509242848,210.0,4.62,0.0,0.0,4.31,58.0,0.195,0.52,5.48
620,2B4X_1,L,K,E,E,0.4097560975609756,179.8,110.9,0.2885495351121168,200.0,6.89,1.0,0.0,4.27,3.0,0.391,0.97,9.74
621,2B4X_1,L,G,E,E,0.0119047619047619,-132.0,168.9,0.0075326113407598,75.0,2.06,0.0,0.0,3.77,52.0,0.352,0.92,5.97
622,2B4X_1,L,L,E,E,0.4329268292682927,-107.2,146.0,0.3383330186542782,170.0,4.92,0.0,0.0,4.79,60.0,0.262,0.73,5.98
623,2B4X_1,L,W,B,E,0.0308370044052863,-62.3,131.1,0.0090883684480855,255.0,7.68,0.0,0.0,4.75,49.0,0.291,0.2,5.89
624,2B4X_1,L,K,T,C,0.551219512195122,-59.8,-46.5,0.6253209211493886,200.0,6.89,1.0,0.0,4.27,3.0,0.391,0.97,9.74
625,2B4X_1,L,S,T,C,0.4307692307692308,-109.6,69.2,0.333519912372473,115.0,3.97,2.0,0.0,3.83,35.0,0.326,0.96,5.68
626,2B4X_1,L,K,-,C,0.3609756097560975,-32.3,155.8,0.1993688220684066,200.0,6.89,1.0,0.0,4.27,3.0,0.391,0.97,9.74
627,2B4X_1,L,F,-,C,0.0456852791878172,-97.8,167.5,0.0105278529608863,210.0,4.62,0.0,0.0,4.31,58.0,0.195,0.52,5.48
628,2B4X_1,L,S,-,C,0.3153846153846154,-110.4,115.7,0.1363251122851137,115.0,3.97,2.0,0.0,3.83,35.0,0.326,0.96,5.68
629,2B4X_1,L,P,S,C,0.6102941176470589,-56.5,-24.8,0.7508107877445399,145.0,4.11,0.0,0.0,0.0,25.0,0.346,0.82,6.3
630,2B4X_1,L,E,T,C,0.5463917525773195,-65.9,-54.7,0.6139431096839484,190.0,5.97,4.0,1.0,5.48,16.0,0.282,0.84,3.22
631,2B4X_1,L,N,T,C,0.5605095541401274,-75.4,18.5,0.6468212186790788,160.0,4.58,3.0,0.0,3.64,22.0,0.322,0.89,5.41
632,2B4X_1,L,T,-,C,0.2323943661971831,-94.3,144.8,0.0644010883864374,140.0,4.11,2.0,0.0,3.87,30.0,0.251,0.92,5.66
633,2B4X_1,L,R,B,E,0.2258064516129032,-139.2,131.4,0.0605437228339889,225.0,7.82,3.0,0.0,4.3,5.0,0.227,0.88,10.76
634,2B4X_1,L,K,-,C,0.3219512195121951,-65.2,136.3,0.144242910521836,200.0,6.89,1.0,0.0,4.27,3.0,0.391,0.97,9.74
635,2B4X_1,L,E,-,C,0.134020618556701,-149.7,143.3,0.0250920054527633,190.0,5.97,4.0,1.0,5.48,16.0,0.282,0.84,3.22
636,2B4X_1,L,L,E,E,0.2926829268292683,-72.6,137.0,0.1117319623710603,170.0,4.92,0.0,0.0,4.79,60.0,0.262,0.73,5.98
637,2B4X_1,L,F,E,E,0.0,-124.3,130.7,0.0066928509242848,210.0,4.62,0.0,0.0,4.31,58.0,0.195,0.52,5.48
638,2B4X_1,L,Y,E,E,0.2702702702702703,-98.1,111.4,0.0913470451753679,230.0,4.73,2.0,0.0,4.3,24.0,0.293,0.49,5.66
639,2B4X_1,L,K,-,C,0.1853658536585365,-63.5,159.1,0.0412356770062101,200.0,6.89,1.0,0.0,4.27,3.0,0.391,0.97,9.74
640,2B4X_1,L,A,S,C,0.4150943396226415,-52.1,-39.4,0.2996307938518026,115.0,2.87,0.0,0.0,4.76,51.0,0.305,0.89,6.0
641,2B4X_1,L,D,S,C,0.5521472392638037,-49.6,-83.5,0.627491996450901,150.0,4.74,4.0,1.0,5.69,19.0,0.335,0.87,2.77
642,2B4X_1,L,G,S,C,0.7023809523809523,177.4,-8.8,0.8832743478140029,75.0,2.06,0.0,0.0,3.77,52.0,0.352,0.92,5.97
643,2B4X_1,L,E,-,C,0.6701030927835051,-80.4,170.0,0.8456693320581303,190.0,5.97,4.0,1.0,5.48,16.0,0.282,0.84,3.22
644,2B4X_1,L,S,E,E,0.4307692307692308,-142.6,148.1,0.333519912372473,115.0,3.97,2.0,0.0,3.83,35.0,0.326,0.96,5.68
645,2B4X_1,L,C,E,E,0.2,-136.2,156.3,0.0474258731775667,135.0,4.47,0.0,0.0,3.67,74.0,0.339,0.85,5.05
646,2B4X_1,L,S,E,E,0.5692307692307692,-78.0,143.3,0.666480087627527,115.0,3.97,2.0,0.0,3.83,35.0,0.326,0.96,5.68
647,2B4X_1,L,A,-,C,0.0283018867924528,-115.4,-134.5,0.0088628799098684,115.0,2.87,0.0,0.0,4.76,51.0,0.305,0.89,6.0
648,2B4X_1,L,S,-,C,0.2384615384615384,172.1,90.8,0.0681548319170871,115.0,3.97,2.0,0.0,3.83,35.0,0.326,0.96,5.68
649,2B4X_1,L,M,E,E,0.026595744680851,-85.1,141.9,0.0087142557698072,185.0,6.36,0.0,0.0,4.25,52.0,0.28,0.74,5.74
650,2B4X_1,L,M,E,E,0.0,-101.5,168.2,0.0066928509242848,185.0,6.36,0.0,0.0,4.25,52.0,0.28,0.74,5.74
651,2B4X_1,L,Y,E,E,0.2882882882882883,-155.1,146.9,0.1074442261378965,230.0,4.73,2.0,0.0,4.3,24.0,0.293,0.49,5.66
652,2B4X_1,L,Q,E,E,0.0707070707070707,-171.0,146.3,0.0134806277008458,180.0,6.11,3.0,0.0,4.54,16.0,0.306,0.82,5.65
653,2B4X_1,L,E,E,E,0.3659793814432989,-110.3,146.6,0.207476153463414,190.0,5.97,4.0,1.0,5.48,16.0,0.282,0.84,3.22
654,2B4X_1,L,G,E,E,0.1785714285714285,171.7,176.8,0.0386316511590496,75.0,2.06,0.0,0.0,3.77,52.0,0.352,0.92,5.97
655,2B4X_1,L,K,E,E,0.3463414634146341,-82.5,131.6,0.1770322104860125,200.0,6.89,1.0,0.0,4.27,3.0,0.391,0.97,9.74
656,2B4X_1,L,F,E,E,0.065989847715736,-148.1,156.7,0.0128674745990078,210.0,4.62,0.0,0.0,4.31,58.0,0.195,0.52,5.48
657,2B4X_1,L,R,E,E,0.3185483870967742,-84.6,128.3,0.1400931960057973,225.0,7.82,3.0,0.0,4.3,5.0,0.227,0.88,10.76
658,2B4X_1,L,Y,E,E,0.0045045045045045,-155.7,167.7,0.006999065569737,230.0,4.73,2.0,0.0,4.3,24.0,0.293,0.49,5.66
659,2B4X_1,L,R,-,C,0.3629032258064516,-174.6,95.5,0.2024635381582146,225.0,7.82,3.0,0.0,4.3,5.0,0.227,0.88,10.76
660,2B4X_1,L,R,-,C,0.439516129032258,-59.2,124.2,0.3532374550786368,225.0,7.82,3.0,0.0,4.3,5.0,0.227,0.88,10.76
661,2B4X_1,L,V,B,E,0.1197183098591549,-139.9,-151.9,0.0218210633856301,155.0,4.11,0.0,0.0,4.86,64.0,0.291,0.85,5.96
662,2B4X_1,L,A,T,C,0.6886792452830188,24.8,-141.0,0.8683893753154632,115.0,2.87,0.0,0.0,4.76,51.0,0.305,0.89,6.0
663,2B4X_1,L,E,T,C,0.6597938144329897,-81.6,51.5,0.8317300150585601,190.0,5.97,4.0,1.0,5.48,16.0,0.282,0.84,3.22
664,2B4X_1,L,G,T,C,0.1071428571428571,81.9,26.9,0.0192922427243322,75.0,2.06,0.0,0.0,3.77,52.0,0.352,0.92,5.97
665,2B4X_1,L,T,B,E,0.0492957746478873,-79.8,143.0,0.0109106828212528,140.0,4.11,2.0,0.0,3.87,30.0,0.251,0.92,5.66
666,2B4X_1,L,Q,E,E,0.1666666666666666,-107.5,131.8,0.0344451956662111,180.0,6.11,3.0,0.0,4.54,16.0,0.306,0.82,5.65
667,2B4X_1,L,V,E,E,0.0,-121.4,120.4,0.0066928509242848,155.0,4.11,0.0,0.0,4.86,64.0,0.291,0.85,5.96
668,2B4X_1,L,L,E,E,0.0060975609756097,-126.8,136.2,0.0071106583126337,170.0,4.92,0.0,0.0,4.79,60.0,0.262,0.73,5.98
669,2B4X_1,L,E,E,E,0.0618556701030927,-109.4,135.0,0.0123527938018564,190.0,5.97,4.0,1.0,5.48,16.0,0.282,0.84,3.22
670,2B4X_1,L,L,E,E,0.0304878048780487,-127.3,90.6,0.0090569741916511,170.0,4.92,0.0,0.0,4.79,60.0,0.262,0.73,5.98
671,2B4X_1,L,P,E,E,0.1617647058823529,-65.5,145.7,0.0328515541474149,145.0,4.11,0.0,0.0,0.0,25.0,0.346,0.82,6.3
672,2B4X_1,L,F,B,E,0.0,-98.4,164.2,0.0066928509242848,210.0,4.62,0.0,0.0,4.31,58.0,0.195,0.52,5.48
673,2B4X_1,L,K,T,C,0.1658536585365853,-52.0,102.3,0.0341758206027677,200.0,6.89,1.0,0.0,4.27,3.0,0.391,0.97,9.74
674,2B4X_1,L,G,T,C,0.4880952380952381,141.2,-30.8,0.4702731951360482,75.0,2.06,0.0,0.0,3.77,52.0,0.352,0.92,5.97
675,2B4X_1,L,D,S,C,0.5337423312883436,70.1,-4.1,0.5835644793654081,150.0,4.74,4.0,1.0,5.69,19.0,0.335,0.87,2.77
676,2B4X_1,L,D,S,C,0.1165644171779141,-88.8,-25.5,0.0211579239424037,150.0,4.74,4.0,1.0,5.69,19.0,0.335,0.87,2.77
677,2B4X_1,L,I,E,E,0.0118343195266272,-122.7,118.2,0.0075273469858183,175.0,4.92,0.0,0.0,4.81,66.0,0.278,0.76,6.02
678,2B4X_1,L,T,E,E,0.0211267605633802,-129.5,151.9,0.0082543004303041,140.0,4.11,2.0,0.0,3.87,30.0,0.251,0.92,5.66
679,2B4X_1,L,M,E,E,0.0053191489361702,-102.0,128.2,0.0070559119909427,185.0,6.36,0.0,0.0,4.25,52.0,0.28,0.74,5.74
680,2B4X_1,L,V,E,E,0.0070422535211267,-115.1,123.5,0.0071776660302431,155.0,4.11,0.0,0.0,4.86,64.0,0.291,0.85,5.96
681,2B4X_1,L,L,E,E,0.0121951219512195,-97.0,157.3,0.0075543493521099,170.0,4.92,0.0,0.0,4.79,60.0,0.262,0.73,5.98
682,2B4X_1,L,I,E,E,0.0,-154.4,99.9,0.0066928509242848,175.0,4.92,0.0,0.0,4.81,66.0,0.278,0.76,6.02
683,2B4X_1,L,L,E,E,0.0792682926829268,-112.5,134.1,0.0146679034095954,170.0,4.92,0.0,0.0,4.79,60.0,0.262,0.73,5.98
684,2B4X_1,L,P,-,C,0.125,-85.9,161.9,0.0229773699100256,145.0,4.11,0.0,0.0,0.0,25.0,0.346,0.82,6.3
685,2B4X_1,L,K,-,C,0.1609756097560975,-45.9,135.5,0.0326017620182766,200.0,6.89,1.0,0.0,4.27,3.0,0.391,0.97,9.74
686,2B4X_1,L,P,S,C,0.7573529411764706,-40.1,-42.1,0.9291384253859452,145.0,4.11,0.0,0.0,0.0,25.0,0.346,0.82,6.3
687,2B4X_1,L,E,S,C,0.4948453608247423,-63.4,-67.4,0.4871162546442348,190.0,5.97,4.0,1.0,5.48,16.0,0.282,0.84,3.22
688,2B4X_1,L,K,S,C,0.1853658536585365,-54.6,173.0,0.0412356770062101,200.0,6.89,1.0,0.0,4.27,3.0,0.391,0.97,9.74
689,2B4X_1,L,S,-,C,0.5076923076923077,-128.5,164.6,0.5192212922106081,115.0,3.97,2.0,0.0,3.83,35.0,0.326,0.96,5.68
690,2B4X_1,L,L,T,C,0.0365853658536585,-57.1,-38.4,0.0096209347047881,170.0,4.92,0.0,0.0,4.79,60.0,0.262,0.73,5.98
691,2B4X_1,L,A,H,H,0.330188679245283,-20.9,-66.9,0.1547118517107792,115.0,2.87,0.0,0.0,4.76,51.0,0.305,0.89,6.0
692,2B4X_1,L,K,H,H,0.5707317073170731,-68.9,-18.9,0.669808060260865,200.0,6.89,1.0,0.0,4.27,3.0,0.391,0.97,9.74
693,2B4X_1,L,V,H,H,0.1267605633802817,-78.4,-44.1,0.0233759430443358,155.0,4.11,0.0,0.0,4.86,64.0,0.291,0.85,5.96
694,2B4X_1,L,E,H,H,0.056701030927835,-66.3,-48.4,0.0117394699770305,190.0,5.97,4.0,1.0,5.48,16.0,0.282,0.84,3.22
695,2B4X_1,L,K,T,C,0.4585365853658537,-56.3,-17.3,0.3978014620746378,200.0,6.89,1.0,0.0,4.27,3.0,0.391,0.97,9.74
696,2B4X_1,L,E,T,C,0.5412371134020618,-112.8,-1.0,0.6016562957939906,190.0,5.97,4.0,1.0,5.48,16.0,0.282,0.84,3.22
697,2B4X_1,L,L,-,C,0.0121951219512195,-63.4,124.0,0.0075543493521099,170.0,4.92,0.0,0.0,4.79,60.0,0.262,0.73,5.98
698,2B4X_1,L,T,-,C,0.3380281690140845,-149.3,159.8,0.1652437223674212,140.0,4.11,2.0,0.0,3.87,30.0,0.251,0.92,5.66
699,2B4X_1,L,P,T,C,0.1397058823529411,-55.5,-29.5,0.0265209536435151,145.0,4.11,0.0,0.0,0.0,25.0,0.346,0.82,6.3
700,2B4X_1,L,E,T,C,0.5051546391752577,-80.3,-44.4,0.5128837453557652,190.0,5.97,4.0,1.0,5.48,16.0,0.282,0.84,3.22
701,2B4X_1,L,V,H,H,0.2887323943661972,-54.9,-59.3,0.1078708667973111,155.0,4.11,0.0,0.0,4.86,64.0,0.291,0.85,5.96
702,2B4X_1,L,L,H,H,0.073170731707317,-55.9,-25.1,0.013812225342486,170.0,4.92,0.0,0.0,4.79,60.0,0.262,0.73,5.98
703,2B4X_1,L,Q,H,H,0.2828282828282828,-83.3,-41.8,0.1023192035080701,180.0,6.11,3.0,0.0,4.54,16.0,0.306,0.82,5.65
704,2B4X_1,L,E,H,H,0.6855670103092784,-51.7,-55.3,0.8647914645866618,190.0,5.97,4.0,1.0,5.48,16.0,0.282,0.84,3.22
705,2B4X_1,L,W,H,H,0.1233480176211453,-55.5,-43.7,0.0226094175601741,255.0,7.68,0.0,0.0,4.75,49.0,0.291,0.2,5.89
706,2B4X_1,L,L,H,H,0.0304878048780487,-61.1,-23.9,0.0090569741916511,170.0,4.92,0.0,0.0,4.79,60.0,0.262,0.73,5.98
707,2B4X_1,L,D,H,H,0.6809815950920245,-82.6,-36.6,0.8593396287989047,150.0,4.74,4.0,1.0,5.69,19.0,0.335,0.87,2.77
708,2B4X_1,L,E,H,H,0.345360824742268,-66.6,-26.2,0.1756080223111875,190.0,5.97,4.0,1.0,5.48,16.0,0.282,0.84,3.22
709,2B4X_1,L,L,-,C,0.0121951219512195,-50.7,104.2,0.0075543493521099,170.0,4.92,0.0,0.0,4.79,60.0,0.262,0.73,5.98
710,2B4X_1,L,E,E,E,0.5979381443298969,-107.7,143.4,0.7269854639309292,190.0,5.97,4.0,1.0,5.48,16.0,0.282,0.84,3.22
711,2B4X_1,L,E,E,E,0.6804123711340206,-61.5,142.2,0.8586501707738142,190.0,5.97,4.0,1.0,5.48,16.0,0.282,0.84,3.22
712,2B4X_1,L,M,E,E,0.2659574468085106,-153.9,148.5,0.0878298170449762,185.0,6.36,0.0,0.0,4.25,52.0,0.28,0.74,5.74
713,2B4X_1,L,M,E,E,0.3989361702127659,-76.9,130.8,0.2668549534208391,185.0,6.36,0.0,0.0,4.25,52.0,0.28,0.74,5.74
714,2B4X_1,L,L,E,E,0.0,-167.5,160.3,0.0066928509242848,170.0,4.92,0.0,0.0,4.79,60.0,0.262,0.73,5.98
715,2B4X_1,L,V,E,E,0.0492957746478873,-92.3,139.9,0.0109106828212528,155.0,4.11,0.0,0.0,4.86,64.0,0.291,0.85,5.96
716,2B4X_1,L,V,E,E,0.0070422535211267,-124.3,125.7,0.0071776660302431,155.0,4.11,0.0,0.0,4.86,64.0,0.291,0.85,5.96
717,2B4X_1,L,H,E,E,0.1956521739130435,-118.8,115.6,0.0454998721577241,195.0,5.23,1.0,0.0,2.84,34.0,0.215,0.83,7.59
718,2B4X_1,L,M,E,E,0.0053191489361702,-136.4,138.6,0.0070559119909427,185.0,6.36,0.0,0.0,4.25,52.0,0.28,0.74,5.74
719,2B4X_1,L,P,E,E,0.0,-73.1,141.6,0.0066928509242848,145.0,4.11,0.0,0.0,0.0,25.0,0.346,0.82,6.3
720,2B4X_1,L,R,-,C,0.4596774193548387,-94.6,100.6,0.4005375525471747,225.0,7.82,3.0,0.0,4.3,5.0,0.227,0.88,10.76
721,2B4X_1,L,F,E,E,0.0558375634517766,-142.3,-175.4,0.011639714646322,210.0,4.62,0.0,0.0,4.31,58.0,0.195,0.52,5.48
722,2B4X_1,L,R,E,E,0.4354838709677419,-158.2,131.2,0.3440807563946348,225.0,7.82,3.0,0.0,4.3,5.0,0.227,0.88,10.76
723,2B4X_1,L,I,E,E,0.0532544378698224,-137.9,143.2,0.0113462640785512,175.0,4.92,0.0,0.0,4.81,66.0,0.278,0.76,6.02
724,2B4X_1,L,E,E,E,0.4690721649484536,-118.6,152.5,0.4232908950874288,190.0,5.97,4.0,1.0,5.48,16.0,0.282,0.84,3.22
725,2B4X_1,L,D,E,E,0.147239263803681,-150.4,138.7,0.0285368428074445,150.0,4.74,4.0,1.0,5.69,19.0,0.335,0.87,2.77
726,2B4X_1,L,G,E,E,0.2619047619047619,-136.3,158.6,0.084636752372623,75.0,2.06,0.0,0.0,3.77,52.0,0.352,0.92,5.97
727,2B4X_1,L,F,E,E,0.1421319796954314,178.5,-179.1,0.0271545607799299,210.0,4.62,0.0,0.0,4.31,58.0,0.195,0.52,5.48
728,2B4X_1,L,S,E,E,0.1307692307692307,-109.7,133.5,0.024308800614114,115.0,3.97,2.0,0.0,3.83,35.0,0.326,0.96,5.68
729,2B4X_1,L,L,S,C,0.0,-84.5,-11.8,0.0066928509242848,170.0,4.92,0.0,0.0,4.79,60.0,0.262,0.73,5.98
730,2B4X_1,L,K,H,H,0.0682926829268292,-51.0,-68.2,0.0131632837600266,200.0,6.89,1.0,0.0,4.27,3.0,0.391,0.97,9.74
731,2B4X_1,L,E,H,H,0.2268041237113402,-42.2,-73.3,0.0611136747016164,190.0,5.97,4.0,1.0,5.48,16.0,0.282,0.84,3.22
732,2B4X_1,L,Q,H,H,0.1414141414141414,-54.5,-45.4,0.0269655703680902,180.0,6.11,3.0,0.0,4.54,16.0,0.306,0.82,5.65
733,2B4X_1,L,L,H,H,0.0,-58.1,-25.5,0.0066928509242848,170.0,4.92,0.0,0.0,4.79,60.0,0.262,0.73,5.98
734,2B4X_1,L,Q,H,H,0.3838383838383838,-78.8,-50.5,0.2383737442103967,180.0,6.11,3.0,0.0,4.54,16.0,0.306,0.82,5.65
735,2B4X_1,L,D,H,H,0.7177914110429447,-52.7,-28.5,0.898248584139236,150.0,4.74,4.0,1.0,5.69,19.0,0.335,0.87,2.77
736,2B4X_1,L,M,T,C,0.1648936170212765,-83.9,2.8,0.0338603449575603,185.0,6.36,0.0,0.0,4.25,52.0,0.28,0.74,5.74
737,2B4X_1,L,G,T,C,0.4285714285714285,106.6,-9.0,0.3286525465172698,75.0,2.06,0.0,0.0,3.77,52.0,0.352,0.92,5.97
738,2B4X_1,L,L,-,C,0.0,-85.3,93.1,0.0066928509242848,170.0,4.92,0.0,0.0,4.79,60.0,0.262,0.73,5.98
739,2B4X_1,L,V,-,C,0.5070422535211268,-108.4,-59.5,0.5175983613920183,155.0,4.11,0.0,0.0,4.86,64.0,0.291,0.85,5.96
740,2B4X_1,L,D,G,H,0.1104294478527607,-33.6,-63.8,0.0199239914665837,150.0,4.74,4.0,1.0,5.69,19.0,0.335,0.87,2.77
741,2B4X_1,L,L,G,H,0.0,-42.7,-33.5,0.0066928509242848,170.0,4.92,0.0,0.0,4.79,60.0,0.262,0.73,5.98
742,2B4X_1,L,F,G,H,0.1065989847715736,-89.1,-12.9,0.0191896103671403,210.0,4.62,0.0,0.0,4.31,58.0,0.195,0.52,5.48
743,2B4X_1,L,S,-,C,0.2307692307692307,-82.1,123.1,0.063428790345132,115.0,3.97,2.0,0.0,3.83,35.0,0.326,0.96,5.68
744,2B4X_1,L,P,T,C,0.5147058823529411,-62.2,-10.0,0.536698591819764,145.0,4.11,0.0,0.0,0.0,25.0,0.346,0.82,6.3
745,2B4X_1,L,E,T,C,0.7835051546391752,-104.9,-69.9,0.9445408145729304,190.0,5.97,4.0,1.0,5.48,16.0,0.282,0.84,3.22
746,2B4X_1,L,K,T,C,0.1853658536585365,-62.2,-22.6,0.0412356770062101,200.0,6.89,1.0,0.0,4.27,3.0,0.391,0.97,9.74
747,2B4X_1,L,S,-,C,0.0307692307692307,-52.9,126.0,0.0090822669405549,115.0,3.97,2.0,0.0,3.83,35.0,0.326,0.96,5.68
748,2B4X_1,L,K,-,C,0.1365853658536585,-121.1,94.3,0.0257271049302835,200.0,6.89,1.0,0.0,4.27,3.0,0.391,0.97,9.74
749,2B4X_1,L,L,-,C,0.0,-126.6,67.8,0.0066928509242848,170.0,4.92,0.0,0.0,4.79,60.0,0.262,0.73,5.98
750,2B4X_1,L,P,T,C,0.1470588235294117,-77.9,-18.1,0.0284868627999336,145.0,4.11,0.0,0.0,0.0,25.0,0.346,0.82,6.3
751,2B4X_1,L,G,T,C,0.0714285714285714,-83.5,10.7,0.0135769169437443,75.0,2.06,0.0,0.0,3.77,52.0,0.352,0.92,5.97
752,2B4X_1,L,I,S,C,0.0059171597633136,-103.1,-53.1,0.0070979331307326,175.0,4.92,0.0,0.0,4.81,66.0,0.278,0.76,6.02
753,2B4X_1,L,V,S,C,0.0492957746478873,-93.8,71.5,0.0109106828212528,155.0,4.11,0.0,0.0,4.86,64.0,0.291,0.85,5.96
754,2B4X_1,L,A,T,C,0.3867924528301887,20.8,-73.2,0.2437782833635632,115.0,2.87,0.0,0.0,4.76,51.0,0.305,0.89,6.0
755,2B4X_1,L,E,T,C,0.5309278350515464,-48.5,-10.1,0.5767091049125712,190.0,5.97,4.0,1.0,5.48,16.0,0.282,0.84,3.22
756,2B4X_1,L,G,T,C,0.3571428571428571,87.5,12.3,0.1933213698023086,75.0,2.06,0.0,0.0,3.77,52.0,0.352,0.92,5.97
757,2B4X_1,L,R,-,C,0.3064516129032258,-34.1,148.5,0.1261448399522012,225.0,7.82,3.0,0.0,4.3,5.0,0.227,0.88,10.76
758,2B4X_1,L,D,-,C,0.5644171779141104,-141.2,48.2,0.6556958871867823,150.0,4.74,4.0,1.0,5.69,19.0,0.335,0.87,2.77
759,2B4X_1,L,D,-,C,0.5214723926380368,-130.7,23.8,0.5534756752272381,150.0,4.74,4.0,1.0,5.69,19.0,0.335,0.87,2.77
760,2B4X_1,L,L,-,C,0.0060975609756097,-90.7,118.9,0.0071106583126337,170.0,4.92,0.0,0.0,4.79,60.0,0.262,0.73,5.98
761,2B4X_1,L,Y,-,C,0.2297297297297297,-140.3,156.2,0.0628140639982573,230.0,4.73,2.0,0.0,4.3,24.0,0.293,0.49,5.66
762,2B4X_1,L,V,E,E,0.0,-85.3,114.9,0.0066928509242848,155.0,4.11,0.0,0.0,4.86,64.0,0.291,0.85,5.96
763,2B4X_1,L,S,E,E,0.0307692307692307,-66.0,-50.7,0.0090822669405549,115.0,3.97,2.0,0.0,3.83,35.0,0.326,0.96,5.68
764,2B4X_1,L,D,E,E,0.0122699386503067,-164.0,156.3,0.0075599606375066,150.0,4.74,4.0,1.0,5.69,19.0,0.335,0.87,2.77
765,2B4X_1,L,A,E,E,0.0,-128.0,129.6,0.0066928509242848,115.0,2.87,0.0,0.0,4.76,51.0,0.305,0.89,6.0
766,2B4X_1,L,F,E,E,0.0456852791878172,-113.8,151.0,0.0105278529608863,210.0,4.62,0.0,0.0,4.31,58.0,0.195,0.52,5.48
767,2B4X_1,L,H,E,E,0.0108695652173913,-136.6,140.5,0.0074556145882206,195.0,5.23,1.0,0.0,2.84,34.0,0.215,0.83,7.59
768,2B4X_1,L,K,E,E,0.1463414634146341,-143.2,123.4,0.0282890009012148,200.0,6.89,1.0,0.0,4.27,3.0,0.391,0.97,9.74
769,2B4X_1,L,A,E,E,0.0,-121.9,164.1,0.0066928509242848,115.0,2.87,0.0,0.0,4.76,51.0,0.305,0.89,6.0
770,2B4X_1,L,F,E,E,0.015228426395939,-149.3,132.0,0.0077851952468778,210.0,4.62,0.0,0.0,4.31,58.0,0.195,0.52,5.48
771,2B4X_1,L,L,E,E,0.0,-134.8,144.0,0.0066928509242848,170.0,4.92,0.0,0.0,4.79,60.0,0.262,0.73,5.98
772,2B4X_1,L,E,E,E,0.2010309278350515,-150.7,113.9,0.0478937909633784,190.0,5.97,4.0,1.0,5.48,16.0,0.282,0.84,3.22
773,2B4X_1,L,V,E,E,0.0070422535211267,-108.0,125.9,0.0071776660302431,155.0,4.11,0.0,0.0,4.86,64.0,0.291,0.85,5.96
774,2B4X_1,L,N,-,C,0.1783439490445859,-136.8,-173.4,0.0385472555875216,160.0,4.58,3.0,0.0,3.64,22.0,0.322,0.89,5.41
775,2B4X_1,L,E,S,C,0.0515463917525773,-61.0,-26.5,0.0111562540797837,190.0,5.97,4.0,1.0,5.48,16.0,0.282,0.84,3.22
776,2B4X_1,L,E,S,C,0.4690721649484536,-84.6,-40.7,0.4232908950874288,190.0,5.97,4.0,1.0,5.48,16.0,0.282,0.84,3.22
777,2B4X_1,L,G,E,E,0.0357142857142857,172.9,-148.5,0.0095382884995745,75.0,2.06,0.0,0.0,3.77,52.0,0.352,0.92,5.97
778,2B4X_1,L,S,E,E,0.0153846153846153,-136.0,161.8,0.0077972694796407,115.0,3.97,2.0,0.0,3.83,35.0,0.326,0.96,5.68
779,2B4X_1,L,E,E,E,0.0824742268041237,-133.0,113.5,0.0151385316433781,190.0,5.97,4.0,1.0,5.48,16.0,0.282,0.84,3.22
780,2B4X_1,L,A,E,E,0.0,-117.9,141.5,0.0066928509242848,115.0,2.87,0.0,0.0,4.76,51.0,0.305,0.89,6.0
781,2B4X_1,L,A,E,E,0.0,-145.8,147.9,0.0066928509242848,115.0,2.87,0.0,0.0,4.76,51.0,0.305,0.89,6.0
782,2B4X_1,L,A,E,E,0.0,-154.3,155.9,0.0066928509242848,115.0,2.87,0.0,0.0,4.76,51.0,0.305,0.89,6.0
783,2B4X_1,L,S,E,E,0.0,-146.2,144.6,0.0066928509242848,115.0,3.97,2.0,0.0,3.83,35.0,0.326,0.96,5.68
784,2B4X_1,L,T,E,E,0.0,-126.9,127.3,0.0066928509242848,140.0,4.11,2.0,0.0,3.87,30.0,0.251,0.92,5.66
785,2B4X_1,L,A,E,E,0.0,-120.0,115.8,0.0066928509242848,115.0,2.87,0.0,0.0,4.76,51.0,0.305,0.89,6.0
786,2B4X_1,L,V,E,E,0.0,-96.5,127.2,0.0066928509242848,155.0,4.11,0.0,0.0,4.86,64.0,0.291,0.85,5.96
787,2B4X_1,L,V,E,E,0.0,-114.3,122.0,0.0066928509242848,155.0,4.11,0.0,0.0,4.86,64.0,0.291,0.85,5.96
788,2B4X_1,L,I,E,E,0.0059171597633136,-96.0,112.3,0.0070979331307326,175.0,4.92,0.0,0.0,4.81,66.0,0.278,0.76,6.02
789,2B4X_1,L,A,S,C,0.0377358490566037,60.7,68.3,0.0097311777733493,115.0,2.87,0.0,0.0,4.76,51.0,0.305,0.89,6.0
790,2B4X_1,L,G,S,C,0.0714285714285714,-129.1,-149.1,0.0135769169437443,75.0,2.06,0.0,0.0,3.77,52.0,0.352,0.92,5.97
791,2B4X_1,L,R,-,C,0.1088709677419354,-89.5,149.1,0.0196219327334028,225.0,7.82,3.0,0.0,4.3,5.0,0.227,0.88,10.76
792,2B4X_1,L,S,-,C,0.6461538461538462,-112.6,55.4,0.8117678656980791,115.0,3.97,2.0,0.0,3.83,35.0,0.326,0.96,5.68
793,2B4X_1,L,L,-,C,0.3902439024390244,-60.7,360.0,0.2501971730029189,170.0,4.92,0.0,0.0,4.79,60.0,0.262,0.73,5.98
795,2B4X_1,L,P,-,C,1.0,360.0,135.6,0.9933071490757152,145.0,4.11,0.0,0.0,0.0,25.0,0.346,0.82,6.3
796,2B4X_1,L,N,-,C,0.554140127388535,-120.8,-145.9,0.6321383295044841,160.0,4.58,3.0,0.0,3.64,22.0,0.322,0.89,5.41
797,2B4X_1,L,R,-,C,0.4919354838709677,-79.7,166.1,0.4798496293936244,225.0,7.82,3.0,0.0,4.3,5.0,0.227,0.88,10.76
798,2B4X_1,L,V,-,C,0.7464788732394366,-90.9,175.4,0.9216362180369824,155.0,4.11,0.0,0.0,4.86,64.0,0.291,0.85,5.96
799,2B4X_1,L,T,-,C,0.380281690140845,-93.9,-156.7,0.2319767066008319,140.0,4.11,2.0,0.0,3.87,30.0,0.251,0.92,5.66
800,2B4X_1,L,F,-,C,0.3350253807106599,-139.7,57.8,0.1611432552824517,210.0,4.62,0.0,0.0,4.31,58.0,0.195,0.52,5.48
801,2B4X_1,L,K,-,C,0.3317073170731707,-34.1,158.1,0.1567082972994491,200.0,6.89,1.0,0.0,4.27,3.0,0.391,0.97,9.74
802,2B4X_1,L,A,-,C,0.0,-170.8,-153.8,0.0066928509242848,115.0,2.87,0.0,0.0,4.76,51.0,0.305,0.89,6.0
803,2B4X_1,L,N,S,C,0.2993630573248407,-122.4,-144.2,0.1185357934190675,160.0,4.58,3.0,0.0,3.64,22.0,0.322,0.89,5.41
804,2B4X_1,L,R,S,C,0.2177419354838709,1.6,72.6,0.0561160876721577,225.0,7.82,3.0,0.0,4.3,5.0,0.227,0.88,10.76
805,2B4X_1,L,P,-,C,0.1029411764705882,-81.0,171.6,0.0185131334664482,145.0,4.11,0.0,0.0,0.0,25.0,0.346,0.82,6.3
806,2B4X_1,L,F,E,E,0.0101522842639593,-160.1,148.1,0.0074027226839739,210.0,4.62,0.0,0.0,4.31,58.0,0.195,0.52,5.48
807,2B4X_1,L,L,E,E,0.0182926829268292,-74.1,157.1,0.0080255020556055,170.0,4.92,0.0,0.0,4.79,60.0,0.262,0.73,5.98
808,2B4X_1,L,V,E,E,0.0140845070422535,-149.1,133.2,0.0076973279115775,155.0,4.11,0.0,0.0,4.86,64.0,0.291,0.85,5.96
809,2B4X_1,L,F,E,E,0.015228426395939,-135.6,137.2,0.0077851952468778,210.0,4.62,0.0,0.0,4.31,58.0,0.195,0.52,5.48
810,2B4X_1,L,I,E,E,0.0,-113.8,111.8,0.0066928509242848,175.0,4.92,0.0,0.0,4.81,66.0,0.278,0.76,6.02
811,2B4X_1,L,R,E,E,0.0524193548387096,-123.8,163.4,0.0112529696646879,225.0,7.82,3.0,0.0,4.3,5.0,0.227,0.88,10.76
812,2B4X_1,L,E,E,E,0.0154639175257731,-104.1,111.7,0.0078034070629856,190.0,5.97,4.0,1.0,5.48,16.0,0.282,0.84,3.22
813,2B4X_1,L,V,T,C,0.3450704225352112,-71.0,-56.8,0.1751880034570593,155.0,4.11,0.0,0.0,4.86,64.0,0.291,0.85,5.96
814,2B4X_1,L,P,T,C,0.6691176470588235,-53.7,-24.6,0.8443788145547448,145.0,4.11,0.0,0.0,0.0,25.0,0.346,0.82,6.3
815,2B4X_1,L,L,T,C,0.1768292682926829,-101.3,-5.5,0.0379898012354406,170.0,4.92,0.0,0.0,4.79,60.0,0.262,0.73,5.98
816,2B4X_1,L,N,T,C,0.2356687898089172,53.0,44.8,0.0664024128918814,160.0,4.58,3.0,0.0,3.64,22.0,0.322,0.89,5.41
817,2B4X_1,L,T,E,E,0.0140845070422535,-128.9,136.5,0.0076973279115775,140.0,4.11,2.0,0.0,3.87,30.0,0.251,0.92,5.66
818,2B4X_1,L,I,E,E,0.0769230769230769,-81.5,111.3,0.0143327848056403,175.0,4.92,0.0,0.0,4.81,66.0,0.278,0.76,6.02
819,2B4X_1,L,I,E,E,0.0,-84.5,-41.9,0.0066928509242848,175.0,4.92,0.0,0.0,4.81,66.0,0.278,0.76,6.02
820,2B4X_1,L,F,E,E,0.0,-139.8,162.2,0.0066928509242848,210.0,4.62,0.0,0.0,4.31,58.0,0.195,0.52,5.48
821,2B4X_1,L,M,E,E,0.0106382978723404,-167.5,162.0,0.0074385202187267,185.0,6.36,0.0,0.0,4.25,52.0,0.28,0.74,5.74
822,2B4X_1,L,G,E,E,0.0357142857142857,169.2,-178.5,0.0095382884995745,75.0,2.06,0.0,0.0,3.77,52.0,0.352,0.92,5.97
823,2B4X_1,L,R,E,E,0.0040322580645161,-121.0,103.7,0.00696632036829,225.0,7.82,3.0,0.0,4.3,5.0,0.227,0.88,10.76
824,2B4X_1,L,V,E,E,0.0140845070422535,-80.0,123.2,0.0076973279115775,155.0,4.11,0.0,0.0,4.86,64.0,0.291,0.85,5.96
825,2B4X_1,L,A,-,C,0.0094339622641509,-119.3,-53.5,0.0073501272725619,115.0,2.87,0.0,0.0,4.76,51.0,0.305,0.89,6.0
826,2B4X_1,L,N,-,C,0.0891719745222929,-109.9,108.6,0.016170241644935,160.0,4.58,3.0,0.0,3.64,22.0,0.322,0.89,5.41
827,2B4X_1,L,P,-,C,0.0220588235294117,-83.7,-28.8,0.0083309514265203,145.0,4.11,0.0,0.0,0.0,25.0,0.346,0.82,6.3
828,2B4X_1,L,C,-,C,0.1851851851851851,-31.6,135.7,0.041164308363363,135.0,4.47,0.0,0.0,3.67,74.0,0.339,0.85,5.05
829,2B4X_1,L,V,-,C,1.0,-87.8,360.0,0.9933071490757152,155.0,4.11,0.0,0.0,4.86,64.0,0.291,0.85,5.96
