dssp_index,Protein_id,chain,aa,rsa,eight_hot_ss,three_hot_ss,phi,psi
1,2WII_1,A,S,0.7923076923076923,-,C,360.0,-50.5
2,2WII_1,A,P,0.4117647058823529,-,C,-68.4,134.3
3,2WII_1,A,M,0.0159574468085106,E,E,-121.7,121.1
4,2WII_1,A,Y,0.1711711711711711,E,E,-99.5,121.8
5,2WII_1,A,S,0.0076923076923076,E,E,-122.3,158.0
6,2WII_1,A,I,0.0059171597633136,E,E,-135.6,148.5
7,2WII_1,A,I,0.0059171597633136,E,E,-139.1,123.3
8,2WII_1,A,T,0.0070422535211267,E,E,-138.2,158.5
9,2WII_1,A,P,0.0,E,E,-60.7,145.8
10,2WII_1,A,N,0.0318471337579617,S,C,-54.0,-28.9
11,2WII_1,A,I,0.029585798816568,E,E,-131.8,125.8
12,2WII_1,A,L,0.0,E,E,-96.7,124.8
13,2WII_1,A,R,0.032258064516129,E,E,-98.0,145.6
14,2WII_1,A,L,0.0548780487804878,T,C,-80.0,158.6
15,2WII_1,A,E,0.3092783505154639,T,C,47.4,39.4
16,2WII_1,A,S,0.123076923076923,S,C,-148.5,144.6
17,2WII_1,A,E,0.5051546391752577,E,E,-70.5,119.0
18,2WII_1,A,E,0.0154639175257731,E,E,-111.4,142.8
19,2WII_1,A,T,0.176056338028169,E,E,-110.2,148.7
20,2WII_1,A,M,0.0,E,E,-132.3,122.1
21,2WII_1,A,V,0.0211267605633802,E,E,-89.3,128.4
22,2WII_1,A,L,0.0,E,E,-119.2,137.5
23,2WII_1,A,E,0.0051546391752577,E,E,-143.1,151.9
24,2WII_1,A,A,0.0188679245283018,E,E,-133.0,83.4
25,2WII_1,A,H,0.0108695652173913,E,E,-67.8,140.6
26,2WII_1,A,D,0.3435582822085889,T,C,54.7,35.9
27,2WII_1,A,A,0.1320754716981132,-,C,-104.7,160.6
28,2WII_1,A,Q,0.8888888888888888,-,C,-128.4,147.2
29,2WII_1,A,G,0.4761904761904761,S,C,68.2,-165.0
30,2WII_1,A,D,0.6625766871165644,-,C,-82.8,130.9
31,2WII_1,A,V,0.0704225352112676,E,E,-118.7,104.1
32,2WII_1,A,P,0.5588235294117647,E,E,-64.6,139.2
33,2WII_1,A,V,0.0140845070422535,E,E,-134.9,129.9
34,2WII_1,A,T,0.3732394366197183,E,E,-125.2,125.5
35,2WII_1,A,V,0.0211267605633802,E,E,-114.2,129.1
36,2WII_1,A,T,0.1619718309859155,E,E,-132.2,148.0
37,2WII_1,A,V,0.0070422535211267,E,E,-122.7,117.0
38,2WII_1,A,H,0.1521739130434782,E,E,-113.2,155.4
39,2WII_1,A,D,0.1288343558282208,E,E,-72.5,153.9
40,2WII_1,A,F,0.1725888324873096,T,C,-110.8,136.4
41,2WII_1,A,P,0.1838235294117647,T,C,-101.9,-4.2
42,2WII_1,A,G,0.2142857142857142,T,C,-61.9,-32.0
43,2WII_1,A,K,0.1707317073170731,-,C,56.9,42.9
44,2WII_1,A,K,0.3707317073170731,-,C,-69.5,-45.5
45,2WII_1,A,L,0.073170731707317,S,C,-123.7,147.3
46,2WII_1,A,V,0.5211267605633803,E,E,-91.0,97.5
47,2WII_1,A,L,0.073170731707317,E,E,-66.1,-36.8
48,2WII_1,A,S,0.1153846153846153,E,E,-153.2,151.6
49,2WII_1,A,S,0.3846153846153846,E,E,-151.7,117.0
50,2WII_1,A,E,0.4329896907216495,E,E,-131.5,154.6
51,2WII_1,A,K,0.7414634146341463,E,E,-128.4,144.8
52,2WII_1,A,T,0.2816901408450704,E,E,-155.3,164.6
53,2WII_1,A,V,0.5563380281690141,E,E,-125.8,127.5
54,2WII_1,A,L,0.0,E,E,-96.9,94.4
55,2WII_1,A,T,0.2464788732394366,-,C,-98.2,152.8
56,2WII_1,A,P,0.5073529411764706,G,H,-52.5,-25.2
57,2WII_1,A,A,0.839622641509434,G,H,-64.6,-30.0
58,2WII_1,A,T,0.4225352112676056,G,H,-100.3,18.3
59,2WII_1,A,N,0.5668789808917197,T,C,61.3,27.7
60,2WII_1,A,H,0.1141304347826086,T,C,56.6,36.2
61,2WII_1,A,M,0.1542553191489361,E,E,-134.9,130.8
62,2WII_1,A,G,0.2142857142857142,E,E,-152.7,169.5
63,2WII_1,A,N,0.5414012738853503,E,E,-129.7,160.3
64,2WII_1,A,V,0.0422535211267605,E,E,-128.5,123.8
65,2WII_1,A,T,0.4014084507042254,E,E,-103.8,127.0
66,2WII_1,A,F,0.0203045685279187,E,E,-137.8,143.1
67,2WII_1,A,T,0.5492957746478874,E,E,-114.4,106.0
68,2WII_1,A,I,0.0059171597633136,-,C,-64.6,124.9
69,2WII_1,A,P,0.3676470588235294,-,C,-69.3,150.0
70,2WII_1,A,A,0.3867924528301887,-,C,-80.6,58.5
71,2WII_1,A,N,0.3630573248407643,-,C,-60.8,147.7
72,2WII_1,A,R,0.4354838709677419,T,C,-76.0,2.5
73,2WII_1,A,E,0.3865979381443299,T,C,-75.0,-30.6
74,2WII_1,A,F,0.0913705583756345,-,C,-78.1,58.9
75,2WII_1,A,K,0.7268292682926829,-,C,-134.6,360.0
77,2WII_1,A,K,0.8292682926829268,-,C,360.0,138.5
78,2WII_1,A,G,0.7619047619047619,-,C,97.9,-15.8
79,2WII_1,A,R,0.407258064516129,P,P,-89.7,135.5
80,2WII_1,A,N,0.2738853503184713,P,P,-71.2,143.1
81,2WII_1,A,K,0.2146341463414634,P,P,-97.9,153.4
82,2WII_1,A,F,0.0609137055837563,E,E,-136.0,157.9
83,2WII_1,A,V,0.0,E,E,-131.3,154.9
84,2WII_1,A,T,0.0422535211267605,E,E,-106.9,109.5
85,2WII_1,A,V,0.0070422535211267,E,E,-85.3,117.8
86,2WII_1,A,Q,0.1262626262626262,E,E,-120.2,118.0
87,2WII_1,A,A,0.0,E,E,-114.6,127.3
88,2WII_1,A,T,0.2605633802816901,E,E,-112.3,103.4
89,2WII_1,A,F,0.015228426395939,E,E,-86.9,82.8
90,2WII_1,A,G,0.5,T,C,70.5,-102.8
91,2WII_1,A,T,0.9929577464788732,T,C,-92.0,-45.0
92,2WII_1,A,Q,0.4545454545454545,E,E,-57.7,137.3
93,2WII_1,A,V,0.4859154929577465,E,E,-123.6,121.8
94,2WII_1,A,V,0.0422535211267605,E,E,-118.3,113.2
95,2WII_1,A,E,0.3144329896907216,E,E,-117.5,157.4
96,2WII_1,A,K,0.048780487804878,E,E,-155.6,136.3
97,2WII_1,A,V,0.1619718309859155,E,E,-92.3,121.9
98,2WII_1,A,V,0.0140845070422535,E,E,-118.3,145.5
99,2WII_1,A,L,0.0060975609756097,E,E,-69.3,150.3
100,2WII_1,A,V,0.0070422535211267,E,E,-123.0,134.6
101,2WII_1,A,S,0.1153846153846153,E,E,-110.0,135.8
102,2WII_1,A,L,0.2682926829268293,-,C,-76.1,-24.3
103,2WII_1,A,Q,0.0909090909090909,-,C,-44.1,115.4
104,2WII_1,A,S,0.0076923076923076,-,C,-84.5,-41.7
105,2WII_1,A,G,0.0,E,E,-172.7,-143.1
106,2WII_1,A,Y,0.0045045045045045,E,E,-124.1,151.1
107,2WII_1,A,L,0.0182926829268292,E,E,-129.3,119.5
108,2WII_1,A,F,0.065989847715736,E,E,-112.3,123.8
109,2WII_1,A,I,0.0650887573964497,E,E,-103.8,128.5
110,2WII_1,A,Q,0.0252525252525252,E,E,-122.0,121.8
111,2WII_1,A,T,0.1197183098591549,E,E,-102.5,145.7
112,2WII_1,A,D,0.0552147239263803,S,C,-59.9,-36.7
113,2WII_1,A,K,0.0682926829268292,-,C,-131.3,166.8
114,2WII_1,A,T,0.056338028169014,S,C,-92.7,-27.2
115,2WII_1,A,I,0.0059171597633136,E,E,-138.6,143.2
116,2WII_1,A,Y,0.0,E,E,-130.2,160.3
117,2WII_1,A,T,0.176056338028169,-,C,-105.3,146.5
118,2WII_1,A,P,0.0073529411764705,T,C,-52.1,127.3
119,2WII_1,A,G,0.4523809523809524,T,C,103.1,-1.5
120,2WII_1,A,S,0.2230769230769231,-,C,-101.4,166.1
121,2WII_1,A,T,0.4225352112676056,E,E,-103.1,128.5
122,2WII_1,A,V,0.0,E,E,-90.5,107.9
123,2WII_1,A,L,0.2378048780487804,E,E,-91.9,122.7
124,2WII_1,A,Y,0.036036036036036,E,E,-139.9,146.3
125,2WII_1,A,R,0.0161290322580645,E,E,-113.2,143.4
126,2WII_1,A,I,0.0,E,E,-116.9,114.8
127,2WII_1,A,F,0.0050761421319796,E,E,-88.3,121.5
128,2WII_1,A,T,0.0,E,E,-105.5,116.5
129,2WII_1,A,V,0.0,E,E,-140.0,161.1
130,2WII_1,A,N,0.1910828025477707,E,E,-86.9,-171.8
131,2WII_1,A,H,0.0597826086956521,T,C,-64.6,-17.2
132,2WII_1,A,K,0.4292682926829268,T,C,-96.5,14.1
133,2WII_1,A,L,0.0426829268292682,S,C,57.9,32.5
134,2WII_1,A,L,0.2256097560975609,-,C,-107.1,138.2
135,2WII_1,A,P,0.1764705882352941,B,E,-54.7,132.1
136,2WII_1,A,V,0.1971830985915492,-,C,-136.0,163.3
137,2WII_1,A,G,0.4166666666666667,-,C,-111.9,104.6
138,2WII_1,A,R,0.157258064516129,-,C,-140.6,168.9
139,2WII_1,A,T,0.0704225352112676,E,E,-84.6,128.9
140,2WII_1,A,V,0.0,E,E,-118.1,142.3
141,2WII_1,A,M,0.1861702127659574,E,E,-106.6,123.2
142,2WII_1,A,V,0.028169014084507,E,E,-116.5,130.5
143,2WII_1,A,N,0.1719745222929936,E,E,-126.4,129.9
144,2WII_1,A,I,0.0177514792899408,E,E,-93.3,114.5
145,2WII_1,A,E,0.1649484536082474,E,E,-110.0,130.4
146,2WII_1,A,N,0.0700636942675159,-,C,-79.7,170.1
147,2WII_1,A,P,0.2941176470588235,T,C,-49.3,-38.3
148,2WII_1,A,E,0.7474226804123711,T,C,-61.1,-27.2
149,2WII_1,A,G,0.3214285714285714,S,C,104.6,7.8
150,2WII_1,A,I,0.2899408284023668,-,C,-96.3,125.9
151,2WII_1,A,P,0.088235294117647,E,E,-68.9,126.5
152,2WII_1,A,V,0.2816901408450704,E,E,-106.8,1.9
153,2WII_1,A,K,0.375609756097561,E,E,-166.9,132.4
154,2WII_1,A,Q,0.1868686868686868,E,E,-124.5,150.5
155,2WII_1,A,D,0.1288343558282208,E,E,-160.5,149.7
156,2WII_1,A,S,0.023076923076923,E,E,-125.8,122.0
157,2WII_1,A,L,0.0426829268292682,E,E,-133.1,162.6
158,2WII_1,A,S,0.0384615384615384,E,E,-113.8,140.6
159,2WII_1,A,S,0.0076923076923076,-,C,-97.4,9.0
160,2WII_1,A,Q,0.4191919191919191,T,C,-62.4,135.6
161,2WII_1,A,N,0.802547770700637,T,C,67.4,16.5
162,2WII_1,A,Q,0.0606060606060606,T,C,-109.0,7.0
163,2WII_1,A,L,0.4451219512195122,T,C,53.6,35.3
164,2WII_1,A,G,0.0357142857142857,T,C,79.2,4.7
165,2WII_1,A,V,0.0211267605633802,E,E,-117.5,117.0
166,2WII_1,A,L,0.0121951219512195,E,E,-112.5,97.1
167,2WII_1,A,P,0.4632352941176471,E,E,-74.1,121.6
168,2WII_1,A,L,0.1219512195121951,E,E,-130.6,175.4
169,2WII_1,A,S,0.2692307692307692,E,E,-159.9,149.6
170,2WII_1,A,W,0.092511013215859,E,E,-139.9,130.2
171,2WII_1,A,D,0.6257668711656442,E,E,-91.3,120.9
172,2WII_1,A,I,0.029585798816568,P,P,-82.6,121.5
173,2WII_1,A,P,0.5073529411764706,P,P,-63.6,149.8
174,2WII_1,A,E,0.5876288659793815,S,C,-55.9,-40.3
175,2WII_1,A,L,0.3780487804878049,S,C,-93.9,111.2
176,2WII_1,A,V,0.1338028169014084,-,C,-156.3,145.6
177,2WII_1,A,N,0.3821656050955414,-,C,-67.2,132.2
178,2WII_1,A,M,0.4521276595744681,-,C,-80.9,149.6
179,2WII_1,A,G,0.2857142857142857,E,E,136.1,-163.0
180,2WII_1,A,Q,0.2272727272727272,E,E,-85.2,115.6
181,2WII_1,A,W,0.0440528634361233,E,E,-96.4,149.1
182,2WII_1,A,K,0.1219512195121951,E,E,-116.3,149.4
183,2WII_1,A,I,0.0,E,E,-121.6,102.9
184,2WII_1,A,R,0.2580645161290322,E,E,-93.9,136.6
185,2WII_1,A,A,0.0,E,E,-143.6,151.0
186,2WII_1,A,Y,0.2297297297297297,E,E,-165.0,152.5
187,2WII_1,A,Y,0.0135135135135135,E,E,-67.8,145.3
188,2WII_1,A,E,0.1494845360824742,S,C,-58.3,-39.4
189,2WII_1,A,N,0.4331210191082802,S,C,-67.3,-32.7
190,2WII_1,A,S,0.0153846153846153,-,C,-125.6,84.7
191,2WII_1,A,P,0.4485294117647059,S,C,-66.5,-34.1
192,2WII_1,A,Q,0.7171717171717171,S,C,-53.9,-41.7
193,2WII_1,A,Q,0.3383838383838384,-,C,-86.5,99.8
194,2WII_1,A,V,0.4436619718309859,-,C,-107.8,125.3
195,2WII_1,A,F,0.1015228426395939,E,E,-100.6,135.0
196,2WII_1,A,S,0.4,E,E,-128.7,160.1
197,2WII_1,A,T,0.1690140845070422,E,E,-152.1,135.1
198,2WII_1,A,E,0.3814432989690721,E,E,-103.9,145.0
199,2WII_1,A,F,0.0050761421319796,E,E,-141.0,134.9
200,2WII_1,A,E,0.2010309278350515,E,E,-86.4,138.3
201,2WII_1,A,V,0.0,E,E,-110.0,117.3
202,2WII_1,A,K,0.4634146341463415,-,C,-152.3,152.2
203,2WII_1,A,E,0.2989690721649484,-,C,-86.6,115.1
204,2WII_1,A,Y,0.081081081081081,-,C,-152.8,170.2
205,2WII_1,A,V,0.4366197183098591,-,C,-136.0,145.9
206,2WII_1,A,L,0.2134146341463414,-,C,-58.6,135.1
207,2WII_1,A,P,0.0735294117647058,-,C,-50.9,-53.6
208,2WII_1,A,S,0.0923076923076923,S,C,108.3,-39.9
209,2WII_1,A,F,0.0,E,E,-147.9,155.7
210,2WII_1,A,E,0.1649484536082474,E,E,-104.6,153.4
211,2WII_1,A,V,0.0985915492957746,E,E,-126.2,124.0
212,2WII_1,A,I,0.3076923076923077,E,E,-108.1,121.6
213,2WII_1,A,V,0.0492957746478873,E,E,-100.1,106.8
214,2WII_1,A,E,0.4639175257731959,E,E,-122.2,108.9
215,2WII_1,A,P,0.0,E,E,-71.2,145.9
216,2WII_1,A,T,0.5563380281690141,S,C,-54.2,-43.3
217,2WII_1,A,E,0.520618556701031,S,C,-117.8,138.4
218,2WII_1,A,K,0.3951219512195122,S,C,-60.0,-19.4
219,2WII_1,A,F,0.116751269035533,S,C,-123.1,174.0
220,2WII_1,A,Y,0.0135135135135135,E,E,-127.2,114.3
221,2WII_1,A,Y,0.1666666666666666,E,E,-70.8,121.9
222,2WII_1,A,I,0.0,T,C,-55.3,-28.5
223,2WII_1,A,Y,0.4504504504504504,T,C,-100.7,19.1
224,2WII_1,A,N,0.3248407643312102,-,C,-83.6,110.8
225,2WII_1,A,E,0.7422680412371134,T,C,-62.8,-33.7
226,2WII_1,A,K,0.7073170731707317,T,C,-57.8,-34.2
227,2WII_1,A,G,0.0119047619047619,-,C,85.6,-168.7
228,2WII_1,A,L,0.024390243902439,E,E,-86.1,115.4
229,2WII_1,A,E,0.2216494845360824,E,E,-100.8,127.8
230,2WII_1,A,V,0.0,E,E,-128.7,137.2
231,2WII_1,A,T,0.2394366197183098,E,E,-107.5,124.6
232,2WII_1,A,I,0.0,E,E,-98.0,112.8
233,2WII_1,A,T,0.2535211267605634,E,E,-104.9,125.6
234,2WII_1,A,A,0.0,E,E,-128.2,122.1
235,2WII_1,A,R,0.3991935483870967,E,E,-147.7,144.6
236,2WII_1,A,F,0.0761421319796954,E,E,-61.9,153.7
237,2WII_1,A,L,0.0914634146341463,T,C,-59.2,-30.9
238,2WII_1,A,Y,0.0585585585585585,T,C,-79.3,-15.4
239,2WII_1,A,G,0.4761904761904761,S,C,134.6,-46.8
240,2WII_1,A,K,0.4,-,C,-47.1,141.7
241,2WII_1,A,K,0.6439024390243903,B,E,-78.3,155.7
242,2WII_1,A,V,0.0,-,C,-104.4,139.9
243,2WII_1,A,E,0.4072164948453608,-,C,-114.3,121.7
244,2WII_1,A,G,0.0119047619047619,E,E,-175.1,-158.3
245,2WII_1,A,T,0.0070422535211267,E,E,-123.0,141.8
246,2WII_1,A,A,0.0,E,E,-115.8,141.7
247,2WII_1,A,F,0.0,E,E,-116.5,105.4
248,2WII_1,A,V,0.0,E,E,-113.4,130.5
249,2WII_1,A,I,0.1005917159763313,E,E,-133.6,148.4
250,2WII_1,A,F,0.0,E,E,-111.5,161.2
251,2WII_1,A,G,0.0,E,E,-159.9,161.7
252,2WII_1,A,I,0.0650887573964497,E,E,-110.1,143.8
253,2WII_1,A,Q,0.2121212121212121,E,E,-126.4,123.5
254,2WII_1,A,D,0.5644171779141104,E,E,-117.7,102.1
255,2WII_1,A,G,0.6785714285714286,T,C,71.4,-112.6
256,2WII_1,A,E,0.9329896907216496,T,C,-111.0,1.8
257,2WII_1,A,Q,0.7171717171717171,E,E,-90.5,117.7
258,2WII_1,A,R,0.4233870967741935,E,E,-105.0,135.3
259,2WII_1,A,I,0.5621301775147929,E,E,-117.7,117.1
260,2WII_1,A,S,0.4692307692307692,E,E,-78.9,150.8
261,2WII_1,A,L,0.024390243902439,E,E,-117.6,79.9
262,2WII_1,A,P,0.6911764705882353,E,E,-56.0,-31.6
263,2WII_1,A,E,0.5979381443298969,E,E,-65.5,-21.8
264,2WII_1,A,S,0.0307692307692307,E,E,-89.2,-7.4
265,2WII_1,A,L,0.1402439024390244,E,E,-54.2,120.8
266,2WII_1,A,K,0.4585365853658537,E,E,-130.4,137.3
267,2WII_1,A,R,0.2016129032258064,E,E,-106.2,110.3
268,2WII_1,A,I,0.136094674556213,E,E,-118.8,143.6
269,2WII_1,A,P,0.4338235294117647,E,E,-71.1,155.3
270,2WII_1,A,I,0.0118343195266272,E,E,-111.6,110.8
271,2WII_1,A,E,0.6701030927835051,S,C,-105.4,114.8
272,2WII_1,A,D,0.6073619631901841,S,C,58.5,44.4
273,2WII_1,A,G,0.0714285714285714,S,C,68.5,32.6
274,2WII_1,A,S,0.3769230769230769,E,E,-152.1,157.1
275,2WII_1,A,G,0.119047619047619,E,E,-169.9,156.2
276,2WII_1,A,E,0.6237113402061856,E,E,-131.7,142.9
277,2WII_1,A,V,0.0352112676056338,E,E,-141.7,148.7
278,2WII_1,A,V,0.4154929577464789,E,E,-130.3,135.3
279,2WII_1,A,L,0.0182926829268292,E,E,-98.9,98.8
280,2WII_1,A,S,0.3384615384615385,-,C,-61.1,142.9
281,2WII_1,A,R,0.1814516129032258,H,H,-58.9,-31.3
282,2WII_1,A,K,0.7268292682926829,H,H,-63.1,-46.9
283,2WII_1,A,V,0.1478873239436619,H,H,-67.0,-38.6
284,2WII_1,A,L,0.0060975609756097,H,H,-60.1,-48.2
285,2WII_1,A,L,0.2317073170731707,H,H,-69.7,-31.8
286,2WII_1,A,D,0.4969325153374233,H,H,-72.8,-37.5
287,2WII_1,A,G,0.3333333333333333,H,H,-55.5,-45.6
288,2WII_1,A,V,0.2957746478873239,S,C,-85.4,154.9
289,2WII_1,A,Q,0.9191919191919192,S,C,-92.1,11.7
290,2WII_1,A,N,0.2484076433121019,-,C,-109.7,120.3
291,2WII_1,A,P,0.8014705882352942,S,C,-64.6,-39.1
292,2WII_1,A,R,0.5282258064516129,-,C,-62.9,117.2
293,2WII_1,A,A,0.0566037735849056,S,C,-80.5,-22.1
294,2WII_1,A,E,0.5,G,H,-64.0,-31.5
295,2WII_1,A,D,0.4049079754601227,G,H,-62.3,-30.3
296,2WII_1,A,L,0.0365853658536585,G,H,-62.8,-24.8
297,2WII_1,A,V,0.3591549295774648,T,C,-60.4,127.7
298,2WII_1,A,G,0.8928571428571429,T,C,109.9,-19.2
299,2WII_1,A,K,0.2536585365853658,-,C,-96.1,-177.9
300,2WII_1,A,S,0.1615384615384615,E,E,-138.5,165.0
301,2WII_1,A,L,0.0,E,E,-117.6,146.0
302,2WII_1,A,Y,0.1036036036036036,E,E,-125.6,145.8
303,2WII_1,A,V,0.0,E,E,-119.6,116.7
304,2WII_1,A,S,0.2384615384615384,E,E,-101.7,120.5
305,2WII_1,A,A,0.0,E,E,-122.3,134.9
306,2WII_1,A,T,0.0211267605633802,E,E,-125.0,109.7
307,2WII_1,A,V,0.0,E,E,-101.9,127.6
308,2WII_1,A,I,0.0,E,E,-121.2,126.6
309,2WII_1,A,L,0.0426829268292682,E,E,-65.5,159.4
310,2WII_1,A,H,0.0815217391304347,T,C,-68.1,-24.3
311,2WII_1,A,S,0.1384615384615384,T,C,-65.9,-30.8
312,2WII_1,A,G,0.119047619047619,S,C,80.5,4.3
313,2WII_1,A,S,0.1846153846153846,S,C,-92.7,-14.7
314,2WII_1,A,D,0.0122699386503067,-,C,-126.5,138.5
315,2WII_1,A,M,0.1808510638297872,E,E,-145.7,134.3
316,2WII_1,A,V,0.0492957746478873,E,E,-132.4,136.2
317,2WII_1,A,Q,0.6161616161616161,E,E,-108.7,123.8
318,2WII_1,A,A,0.1886792452830188,E,E,-129.3,161.9
319,2WII_1,A,E,0.4690721649484536,E,E,-162.0,141.0
320,2WII_1,A,R,0.2943548387096774,E,E,-117.8,115.1
321,2WII_1,A,S,0.4230769230769231,E,E,-116.5,158.8
322,2WII_1,A,G,0.4523809523809524,E,E,92.4,20.3
323,2WII_1,A,I,0.0,E,E,-76.2,102.9
324,2WII_1,A,P,0.1985294117647058,E,E,-67.6,129.5
325,2WII_1,A,I,0.0118343195266272,E,E,-84.5,103.8
326,2WII_1,A,V,0.1690140845070422,E,E,-120.4,165.5
327,2WII_1,A,T,0.4014084507042254,S,C,-102.4,-10.1
328,2WII_1,A,S,0.1,-,C,-143.4,135.9
329,2WII_1,A,P,0.0955882352941176,S,C,-70.1,-12.2
330,2WII_1,A,Y,0.1621621621621621,-,C,-124.5,171.0
331,2WII_1,A,Q,0.4141414141414141,E,E,-151.2,131.6
332,2WII_1,A,I,0.0118343195266272,E,E,-104.1,134.1
333,2WII_1,A,H,0.1739130434782608,E,E,-127.3,144.3
334,2WII_1,A,F,0.0812182741116751,-,C,-111.7,22.4
335,2WII_1,A,T,0.6408450704225352,T,C,-63.1,-26.5
336,2WII_1,A,K,0.224390243902439,T,C,-100.0,9.5
337,2WII_1,A,T,0.0,S,C,-108.1,128.4
338,2WII_1,A,P,0.1617647058823529,-,C,-56.8,143.6
339,2WII_1,A,K,0.3853658536585366,S,C,-98.6,12.2
340,2WII_1,A,Y,0.2072072072072072,E,E,-131.7,141.1
341,2WII_1,A,F,0.0050761421319796,E,E,-126.0,157.5
342,2WII_1,A,K,0.0536585365853658,-,C,-103.1,105.9
343,2WII_1,A,P,0.0073529411764705,T,C,-51.6,128.1
344,2WII_1,A,G,0.3452380952380952,T,C,90.0,3.4
345,2WII_1,A,M,0.026595744680851,S,C,-129.7,155.5
346,2WII_1,A,P,0.2867647058823529,E,E,-58.9,132.5
347,2WII_1,A,F,0.0304568527918781,E,E,-106.0,118.5
348,2WII_1,A,D,0.0797546012269938,E,E,-96.1,123.0
349,2WII_1,A,L,0.0,E,E,-102.7,134.7
350,2WII_1,A,M,0.1542553191489361,E,E,-106.6,81.7
351,2WII_1,A,V,0.0,E,E,-66.6,132.8
352,2WII_1,A,F,0.1776649746192893,E,E,-117.2,106.0
353,2WII_1,A,V,0.0,E,E,-99.2,130.4
354,2WII_1,A,T,0.028169014084507,E,E,-132.2,158.4
355,2WII_1,A,N,0.1783439490445859,-,C,-78.3,163.8
356,2WII_1,A,P,0.1764705882352941,T,C,-52.2,-30.6
357,2WII_1,A,D,0.4907975460122699,T,C,-73.6,-24.5
358,2WII_1,A,G,0.5833333333333334,S,C,116.9,-8.2
359,2WII_1,A,S,0.2692307692307692,-,C,-77.1,150.5
360,2WII_1,A,P,0.4705882352941176,B,E,-59.4,150.8
361,2WII_1,A,A,0.0094339622641509,-,C,-109.0,127.8
362,2WII_1,A,Y,0.7072072072072072,S,C,-95.2,133.4
363,2WII_1,A,R,0.5645161290322581,S,C,54.6,52.5
364,2WII_1,A,V,0.0070422535211267,-,C,-105.5,118.4
365,2WII_1,A,P,0.125,E,E,-64.3,134.1
366,2WII_1,A,V,0.0,E,E,-138.6,148.9
367,2WII_1,A,A,0.0377358490566037,E,E,-155.7,160.5
368,2WII_1,A,V,0.0915492957746478,E,E,-94.5,129.4
369,2WII_1,A,Q,0.601010101010101,T,C,-55.7,131.9
370,2WII_1,A,G,0.8690476190476191,T,C,96.1,-15.3
371,2WII_1,A,E,0.4948453608247423,E,E,-134.9,84.0
372,2WII_1,A,D,0.6993865030674846,E,E,-60.7,-35.6
373,2WII_1,A,T,0.8591549295774648,E,E,-56.7,-31.7
374,2WII_1,A,V,0.1338028169014084,E,E,-84.5,70.1
375,2WII_1,A,Q,0.5505050505050505,E,E,-115.6,144.5
376,2WII_1,A,S,0.2230769230769231,E,E,-146.8,165.8
377,2WII_1,A,L,0.3048780487804878,E,E,-117.5,134.4
378,2WII_1,A,T,0.0211267605633802,-,C,-69.8,143.4
379,2WII_1,A,Q,0.303030303030303,-,C,-79.7,-169.2
380,2WII_1,A,G,0.4166666666666667,T,C,-63.4,-27.1
381,2WII_1,A,D,0.147239263803681,T,C,-84.5,-4.1
382,2WII_1,A,G,0.0,S,C,80.9,27.4
383,2WII_1,A,V,0.0422535211267605,E,E,-120.1,133.3
384,2WII_1,A,A,0.0,E,E,-128.3,152.4
385,2WII_1,A,K,0.1951219512195122,E,E,-109.9,125.0
386,2WII_1,A,L,0.0121951219512195,E,E,-119.4,116.9
387,2WII_1,A,S,0.4307692307692308,E,E,-105.9,119.7
388,2WII_1,A,I,0.1242603550295858,E,E,-112.1,152.4
389,2WII_1,A,N,0.8280254777070064,E,E,-92.2,116.0
390,2WII_1,A,T,0.0985915492957746,-,C,-88.4,140.8
391,2WII_1,A,H,0.7989130434782609,-,C,-98.5,142.9
392,2WII_1,A,P,0.6470588235294118,S,C,-52.2,108.9
393,2WII_1,A,S,0.2769230769230769,-,C,-170.4,156.1
394,2WII_1,A,Q,0.6212121212121212,-,C,-97.2,7.0
395,2WII_1,A,K,0.7365853658536585,S,C,-75.8,131.6
396,2WII_1,A,P,0.5441176470588235,P,P,-53.3,128.4
397,2WII_1,A,L,0.2073170731707317,E,E,-80.8,132.0
398,2WII_1,A,S,0.6230769230769231,E,E,-119.7,123.8
399,2WII_1,A,I,0.029585798816568,E,E,-121.1,133.4
400,2WII_1,A,T,0.1971830985915492,E,E,-121.7,118.3
401,2WII_1,A,V,0.0,E,E,-106.7,132.1
402,2WII_1,A,R,0.2056451612903226,E,E,-125.5,146.8
403,2WII_1,A,T,0.0,E,E,-81.8,137.2
404,2WII_1,A,K,0.3853658536585366,-,C,-112.4,38.3
405,2WII_1,A,K,0.1951219512195122,-,C,-61.3,107.7
406,2WII_1,A,Q,0.8282828282828283,T,C,-57.2,151.0
407,2WII_1,A,E,0.8144329896907216,T,C,92.1,-13.2
408,2WII_1,A,L,0.1829268292682926,S,C,-111.5,152.0
409,2WII_1,A,S,0.4153846153846154,-,C,-83.8,159.9
410,2WII_1,A,E,0.6237113402061856,T,C,-59.6,-26.5
411,2WII_1,A,A,0.6981132075471698,T,C,-71.8,-22.0
412,2WII_1,A,E,0.2268041237113402,T,C,-99.8,-5.1
413,2WII_1,A,Q,0.0555555555555555,S,C,-74.6,135.5
414,2WII_1,A,A,0.0660377358490566,-,C,-75.6,144.1
415,2WII_1,A,T,0.5140845070422535,E,E,-140.6,151.0
416,2WII_1,A,R,0.4475806451612903,E,E,-158.7,151.4
417,2WII_1,A,T,0.5633802816901409,E,E,-130.3,133.1
418,2WII_1,A,M,0.0851063829787234,E,E,-127.6,167.7
419,2WII_1,A,Q,0.5757575757575758,E,E,-129.8,137.1
420,2WII_1,A,A,0.0,E,E,-119.4,138.2
421,2WII_1,A,L,0.4451219512195122,E,E,-102.1,149.4
422,2WII_1,A,P,0.1470588235294117,E,E,-66.2,137.9
423,2WII_1,A,Y,0.0135135135135135,-,C,-71.5,112.0
424,2WII_1,A,S,0.5,-,C,-66.5,129.0
425,2WII_1,A,T,0.0704225352112676,-,C,-101.9,154.1
426,2WII_1,A,V,0.2816901408450704,G,H,-66.9,114.3
427,2WII_1,A,G,0.7023809523809523,G,H,62.1,28.0
428,2WII_1,A,N,0.821656050955414,G,H,53.5,49.7
429,2WII_1,A,S,0.1384615384615384,-,C,-86.6,-14.3
430,2WII_1,A,N,0.5414012738853503,-,C,67.8,30.2
431,2WII_1,A,N,0.019108280254777,-,C,-100.7,122.6
432,2WII_1,A,Y,0.009009009009009,E,E,-130.8,162.4
433,2WII_1,A,L,0.0060975609756097,E,E,-134.3,134.1
434,2WII_1,A,H,0.0597826086956521,E,E,-127.6,128.0
435,2WII_1,A,L,0.0304878048780487,E,E,-106.8,130.1
436,2WII_1,A,S,0.1615384615384615,E,E,-130.2,136.1
437,2WII_1,A,V,0.0845070422535211,E,E,-127.5,143.0
438,2WII_1,A,L,0.7134146341463414,-,C,-65.6,129.8
439,2WII_1,A,R,0.1370967741935483,-,C,-86.0,89.3
440,2WII_1,A,T,0.5070422535211268,S,C,-151.9,146.5
441,2WII_1,A,E,0.3762886597938144,-,C,-52.1,111.1
442,2WII_1,A,L,0.0426829268292682,B,E,-93.7,129.4
443,2WII_1,A,R,0.6169354838709677,-,C,-121.2,148.0
444,2WII_1,A,P,0.2941176470588235,T,C,-56.3,121.3
445,2WII_1,A,G,0.8571428571428571,T,C,119.0,-14.6
446,2WII_1,A,E,0.422680412371134,-,C,-93.0,158.3
447,2WII_1,A,T,0.6126760563380281,E,E,-106.7,124.3
448,2WII_1,A,L,0.0792682926829268,E,E,-103.3,120.5
449,2WII_1,A,N,0.5477707006369427,E,E,-81.9,118.7
450,2WII_1,A,V,0.0070422535211267,E,E,-100.3,125.1
451,2WII_1,A,N,0.2356687898089172,E,E,-98.4,125.2
452,2WII_1,A,F,0.0,E,E,-104.4,106.8
453,2WII_1,A,L,0.2378048780487804,E,E,-102.4,124.2
454,2WII_1,A,L,0.0975609756097561,E,E,-108.0,139.4
455,2WII_1,A,R,0.2701612903225806,E,E,-135.8,121.0
456,2WII_1,A,M,0.1436170212765957,-,C,-172.9,161.4
457,2WII_1,A,D,0.4355828220858895,-,C,-59.0,147.5
458,2WII_1,A,R,0.935483870967742,H,H,-58.9,-30.6
459,2WII_1,A,A,0.8018867924528302,H,H,-59.4,-32.7
460,2WII_1,A,H,0.2826086956521739,H,H,-116.2,-3.3
461,2WII_1,A,E,0.2474226804123711,H,H,-59.7,-33.8
462,2WII_1,A,A,0.4528301886792453,T,C,-65.6,-26.9
463,2WII_1,A,K,0.375609756097561,T,C,-63.5,-37.8
464,2WII_1,A,I,0.0236686390532544,-,C,-67.0,117.1
465,2WII_1,A,R,0.5161290322580645,-,C,-122.4,-0.0
466,2WII_1,A,Y,0.2387387387387387,E,E,-170.0,157.6
467,2WII_1,A,Y,0.0,E,E,-117.5,137.6
468,2WII_1,A,T,0.0,E,E,-95.3,119.9
469,2WII_1,A,Y,0.081081081081081,E,E,-117.7,145.4
470,2WII_1,A,L,0.0,E,E,-134.4,142.2
471,2WII_1,A,I,0.0,E,E,-109.3,125.4
472,2WII_1,A,M,0.0372340425531914,E,E,-107.3,120.2
473,2WII_1,A,N,0.0063694267515923,E,E,-136.3,139.3
474,2WII_1,A,K,0.1121951219512195,T,C,49.2,26.8
475,2WII_1,A,G,0.0357142857142857,T,C,89.6,11.3
476,2WII_1,A,R,0.1451612903225806,E,E,-143.4,157.8
477,2WII_1,A,L,0.0426829268292682,E,E,-66.1,119.1
478,2WII_1,A,L,0.274390243902439,E,E,-94.7,-39.3
479,2WII_1,A,K,0.4634146341463415,E,E,-153.0,151.8
480,2WII_1,A,A,0.330188679245283,E,E,-147.3,134.3
481,2WII_1,A,G,0.0952380952380952,E,E,-154.9,-170.5
482,2WII_1,A,R,0.1411290322580645,E,E,-125.4,138.6
483,2WII_1,A,Q,0.1515151515151515,E,E,-114.5,104.7
484,2WII_1,A,V,0.6126760563380281,E,E,-61.0,147.7
485,2WII_1,A,R,0.0201612903225806,-,C,-140.4,137.6
486,2WII_1,A,E,0.4690721649484536,-,C,-99.1,144.1
487,2WII_1,A,P,0.4191176470588235,T,C,-54.3,126.6
488,2WII_1,A,G,0.5595238095238095,T,C,103.7,-15.6
489,2WII_1,A,Q,0.404040404040404,-,C,-79.0,115.2
490,2WII_1,A,D,0.6809815950920245,S,C,-73.8,-33.4
491,2WII_1,A,L,0.4878048780487805,E,E,-132.4,139.9
492,2WII_1,A,V,0.0774647887323943,E,E,-135.5,141.9
493,2WII_1,A,V,0.4084507042253521,E,E,-108.3,135.9
494,2WII_1,A,L,0.0792682926829268,E,E,-111.1,111.0
495,2WII_1,A,P,0.6397058823529411,E,E,-72.3,92.5
496,2WII_1,A,L,0.0182926829268292,E,E,-95.1,120.5
497,2WII_1,A,S,0.5615384615384615,E,E,-81.2,126.9
498,2WII_1,A,I,0.0177514792899408,P,P,-98.6,117.9
499,2WII_1,A,T,0.4366197183098591,-,C,-113.3,178.8
500,2WII_1,A,T,0.3169014084507042,G,H,-58.9,-20.0
501,2WII_1,A,D,0.4723926380368098,G,H,-65.7,-23.0
502,2WII_1,A,F,0.0406091370558375,G,H,-79.1,-18.0
503,2WII_1,A,I,0.0059171597633136,-,C,-60.8,138.2
504,2WII_1,A,P,0.0147058823529411,S,C,-93.8,-11.5
505,2WII_1,A,S,0.0461538461538461,E,E,-166.6,170.5
506,2WII_1,A,F,0.015228426395939,E,E,-160.3,157.0
507,2WII_1,A,R,0.0766129032258064,E,E,-111.5,139.3
508,2WII_1,A,L,0.0060975609756097,E,E,-115.4,110.6
509,2WII_1,A,V,0.0,E,E,-110.1,126.5
510,2WII_1,A,A,0.0,E,E,-126.1,155.1
511,2WII_1,A,Y,0.0,E,E,-159.6,161.2
512,2WII_1,A,Y,0.009009009009009,E,E,-138.0,161.5
513,2WII_1,A,T,0.0985915492957746,E,E,-137.3,153.4
514,2WII_1,A,L,0.0,E,E,-163.6,175.2
515,2WII_1,A,I,0.378698224852071,E,E,-118.6,96.2
516,2WII_1,A,G,0.0357142857142857,E,E,-122.8,177.0
517,2WII_1,A,A,0.6886792452830188,T,C,56.4,-125.5
518,2WII_1,A,S,0.8692307692307693,T,C,-81.5,55.7
519,2WII_1,A,G,0.6904761904761905,T,C,50.8,31.0
520,2WII_1,A,Q,0.2575757575757575,E,E,-90.0,130.2
521,2WII_1,A,R,0.125,E,E,-71.7,123.4
522,2WII_1,A,E,0.0103092783505154,E,E,-122.6,139.1
523,2WII_1,A,V,0.0070422535211267,E,E,-124.0,119.8
524,2WII_1,A,V,0.0070422535211267,E,E,-114.7,126.9
525,2WII_1,A,A,0.0094339622641509,E,E,-134.8,157.4
526,2WII_1,A,D,0.0184049079754601,E,E,-152.5,159.6
527,2WII_1,A,S,0.0307692307692307,E,E,-148.3,150.3
528,2WII_1,A,V,0.1126760563380281,E,E,-136.2,144.1
529,2WII_1,A,W,0.2070484581497797,E,E,-100.5,122.5
530,2WII_1,A,V,0.0915492957746478,E,E,-113.3,130.1
531,2WII_1,A,D,0.294478527607362,E,E,-93.3,142.4
532,2WII_1,A,V,0.0211267605633802,B,E,-121.3,141.4
533,2WII_1,A,K,0.4390243902439024,-,C,-49.6,124.6
534,2WII_1,A,D,0.4110429447852761,-,C,-75.4,132.9
535,2WII_1,A,S,0.3846153846153846,-,C,-176.4,172.2
536,2WII_1,A,C,0.1629629629629629,-,C,-71.0,143.5
537,2WII_1,A,V,0.2323943661971831,S,C,-57.1,-40.9
538,2WII_1,A,G,0.2261904761904762,S,C,-100.7,-127.5
539,2WII_1,A,S,0.3307692307692307,-,C,-166.5,144.6
540,2WII_1,A,L,0.073170731707317,E,E,-143.0,126.5
541,2WII_1,A,V,0.4154929577464789,E,E,-136.8,140.6
542,2WII_1,A,V,0.0704225352112676,E,E,-121.3,120.4
543,2WII_1,A,K,0.4097560975609756,E,E,-141.3,176.3
544,2WII_1,A,S,0.3923076923076923,E,E,-73.8,145.0
545,2WII_1,A,G,0.3452380952380952,-,C,-110.1,7.5
546,2WII_1,A,Q,0.1717171717171717,S,C,-128.5,166.7
547,2WII_1,A,S,0.5923076923076923,-,C,-52.6,143.6
548,2WII_1,A,E,0.9742268041237112,T,C,-71.5,-25.9
549,2WII_1,A,D,0.9754601226993864,T,C,-60.0,-34.9
550,2WII_1,A,R,0.3870967741935484,-,C,-71.1,124.3
551,2WII_1,A,Q,0.4646464646464646,-,C,-104.7,127.7
552,2WII_1,A,P,0.088235294117647,-,C,-52.2,134.3
553,2WII_1,A,V,0.3591549295774648,-,C,-119.6,140.9
554,2WII_1,A,P,0.1176470588235294,T,C,-51.0,125.0
555,2WII_1,A,G,0.1904761904761904,T,C,84.1,3.0
556,2WII_1,A,Q,0.2626262626262626,-,C,-88.6,154.2
557,2WII_1,A,Q,0.1717171717171717,E,E,-77.5,142.1
558,2WII_1,A,M,0.0212765957446808,E,E,-136.2,149.4
559,2WII_1,A,T,0.1619718309859155,E,E,-111.1,123.2
560,2WII_1,A,L,0.0,E,E,-105.0,137.1
561,2WII_1,A,K,0.3219512195121951,E,E,-102.4,110.8
562,2WII_1,A,I,0.0,E,E,-105.0,110.3
563,2WII_1,A,E,0.2061855670103092,E,E,-115.2,118.7
564,2WII_1,A,G,0.0,E,E,-156.0,-163.4
565,2WII_1,A,D,0.0368098159509202,E,E,-67.3,144.8
566,2WII_1,A,H,0.5054347826086957,T,C,-71.9,132.1
567,2WII_1,A,G,0.5119047619047619,T,C,81.1,2.7
568,2WII_1,A,A,0.0,-,C,-80.0,143.8
569,2WII_1,A,R,0.157258064516129,E,E,-92.0,121.8
570,2WII_1,A,V,0.0,E,E,-108.1,119.7
571,2WII_1,A,V,0.0070422535211267,E,E,-101.0,135.1
572,2WII_1,A,L,0.0060975609756097,E,E,-118.0,164.3
573,2WII_1,A,V,0.0211267605633802,E,E,-164.5,143.2
574,2WII_1,A,A,0.0,E,E,-121.7,126.2
575,2WII_1,A,V,0.0492957746478873,E,E,-124.3,134.7
576,2WII_1,A,D,0.0429447852760736,E,E,-68.3,125.6
577,2WII_1,A,K,0.1560975609756097,H,H,-50.5,-28.8
578,2WII_1,A,G,0.0,H,H,-56.8,-33.5
579,2WII_1,A,V,0.0,H,H,-62.4,-40.4
580,2WII_1,A,F,0.1116751269035533,H,H,-69.4,-24.0
581,2WII_1,A,V,0.2887323943661972,H,H,-64.6,-35.9
582,2WII_1,A,L,0.4024390243902439,H,H,-84.2,-32.0
583,2WII_1,A,N,0.0509554140127388,-,C,-163.3,126.8
584,2WII_1,A,K,0.751219512195122,-,C,-126.7,13.9
585,2WII_1,A,K,0.5219512195121951,-,C,-81.0,150.1
586,2WII_1,A,N,0.4076433121019108,S,C,66.5,42.6
587,2WII_1,A,K,0.2878048780487804,-,C,-96.1,126.6
588,2WII_1,A,L,0.1646341463414634,-,C,-64.9,124.0
589,2WII_1,A,T,0.3943661971830985,-,C,-136.1,153.6
590,2WII_1,A,Q,0.1111111111111111,H,H,-57.1,-30.3
591,2WII_1,A,S,0.6,H,H,-68.1,-37.1
592,2WII_1,A,K,0.4536585365853658,H,H,-69.1,-31.5
593,2WII_1,A,I,0.0,H,H,-66.0,-45.6
594,2WII_1,A,W,0.0220264317180616,H,H,-67.4,-31.2
595,2WII_1,A,D,0.5153374233128835,H,H,-59.2,-50.1
596,2WII_1,A,V,0.3380281690140845,H,H,-57.0,-44.8
597,2WII_1,A,V,0.028169014084507,H,H,-62.0,-39.1
598,2WII_1,A,E,0.3195876288659793,H,H,-69.5,-34.5
599,2WII_1,A,K,0.7317073170731707,H,H,-62.2,-41.3
600,2WII_1,A,A,0.2358490566037736,H,H,-71.4,-16.6
601,2WII_1,A,D,0.1533742331288343,-,C,-45.1,134.1
602,2WII_1,A,I,0.029585798816568,S,C,-79.9,-24.1
603,2WII_1,A,G,0.0714285714285714,-,C,-67.1,146.3
604,2WII_1,A,C,0.3703703703703703,-,C,-124.7,-9.7
605,2WII_1,A,T,0.2112676056338028,S,C,-130.6,156.3
606,2WII_1,A,P,0.125,S,C,-62.9,-27.2
607,2WII_1,A,G,0.0119047619047619,B,E,158.4,177.6
608,2WII_1,A,S,0.0076923076923076,-,C,59.9,-165.6
609,2WII_1,A,G,0.0,-,C,172.9,171.4
610,2WII_1,A,K,0.5951219512195122,S,C,-62.0,-30.6
611,2WII_1,A,D,0.3312883435582822,S,C,-158.1,174.8
612,2WII_1,A,Y,0.1621621621621621,H,H,-53.2,-40.7
613,2WII_1,A,A,0.1320754716981132,H,H,-61.9,-42.9
614,2WII_1,A,G,0.1071428571428571,H,H,-67.6,-30.1
615,2WII_1,A,V,0.0,H,H,-62.8,-45.0
616,2WII_1,A,F,0.0,H,H,-67.7,-48.4
617,2WII_1,A,S,0.2307692307692307,H,H,-64.2,-41.8
618,2WII_1,A,D,0.2453987730061349,H,H,-63.2,-29.8
619,2WII_1,A,A,0.0,H,H,-84.2,-12.8
620,2WII_1,A,G,0.0,T,C,92.5,43.9
621,2WII_1,A,L,0.0,E,E,-137.1,155.3
622,2WII_1,A,T,0.0422535211267605,E,E,-117.6,132.8
623,2WII_1,A,F,0.0,E,E,-118.7,131.9
624,2WII_1,A,T,0.0422535211267605,E,E,-144.0,124.3
625,2WII_1,A,S,0.0615384615384615,E,E,-116.9,159.3
626,2WII_1,A,S,0.2692307692307692,S,C,-68.9,-29.5
627,2WII_1,A,S,0.5,S,C,-70.3,-35.8
628,2WII_1,A,G,0.5833333333333334,S,C,147.0,-17.1
629,2WII_1,A,Q,0.1868686868686868,-,C,-70.8,125.3
630,2WII_1,A,Q,0.3383838383838384,B,E,-156.3,157.2
631,2WII_1,A,T,0.0,P,P,-76.7,152.9
632,2WII_1,A,A,0.660377358490566,P,P,-64.3,164.8
633,2WII_1,A,Q,0.3131313131313131,P,P,-74.6,144.6
634,2WII_1,A,R,0.1612903225806451,-,C,-115.2,118.1
635,2WII_1,A,A,0.1226415094339622,-,C,-115.9,8.8
636,2WII_1,A,E,0.634020618556701,-,C,-109.7,125.9
637,2WII_1,A,L,0.3292682926829268,S,C,-74.5,-27.4
638,2WII_1,A,Q,0.6717171717171717,S,C,-108.5,161.4
639,2WII_1,A,C,0.3703703703703703,-,C,-78.5,151.0
640,2WII_1,A,P,0.8382352941176471,-,C,-58.5,147.6
641,2WII_1,A,Q,1.0,-,C,-64.6,360.0
1542,2WII_3,C,C,0.1333333333333333,-,C,360.0,175.4
1543,2WII_3,C,N,0.7898089171974523,-,C,-122.4,54.9
1544,2WII_3,C,E,0.5412371134020618,S,C,-176.1,-172.2
1545,2WII_3,C,L,0.4756097560975609,-,C,-110.2,139.0
1546,2WII_3,C,P,0.0441176470588235,-,C,-44.2,132.3
1547,2WII_3,C,P,0.4852941176470588,-,C,-60.9,144.7
1548,2WII_3,C,R,0.9112903225806452,-,C,-80.4,104.1
1549,2WII_3,C,R,0.3790322580645161,-,C,-68.7,159.1
1550,2WII_3,C,N,0.9235668789808916,S,C,-72.5,-29.6
1551,2WII_3,C,T,0.2746478873239437,S,C,-124.1,4.1
1552,2WII_3,C,E,0.0721649484536082,E,E,-117.6,167.7
1553,2WII_3,C,I,0.5029585798816568,E,E,-139.3,155.9
1554,2WII_3,C,L,0.3170731707317073,E,E,-88.8,150.2
1555,2WII_3,C,T,0.5563380281690141,-,C,-108.3,-28.7
1556,2WII_3,C,G,0.3214285714285714,S,C,-74.8,160.5
1557,2WII_3,C,S,0.8538461538461538,-,C,-76.0,-40.2
1558,2WII_3,C,W,0.2599118942731278,-,C,64.9,58.5
1559,2WII_3,C,S,0.7846153846153846,-,C,-95.0,-25.7
1560,2WII_3,C,D,0.6012269938650306,-,C,-71.3,159.6
1561,2WII_3,C,Q,0.5808080808080808,S,C,-93.4,-65.2
1562,2WII_3,C,T,0.5633802816901409,S,C,-101.7,134.1
1563,2WII_3,C,Y,0.09009009009009,-,C,-113.0,137.5
1564,2WII_3,C,P,0.6544117647058824,-,C,-56.4,171.6
1565,2WII_3,C,E,0.6855670103092784,T,C,-83.5,138.0
1566,2WII_3,C,G,0.5119047619047619,T,C,88.8,3.2
1567,2WII_3,C,T,0.2887323943661972,-,C,-69.0,126.4
1568,2WII_3,C,Q,0.5858585858585859,E,E,-92.6,123.5
1569,2WII_3,C,A,0.0,E,E,-100.9,98.0
1570,2WII_3,C,I,0.3668639053254438,E,E,-70.2,124.1
1571,2WII_3,C,Y,0.009009009009009,E,E,-107.0,119.0
1572,2WII_3,C,K,0.5024390243902439,E,E,-78.6,156.7
1573,2WII_3,C,C,0.1777777777777777,E,E,-89.1,118.9
1574,2WII_3,C,R,0.4153225806451613,P,P,-59.7,152.6
1575,2WII_3,C,P,0.6764705882352942,T,C,-51.9,133.8
1576,2WII_3,C,G,0.0476190476190476,T,C,88.6,16.2
1577,2WII_3,C,Y,0.1846846846846846,E,E,-136.7,154.4
1578,2WII_3,C,R,0.0927419354838709,E,E,-131.8,162.5
1579,2WII_3,C,S,0.0769230769230769,-,C,-169.9,172.5
1580,2WII_3,C,L,0.1402439024390244,S,C,-73.0,-34.4
1581,2WII_3,C,G,0.1785714285714285,S,C,-168.9,-173.1
1582,2WII_3,C,N,0.2929936305732484,-,C,-65.4,121.7
1583,2WII_3,C,I,0.0710059171597633,E,E,-67.6,99.0
1584,2WII_3,C,I,0.1538461538461538,E,E,-95.0,124.1
1585,2WII_3,C,M,0.0372340425531914,E,E,-92.7,162.2
1586,2WII_3,C,V,0.1197183098591549,E,E,-146.1,148.2
1587,2WII_3,C,C,0.0,E,E,-97.3,115.3
1588,2WII_3,C,R,0.5483870967741935,-,C,-157.4,140.7
1589,2WII_3,C,K,0.8146341463414634,S,C,61.7,48.7
1590,2WII_3,C,G,0.8214285714285714,S,C,56.8,43.3
1591,2WII_3,C,E,0.5515463917525774,S,C,-176.1,156.7
1592,2WII_3,C,W,0.105726872246696,E,E,-92.6,96.0
1593,2WII_3,C,V,0.1971830985915492,E,E,-83.3,172.2
1594,2WII_3,C,A,0.3396226415094339,E,E,-100.4,107.5
1595,2WII_3,C,L,0.4939024390243902,S,C,-62.0,-31.0
1596,2WII_3,C,N,0.2101910828025477,-,C,-116.5,79.2
1597,2WII_3,C,P,0.6985294117647058,S,C,-65.6,-44.7
1598,2WII_3,C,L,1.0,S,C,-68.8,-44.5
1599,2WII_3,C,R,0.1411290322580645,-,C,-63.2,125.9
1600,2WII_3,C,K,0.6585365853658537,-,C,-146.5,151.6
1601,2WII_3,C,C,0.1111111111111111,-,C,-93.6,123.0
1602,2WII_3,C,Q,0.4848484848484848,E,E,-111.4,159.6
1603,2WII_3,C,K,0.3951219512195122,E,E,-56.6,130.7
1604,2WII_3,C,R,0.0564516129032258,P,P,-64.4,126.3
1605,2WII_3,C,P,0.2941176470588235,B,E,-76.6,122.9
1606,2WII_3,C,C,0.0592592592592592,P,P,-97.0,142.5
1607,2WII_3,C,G,0.25,-,C,-57.7,-177.0
1608,2WII_3,C,H,0.0706521739130434,-,C,-65.3,130.9
1609,2WII_3,C,P,0.0,-,C,-55.7,-26.7
1610,2WII_3,C,G,0.0238095238095238,-,C,95.7,142.1
1611,2WII_3,C,D,0.3865030674846625,P,P,-100.7,139.6
1612,2WII_3,C,T,0.0492957746478873,P,P,-103.8,139.9
1613,2WII_3,C,P,0.6176470588235294,T,C,-51.6,131.6
1614,2WII_3,C,F,0.3147208121827411,T,C,63.5,36.2
1615,2WII_3,C,G,0.119047619047619,E,E,-157.2,154.5
1616,2WII_3,C,T,0.2957746478873239,E,E,-129.5,164.3
1617,2WII_3,C,F,0.1370558375634517,E,E,-136.9,157.0
1618,2WII_3,C,T,0.6619718309859155,E,E,-127.6,156.6
1619,2WII_3,C,L,0.1219512195121951,E,E,-100.2,139.4
1620,2WII_3,C,T,0.4647887323943662,E,E,-117.9,134.7
1621,2WII_3,C,G,0.7857142857142857,S,C,74.9,40.0
1622,2WII_3,C,G,0.5714285714285714,S,C,141.1,179.8
1623,2WII_3,C,N,0.4904458598726114,S,C,-127.0,14.7
1624,2WII_3,C,V,0.4647887323943662,S,C,-132.4,147.3
1625,2WII_3,C,F,0.065989847715736,S,C,-77.1,71.0
1626,2WII_3,C,E,0.3144329896907216,B,E,-117.5,170.0
1627,2WII_3,C,Y,0.3558558558558558,T,C,-60.8,119.5
1628,2WII_3,C,G,0.5714285714285714,T,C,116.2,0.6
1629,2WII_3,C,V,0.056338028169014,-,C,-103.7,154.2
1630,2WII_3,C,K,0.2634146341463415,E,E,-122.8,136.7
1631,2WII_3,C,A,0.0,E,E,-105.3,104.9
1632,2WII_3,C,V,0.2887323943661972,E,E,-88.9,128.5
1633,2WII_3,C,Y,0.0225225225225225,E,E,-102.5,150.9
1634,2WII_3,C,T,0.5704225352112676,E,E,-144.0,131.4
1635,2WII_3,C,C,0.1777777777777777,E,E,-79.7,152.6
1636,2WII_3,C,N,0.3630573248407643,P,P,-73.7,169.1
1637,2WII_3,C,E,0.4432989690721649,T,C,-59.5,134.4
1638,2WII_3,C,G,0.0119047619047619,T,C,83.9,4.0
1639,2WII_3,C,Y,0.2612612612612612,E,E,-123.2,134.7
1640,2WII_3,C,Q,0.6868686868686869,E,E,-110.8,145.6
1641,2WII_3,C,L,0.3048780487804878,E,E,-77.2,123.0
1642,2WII_3,C,L,0.5487804878048781,E,E,-80.3,116.1
1643,2WII_3,C,G,0.5,S,C,95.1,-176.9
1644,2WII_3,C,E,0.9123711340206184,S,C,-121.0,-10.2
1645,2WII_3,C,I,0.5443786982248521,-,C,-86.9,105.4
1646,2WII_3,C,N,0.3503184713375796,-,C,-108.3,13.5
1647,2WII_3,C,Y,0.3693693693693693,E,E,-124.8,159.3
1648,2WII_3,C,R,0.1733870967741935,E,E,-130.4,112.6
1649,2WII_3,C,E,0.3917525773195876,E,E,-96.7,120.3
1650,2WII_3,C,C,0.0148148148148148,B,E,-68.6,110.7
1651,2WII_3,C,D,0.3987730061349693,-,C,-110.9,-178.6
1652,2WII_3,C,T,0.3591549295774648,S,C,-53.4,-37.7
1653,2WII_3,C,D,0.7177914110429447,S,C,-91.1,-38.9
1654,2WII_3,C,G,0.2857142857142857,S,C,173.0,-167.0
1655,2WII_3,C,W,0.145374449339207,B,E,-66.3,135.6
1656,2WII_3,C,T,0.2816901408450704,-,C,-79.3,145.2
1657,2WII_3,C,N,0.3949044585987261,S,C,67.5,-164.0
1658,2WII_3,C,D,0.8159509202453987,-,C,-117.5,165.6
1659,2WII_3,C,I,0.3372781065088757,-,C,-62.5,118.9
1660,2WII_3,C,P,0.0588235294117647,-,C,-52.6,142.3
1661,2WII_3,C,I,0.4674556213017751,E,E,-108.0,135.3
1662,2WII_3,C,C,0.074074074074074,E,E,-109.9,131.8
1663,2WII_3,C,E,0.5412371134020618,E,E,-123.3,135.6
1664,2WII_3,C,V,0.2253521126760563,E,E,-61.0,134.1
1665,2WII_3,C,V,0.1056338028169014,-,C,-60.3,151.1
1666,2WII_3,C,K,0.5804878048780487,E,E,-131.4,153.4
1667,2WII_3,C,C,0.0,E,E,-115.6,149.1
1668,2WII_3,C,L,0.7195121951219512,-,C,-55.7,138.7
1669,2WII_3,C,P,0.3529411764705882,-,C,-55.8,149.9
1670,2WII_3,C,V,0.1197183098591549,-,C,-116.9,134.2
1671,2WII_3,C,T,0.4718309859154929,P,P,-95.4,160.3
1672,2WII_3,C,A,0.5754716981132075,P,P,-71.9,129.1
1673,2WII_3,C,P,0.0661764705882353,P,P,-61.9,147.9
1674,2WII_3,C,E,0.7989690721649485,T,C,-58.3,134.5
1675,2WII_3,C,N,0.3439490445859872,T,C,61.8,23.6
1676,2WII_3,C,G,0.0833333333333333,E,E,-148.1,170.2
1677,2WII_3,C,K,0.6146341463414634,E,E,-141.5,166.7
1678,2WII_3,C,I,0.2130177514792899,-,C,-105.8,97.2
1679,2WII_3,C,V,0.3661971830985915,-,C,-63.4,-42.9
1680,2WII_3,C,S,0.0769230769230769,S,C,-80.4,-160.3
1681,2WII_3,C,S,0.1769230769230769,S,C,84.1,149.7
1682,2WII_3,C,A,0.1886792452830188,S,C,-84.5,55.3
1683,2WII_3,C,M,0.1808510638297872,S,C,57.2,-157.6
1684,2WII_3,C,E,0.2938144329896907,-,C,59.4,106.4
1685,2WII_3,C,P,0.5294117647058824,T,C,-64.7,120.3
1686,2WII_3,C,D,0.5337423312883436,T,C,53.1,57.3
1687,2WII_3,C,R,0.3991935483870967,-,C,-109.4,124.0
1688,2WII_3,C,E,0.5,-,C,-51.7,117.0
1689,2WII_3,C,Y,0.0315315315315315,E,E,-77.5,166.7
1690,2WII_3,C,H,0.2880434782608695,E,E,-129.0,167.4
1691,2WII_3,C,F,0.1776649746192893,T,C,-45.6,124.4
1692,2WII_3,C,G,0.0595238095238095,T,C,113.1,-44.0
1693,2WII_3,C,Q,0.0202020202020202,B,E,-55.1,136.5
1694,2WII_3,C,A,0.0094339622641509,E,E,-111.8,153.2
1695,2WII_3,C,V,0.0,E,E,-132.5,136.0
1696,2WII_3,C,R,0.2661290322580645,E,E,-118.9,153.0
1697,2WII_3,C,F,0.0203045685279187,-,C,-124.9,138.1
1698,2WII_3,C,V,0.3450704225352112,E,E,-134.1,128.2
1699,2WII_3,C,C,0.1111111111111111,E,E,-85.6,155.9
1700,2WII_3,C,N,0.3694267515923566,P,P,-73.9,172.2
1701,2WII_3,C,S,0.8846153846153846,T,C,-57.8,131.9
1702,2WII_3,C,G,0.2261904761904762,T,C,88.5,5.9
1703,2WII_3,C,Y,0.2162162162162162,E,E,-130.2,145.2
1704,2WII_3,C,K,0.2585365853658536,E,E,-124.4,143.2
1705,2WII_3,C,I,0.2899408284023668,E,E,-67.4,151.1
1706,2WII_3,C,E,0.6391752577319587,E,E,-129.1,104.8
1707,2WII_3,C,G,0.6547619047619048,S,C,124.7,-164.6
1708,2WII_3,C,D,0.4723926380368098,-,C,-70.2,141.3
1709,2WII_3,C,E,0.3865979381443299,S,C,-83.7,-36.6
1710,2WII_3,C,E,0.3041237113402061,E,E,-122.5,158.5
1711,2WII_3,C,M,0.0319148936170212,E,E,-158.9,163.7
1712,2WII_3,C,H,0.0869565217391304,E,E,-148.4,153.6
1713,2WII_3,C,C,0.0,B,E,-62.6,113.3
1714,2WII_3,C,S,0.3,-,C,-80.5,-175.5
1715,2WII_3,C,D,0.4294478527607362,T,C,-68.0,-34.2
1716,2WII_3,C,D,0.7791411042944786,T,C,-92.1,5.0
1717,2WII_3,C,G,0.0952380952380952,S,C,91.3,9.2
1718,2WII_3,C,F,0.6852791878172588,S,C,-108.0,148.3
1719,2WII_3,C,W,0.2158590308370044,B,E,-68.3,141.6
1720,2WII_3,C,S,0.2923076923076923,S,C,-62.7,-33.3
1721,2WII_3,C,K,0.4439024390243902,S,C,-130.1,163.9
1722,2WII_3,C,E,0.8298969072164949,P,P,-79.4,147.8
1723,2WII_3,C,K,0.3853658536585366,P,P,-64.3,132.5
1724,2WII_3,C,P,0.0367647058823529,P,P,-84.2,168.8
1725,2WII_3,C,K,0.7024390243902439,E,E,-118.5,154.8
1726,2WII_3,C,C,0.1407407407407407,E,E,-108.2,100.7
1727,2WII_3,C,V,0.4084507042253521,E,E,-103.1,142.2
1728,2WII_3,C,E,0.6597938144329897,E,E,-52.0,135.7
1729,2WII_3,C,I,0.059171597633136,P,P,-61.4,128.8
1730,2WII_3,C,S,0.4461538461538462,E,E,-149.7,157.3
1731,2WII_3,C,C,0.0592592592592592,E,E,-141.0,134.7
1732,2WII_3,C,K,0.7560975609756098,P,P,-79.0,156.7
1733,2WII_3,C,S,0.1923076923076923,P,P,-66.6,120.2
1734,2WII_3,C,P,0.1176470588235294,P,P,-65.9,140.2
1735,2WII_3,C,D,0.9570552147239264,-,C,-89.8,100.5
1736,2WII_3,C,V,0.0845070422535211,-,C,-83.4,114.6
1737,2WII_3,C,I,0.7633136094674556,T,C,-69.5,134.5
1738,2WII_3,C,N,0.3885350318471338,T,C,64.2,22.7
1739,2WII_3,C,G,0.1666666666666666,E,E,-153.5,175.9
1740,2WII_3,C,S,0.2769230769230769,E,E,-141.2,146.0
1741,2WII_3,C,P,0.4044117647058823,E,E,-68.9,135.9
1742,2WII_3,C,I,0.1834319526627219,S,C,-83.3,-38.4
1743,2WII_3,C,S,0.0461538461538461,S,C,-80.5,155.7
1744,2WII_3,C,Q,0.8080808080808081,-,C,-95.4,-22.9
1745,2WII_3,C,K,0.3609756097560975,-,C,-62.4,139.0
1746,2WII_3,C,I,0.5857988165680473,-,C,-104.4,-41.9
1747,2WII_3,C,I,0.5443786982248521,-,C,-90.6,132.1
1748,2WII_3,C,Y,0.009009009009009,E,E,-128.1,140.4
1749,2WII_3,C,K,0.7365853658536585,E,E,-93.1,177.2
1750,2WII_3,C,E,0.3865979381443299,T,C,-59.4,137.4
1751,2WII_3,C,N,0.6242038216560509,T,C,71.4,6.2
1752,2WII_3,C,E,0.268041237113402,-,C,-80.7,141.3
1753,2WII_3,C,R,0.1653225806451612,E,E,-102.4,134.5
1754,2WII_3,C,F,0.0,E,E,-104.9,120.0
1755,2WII_3,C,Q,0.0404040404040404,E,E,-96.4,145.9
1756,2WII_3,C,Y,0.018018018018018,E,E,-156.2,155.6
1757,2WII_3,C,K,0.448780487804878,E,E,-116.5,164.6
1758,2WII_3,C,C,0.2,E,E,-111.0,139.3
1759,2WII_3,C,N,0.464968152866242,-,C,-61.1,144.9
1760,2WII_3,C,M,0.9627659574468084,T,C,-51.1,136.4
1761,2WII_3,C,G,0.6071428571428571,T,C,99.5,-10.3
1762,2WII_3,C,Y,0.3558558558558558,E,E,-128.8,160.4
1763,2WII_3,C,E,0.6134020618556701,E,E,-148.6,165.0
1764,2WII_3,C,Y,0.2252252252252252,E,E,-55.5,134.1
1765,2WII_3,C,S,0.1538461538461538,S,C,-87.7,97.6
1766,2WII_3,C,E,0.3092783505154639,S,C,67.5,-108.3
1767,2WII_3,C,R,0.064516129032258,-,C,-71.0,168.6
1768,2WII_3,C,G,0.0238095238095238,S,C,-119.9,16.7
1769,2WII_3,C,D,0.0490797546012269,E,E,-162.7,168.6
1770,2WII_3,C,A,0.0,E,E,-123.5,157.4
1771,2WII_3,C,V,0.1478873239436619,E,E,-126.9,138.1
1772,2WII_3,C,C,0.0,E,E,-77.8,125.3
1773,2WII_3,C,T,0.2464788732394366,E,E,-133.4,166.8
1774,2WII_3,C,E,0.3556701030927835,T,C,-60.5,-17.4
1775,2WII_3,C,S,0.3769230769230769,T,C,-104.8,-6.8
1776,2WII_3,C,G,0.25,E,E,127.3,-156.5
1777,2WII_3,C,W,0.0881057268722467,E,E,-81.7,114.1
1778,2WII_3,C,R,0.2177419354838709,S,C,-123.3,111.8
1779,2WII_3,C,P,0.1029411764705882,S,C,-82.0,175.6
1780,2WII_3,C,L,0.5914634146341463,-,C,-84.1,138.3
1781,2WII_3,C,P,0.1691176470588235,-,C,-56.4,134.9
1782,2WII_3,C,S,0.4,-,C,-153.3,146.2
1783,2WII_3,C,C,0.0814814814814814,E,E,-137.4,114.6
1784,2WII_3,C,E,0.5051546391752577,E,E,-103.6,151.7
1785,2WII_3,C,E,0.8041237113402062,E,E,-67.9,125.6
1786,2WII_3,C,A,0.8301886792452831,-,C,-171.9,360.0
