Index,-,A,C,D,E,F,G,H,I,K,L,M,N,P,Q,R,S,T,V,W,Y
avg_volume_buried,0,115,135,150,190,210,75,195,175,200,170,185,160,145,180,225,115,140,155,255,230
norm_vdw_volume,0,2.87,4.47,4.74,5.97,4.62,2.06,5.23,4.92,6.89,4.92,6.36,4.58,4.11,6.11,7.82,3.97,4.11,4.11,7.68,4.73
num_hb_donors,0,0,0,4,4,0,0,1,0,1,0,0,3,0,3,3,2,2,0,0,2
positive_charge,0,0,0,1,1,0,0,0,0,0,0,0,0,0,0,0,0,0,0,0,0
negative_charge,0,4.76,3.67,5.69,5.48,4.31,3.77,2.84,4.81,4.27,4.79,4.25,3.64,0,4.54,4.3,3.83,3.87,4.86,4.75,4.3
avg_accessible_surface_area,0,51,74,19,16,58,52,34,66,3,60,52,22,25,16,5,35,30,64,49,24
hydrophobicity,0,0.305,0.339,0.335,0.282,0.195,0.352,0.215,0.278,0.391,0.262,0.28,0.322,0.346,0.306,0.227,0.326,0.251,0.291,0.291,0.293
avg_interactions_per_atom,0,0.89,0.85,0.87,0.84,0.52,0.92,0.83,0.76,0.97,0.73,0.74,0.89,0.82,0.82,0.88,0.96,0.92,0.85,0.2,0.49
polarity,0,6,5.05,2.77,3.22,5.48,5.97,7.59,6.02,9.74,5.98,5.74,5.41,6.3,5.65,10.76,5.68,5.66,5.96,5.89,5.66
